id,score,company,title,location,salary,date_posted,source,status,url
72,77,Amazon Web Services (AWS),Software Engineer,"Sydney, New South Wales",,2026-07-21,linkedin,rejected,https://www.linkedin.com/jobs/view/4443029595
3849,67,Westpac Group,Data Engineer (Big Data & Azure Cloud),"Sydney, New South Wales",,2026-08-07,linkedin,rejected,https://www.linkedin.com/jobs/view/4423346035
1396,67,Microsoft,Software Engineer II - Organic Growth,"Sydney, New South Wales",,2026-07-30,linkedin,applied,https://www.linkedin.com/jobs/view/4446766463
5274,66,Amazon Web Services (AWS),"Software Development Engineer, AWS Networks","Sydney, New South Wales",,2026-08-11,linkedin,new,https://www.linkedin.com/jobs/view/4443041334
4848,65,Airwallex,"Software Engineer, Yield","Sydney, New South Wales",,2026-08-10,linkedin,new,https://www.linkedin.com/jobs/view/4356480435
4855,65,Airwallex,"Software Engineer, Spend","Melbourne, Victoria",,2026-08-10,linkedin,new,https://www.linkedin.com/jobs/view/4412009602
5276,64,Curtin University,Software Engineer,"Perth, Western Australia",,2026-08-11,linkedin,new,https://www.linkedin.com/jobs/view/4452470402
48,64,Resmed,Graduate Software Engineer,"Sydney, New South Wales",,2026-07-21,linkedin,new,https://www.linkedin.com/jobs/view/4414656386
4607,63,AI Talent,Full Stack Engineer,"Sydney, New South Wales",,2026-08-10,linkedin,new,https://www.linkedin.com/jobs/view/4451113091
3980,63,Bright Network Consulting,Data Engineering Intern,(Remote),,2026-08-07,linkedin,rejected,https://www.linkedin.com/jobs/view/4449231354
2901,63,Boeing,Software Engineer - Developer,"Brisbane, Queensland",,2026-08-05,linkedin,rejected,https://www.linkedin.com/jobs/view/4448048129
5161,62,Mitti by SafetyCulture,Software Engineer II - Integrations,"Sydney, New South Wales",,2026-08-11,linkedin,new,https://www.linkedin.com/jobs/view/4451608488
4648,62,EPAM Systems,Solutions Architect (AI Native SDLC),Unknown,,2026-08-10,linkedin,new,https://www.linkedin.com/jobs/view/4451100224
4797,62,TikTok USDS Joint Venture,"Data Site Reliability Engineer, Video Platform - USDS","Sydney, New South Wales",,2026-08-09,linkedin,new,https://www.linkedin.com/jobs/view/4451353792
2153,62,UpGuard,Software Engineer (Multiple Levels),"Hobart, Tasmania, (Remote)",,2026-08-04,linkedin,rejected,https://www.linkedin.com/jobs/view/4448272357
2174,62,TikTok,Backend Software Engineer Intern (Platform Engineering) - 2027 Start (BS/MS),"Sydney, New South Wales",,2026-08-04,linkedin,applied,https://www.linkedin.com/jobs/view/4436077729
2206,62,UpGuard,Software Engineer (Multiple Levels),"Melbourne, Victoria, (Remote)",,2026-08-04,linkedin,rejected,https://www.linkedin.com/jobs/view/4448264560
2208,62,UpGuard,Software Engineer (Multiple Levels),"Brisbane, Queensland, (Remote)",,2026-08-04,linkedin,rejected,https://www.linkedin.com/jobs/view/4448268495
2202,62,TikTok,Software Engineer - Live Streaming Backend (Distributed Systems),"Sydney, New South Wales",,2026-08-03,linkedin,applied,https://www.linkedin.com/jobs/view/4448221738
1683,62,SafetyCulture,"Manager, Data Analytics","Sydney, New South Wales, (Remote)",,2026-07-30,linkedin,new,https://www.linkedin.com/jobs/view/4446497834
951,62,Google,"Software Engineer, Netsoft Planning Area","Sydney, New South Wales",,2026-07-27,linkedin,new,https://www.linkedin.com/jobs/view/4445145536
735,62,Microsoft,Software Engineer II _ Azure Fleet Resource Lifecycle Management,Unknown,,2026-07-23,linkedin,new,https://www.linkedin.com/jobs/view/4427003070
192,62,Microsoft,Software Engineer II,"Sydney, New South Wales",,2026-07-22,linkedin,new,https://www.linkedin.com/jobs/view/4443965804
3748,61,Salesforce,Forward Deployed Engineer,"Sydney, New South Wales",,2026-08-07,linkedin,new,https://www.linkedin.com/jobs/view/4441943509
3427,61,Kablamo,Support Full Stack Engineer,"Sydney, New South Wales",,2026-08-06,linkedin,new,https://www.linkedin.com/jobs/view/4449773112
1392,61,CareCone Group,Data Engineer,"Sydney, New South Wales",,2026-07-30,linkedin,new,https://www.linkedin.com/jobs/view/4446704451
1233,61,Google,"Software Engineer, Payments Identity","Sydney, New South Wales",,2026-07-29,linkedin,new,https://www.linkedin.com/jobs/view/4418252453
80,61,Doghouse,Software Engineer,"Perth, Western Australia",,2026-07-21,linkedin,new,https://www.linkedin.com/jobs/view/4442063859
5050,60,PictureWealth,Software Engineers (Automation & AI),"Perth, Western Australia",,2026-08-11,linkedin,new,https://www.linkedin.com/jobs/view/4452114984
4739,60,Quik Hire Staffing,Software Engineer - FinTech (Remote),(Remote),,2026-08-10,linkedin,new,https://www.linkedin.com/jobs/view/4451378782
4346,60,Hired,Software Engineer - FinTech (Remote),(Remote),,2026-08-09,linkedin,new,https://www.linkedin.com/jobs/view/4451337106
2195,60,Alignerr,Software Engineer (AI Training) — Remote Contract,"Sydney, New South Wales, (Remote)",,2026-08-05,linkedin,rejected,https://www.linkedin.com/jobs/view/4449420658
1980,60,Teamified,Software Engineer,"Brisbane, Queensland",,2026-08-03,linkedin,new,https://www.linkedin.com/jobs/view/4446464867
4640,59,Whizdom,Solutions Architect,"Sydney, New South Wales",,2026-08-09,linkedin,new,https://www.linkedin.com/jobs/view/4438989183
4642,59,Whizdom,Solutions Architect,"Melbourne, Victoria",,2026-08-09,linkedin,new,https://www.linkedin.com/jobs/view/4438980228
4348,59,Elitmus,Software Engineer (Development/ QA/ Support),"Bangalore, New South Wales",,2026-08-08,linkedin,new,https://www.linkedin.com/jobs/view/4450933081
3834,59,Sonder,"Fullstack AI Software Engineer - (Customer Insights, Fullstack Builder)","Sydney, New South Wales",,2026-08-07,linkedin,new,https://www.linkedin.com/jobs/view/4410366401
2181,59,TikTok,Site Reliability Engineer Intern (Video & Edge Global Engineering) - 2027 Start (BS/MS),"Sydney, New South Wales",,2026-08-04,linkedin,applied,https://www.linkedin.com/jobs/view/4396303986
1945,59,Genpact,Full Stack Engineer,"Sydney, New South Wales",,2026-08-03,linkedin,new,https://www.linkedin.com/jobs/view/4448163119
5039,58,Cloudflare,VoidZero Engineer,"Sydney, NSW, (Remote)",,2026-08-11,indeed,new,https://au.indeed.com/viewjob?jk=5956c79e756455cf
5046,58,Cloudflare,VoidZero Engineer,"Sydney, New South Wales, (Remote)",,2026-08-11,linkedin,new,https://www.linkedin.com/jobs/view/4452109598
4600,58,Flight Centre Travel Group,"Junior Software Engineer - South Bank, QLD","Brisbane, Queensland",,2026-08-10,linkedin,new,https://www.linkedin.com/jobs/view/4451391046
4871,58,Xero,Lead Software Engineer - Mobile,"Sydney, New South Wales",,2026-08-10,linkedin,new,https://www.linkedin.com/jobs/view/4383527815
3554,58,N2S.Global,GCP Data Engineer,"Sydney, New South Wales",,2026-08-07,linkedin,new,https://www.linkedin.com/jobs/view/4450051460
3273,58,Amazon Web Services (AWS),"System Development Engineer, Network Core","Sydney, New South Wales",,2026-08-06,linkedin,new,https://www.linkedin.com/jobs/view/4450247116
2185,58,Kaibridge,Full Stack Engineer,"Sydney, New South Wales",,2026-08-05,linkedin,new,https://www.linkedin.com/jobs/view/4446285004
2525,58,Cloud Raptor,Data Engineer,"Sydney, New South Wales",,2026-08-05,linkedin,new,https://www.linkedin.com/jobs/view/4447341604
1875,58,Mills Recruitment,Software Engineer (Business Applications & Digital Platforms),"Collie, Western Australia",,2026-07-31,linkedin,new,https://www.linkedin.com/jobs/view/4446967188
1441,58,MongoDB,"Software Engineer 3, App Analysis & Modelling","Sydney, New South Wales",,2026-07-30,linkedin,new,https://www.linkedin.com/jobs/view/4409907774
1458,58,Societe Generale,Software Engineer,"Bangalore, New South Wales",,2026-07-29,linkedin,new,https://www.linkedin.com/jobs/view/4446810251
238,58,Hatch,Software Engineer @ Manhattan Talent,Unknown,,2026-07-21,linkedin,new,https://www.linkedin.com/jobs/view/4430275990
81,58,Teamified,Software Engineer,"Brisbane, Queensland",,2026-07-20,linkedin,new,https://www.linkedin.com/jobs/view/4434926275
131,58,Nuix,Software Engineer (mid-level) - AI Team,"Sydney, New South Wales, (Remote)",,2026-07-20,linkedin,new,https://www.linkedin.com/jobs/view/4442588905
4793,57,Showtime Consulting,GCP Data Engineer,Australian Capital Territory,,2026-08-10,linkedin,new,https://www.linkedin.com/jobs/view/4449544026
4047,57,Hired,Software Engineer - FinTech (Remote),(Remote),,2026-08-08,linkedin,new,https://www.linkedin.com/jobs/view/4451017780
4237,57,HUB24 Limited,Software Engineer,"Melbourne, Victoria",,2026-08-08,linkedin,new,https://www.linkedin.com/jobs/view/4414714802
2427,57,ByteFederal Australia™,Software Engineer,"Sydney, New South Wales",,2026-08-05,linkedin,new,https://www.linkedin.com/jobs/view/4448932088
2207,57,UpGuard,Software Engineer (Multiple Levels),"Canberra, Australian Capital Territory, (Remote)",,2026-08-04,linkedin,applied,https://www.linkedin.com/jobs/view/4448263597
1970,57,etrainu,Software Engineer - Platform,"Brisbane City, Queensland",,2026-08-03,linkedin,new,https://www.linkedin.com/jobs/view/4447698124
1442,57,CareCone Group,Software Engineer,"Sydney, New South Wales",,2026-07-31,linkedin,new,https://www.linkedin.com/jobs/view/4436125626
1638,57,carsales,Software Engineer,"Melbourne, Victoria, (Remote)",,2026-07-31,linkedin,new,https://www.linkedin.com/jobs/view/4430739435
4658,56,Westpac Group,Data Engineer (DataX),"Sydney, New South Wales",,2026-08-10,linkedin,new,https://www.linkedin.com/jobs/view/4451367983
3094,56,4Tel,Software Engineer,"Newcastle, New South Wales",,2026-08-06,linkedin,new,https://www.linkedin.com/jobs/view/4449350631
3192,56,Tanda,Software Engineer,"Brisbane, Queensland",,2026-08-06,linkedin,new,https://www.linkedin.com/jobs/view/4448095003
3276,56,Snowflake,Solution Engineer,"Barangaroo, New South Wales",,2026-08-06,linkedin,new,https://www.linkedin.com/jobs/view/4440972251
3279,56,Snowflake,Solution Engineer,"Melbourne, Victoria",,2026-08-06,linkedin,new,https://www.linkedin.com/jobs/view/4440960663
2432,56,Henderson Advocacy,Software Engineer - AI Systems & Automation,"Paddington, Queensland",,2026-08-05,linkedin,new,https://www.linkedin.com/jobs/view/4447366059
2610,56,Henderson Advocacy,Software Engineer - AI Systems & Automation,"Sydney, New South Wales",,2026-08-05,linkedin,new,https://www.linkedin.com/jobs/view/4448957509
2144,56,Mutinex,Software Engineer,"Sydney, New South Wales",,2026-08-04,linkedin,new,https://www.linkedin.com/jobs/view/4448262572
1704,56,N2S.Global,GCP Data Engineer,"Sydney, New South Wales",,2026-07-31,linkedin,new,https://www.linkedin.com/jobs/view/4447500207
1307,56,Xero,Software Engineer - Database,"Sydney, New South Wales, (Remote)",,2026-07-30,linkedin,new,https://www.linkedin.com/jobs/view/4444504791
1345,56,Xero,Software Engineer - Database,"Melbourne, Victoria, (Remote)",,2026-07-30,linkedin,new,https://www.linkedin.com/jobs/view/4444512451
1140,56,The Trade Desk,Software Engineer II,"Sydney, New South Wales",,2026-07-28,linkedin,new,https://www.linkedin.com/jobs/view/4322235636
282,56,Kaizen Global Technologies,Full Stack Engineer,"Sydney, New South Wales",,2026-07-23,linkedin,rejected,https://www.linkedin.com/jobs/view/4443822286
381,56,InfoSum,Backend Software Engineer,"Sydney, New South Wales",,2026-07-23,linkedin,new,https://www.linkedin.com/jobs/view/4444455568
385,56,InfoSum,Full Stack Software Engineer,"Sydney, New South Wales",,2026-07-23,linkedin,new,https://www.linkedin.com/jobs/view/4444450787
592,56,Google,Applied Solutions Architect,"Sydney, New South Wales",,2026-07-23,linkedin,new,https://www.linkedin.com/jobs/view/4443826488
603,56,Google,Applied Solutions Architect,"Melbourne, Victoria",,2026-07-23,linkedin,new,https://www.linkedin.com/jobs/view/4443815748
132,56,Kaizen Global Technologies,Full Stack Engineer(.Net and Nextjs),"Sydney, New South Wales",,2026-07-22,linkedin,new,https://www.linkedin.com/jobs/view/4443104086
54,56,Morningstar,Software Engineer (Full Stack),"Sydney, New South Wales",,2026-07-21,linkedin,new,https://www.linkedin.com/jobs/view/4443380303
173,56,WOW Recruitment,Full Stack Engineer,"Melbourne, Victoria",,2026-07-21,linkedin,new,https://www.linkedin.com/jobs/view/4442257280
50,56,Nuix,"Associate Software Engineer, AI Team","Sydney, New South Wales, (Remote)",,2026-07-20,linkedin,new,https://www.linkedin.com/jobs/view/4442594641
5162,55,Motion Recruitment,Software Engineer,"Sydney, New South Wales",,2026-08-11,linkedin,new,https://www.linkedin.com/jobs/view/4452402479
5264,55,Amazon,"Software Development Graduate , 2026 Melbourne","Melbourne, Victoria",,2026-08-11,linkedin,new,https://www.linkedin.com/jobs/view/4443051466
2424,55,KazGard,"Full Stack Engineer | TypeScript, Node.js, React, AWS and AI | Sydney Based","Sydney, New South Wales, (Remote)",,2026-08-05,linkedin,new,https://www.linkedin.com/jobs/view/4448952134
2272,55,Cyient,Full Stack Engineer,"Sydney, New South Wales",,2026-08-04,linkedin,new,https://www.linkedin.com/jobs/view/4446266622
1806,55,Hired,Software Engineer - FinTech (Remote),(Remote),,2026-08-02,linkedin,new,https://www.linkedin.com/jobs/view/4447869918
1708,55,Boeing,Software Engineer,"Brisbane, Queensland",,2026-08-01,linkedin,new,https://www.linkedin.com/jobs/view/4435901024
1574,55,SafetyCulture,Software Engineer II - Integrations,"Sydney, New South Wales",,2026-07-31,linkedin,new,https://www.linkedin.com/jobs/view/4447289485
1347,55,Zone IT Solutions,AWS Data Engineer,"Sydney, New South Wales",,2026-07-30,linkedin,new,https://www.linkedin.com/jobs/view/4446887964
1388,55,Hired,Software Engineer - FinTech (Remote),(Remote),,2026-07-30,linkedin,new,https://www.linkedin.com/jobs/view/4446720441
1226,55,Hired,Software Engineer - FinTech (Remote),(Remote),,2026-07-29,linkedin,new,https://www.linkedin.com/jobs/view/4446540837
1391,55,Liberty,Data Engineer,"Melbourne, Victoria",,2026-07-29,linkedin,new,https://www.linkedin.com/jobs/view/4435396315
1138,55,GBST,Software Engineer | Production,"Sydney, New South Wales",,2026-07-28,linkedin,new,https://www.linkedin.com/jobs/view/4437963870
997,55,Nuage Technology Group,Software Engineer | Back End PHP,"Sydney, New South Wales",,2026-07-27,linkedin,new,https://www.linkedin.com/jobs/view/4446132937
128,55,Cotality Australia,Software Engineer,"Sydney, New South Wales",,2026-07-22,linkedin,new,https://www.linkedin.com/jobs/view/4443765114
86,55,Mutinex,Machine Learning Engineer,"Sydney, New South Wales",,2026-07-21,linkedin,new,https://www.linkedin.com/jobs/view/4417848445
75,55,Jobgether,Software Engineer,(Remote),,2026-07-20,linkedin,new,https://www.linkedin.com/jobs/view/4442024583
4239,54,Shift,Full Stack Engineer - React/.Net,"North Sydney, New South Wales",,2026-08-08,linkedin,new,https://www.linkedin.com/jobs/view/4398469613
3982,54,Moroku,Full Stack Engineer,"Sydney, New South Wales",,2026-08-07,linkedin,new,https://www.linkedin.com/jobs/view/4450383458
2639,54,CareCone Group,Data Engineer (Databricks Applications),"Sydney, New South Wales",,2026-08-05,linkedin,new,https://www.linkedin.com/jobs/view/4448965478
1456,54,Leidos Australia,Software Engineer,"Canberra, Australian Capital Territory",,2026-07-29,linkedin,new,https://www.linkedin.com/jobs/view/4409895997
893,54,Showtime Consulting,Full Stack Engineer,"Melbourne, Victoria",,2026-07-27,linkedin,new,https://www.linkedin.com/jobs/view/4442805894
196,54,ESGAgent.ai - AI Agents for ESG Compliance,Graduate Software Engineer (Full Stack),"Brisbane, Queensland, (Remote)",,2026-07-23,linkedin,new,https://www.linkedin.com/jobs/view/4443437674
3837,53,Dubber,Software Engineer,"Melbourne, Victoria",,2026-08-07,linkedin,new,https://www.linkedin.com/jobs/view/4441978028
3345,53,Flight Centre Travel Group,"Junior Software Engineer - South Bank, QLD","Brisbane, Queensland",,2026-08-06,linkedin,new,https://www.linkedin.com/jobs/view/4441436385
3530,53,Long Resources Ltd,Java Software Engineer,"Sydney, New South Wales, (Remote)",,2026-08-06,linkedin,new,https://www.linkedin.com/jobs/view/4450657515
2628,53,Avreo,Software Engineer (AI / Full Stack),"Sydney, NSW",,2026-08-05,indeed,new,https://au.indeed.com/viewjob?jk=15096185ead44e79
2705,53,Blitzit Plan Manager,Software Engineer,"Sydney, New South Wales",,2026-08-05,linkedin,new,https://www.linkedin.com/jobs/view/4448984455
2764,53,NCS Group Australia,Solution Designer / Lead Data Engineer,"Sydney, New South Wales",,2026-08-04,linkedin,new,https://www.linkedin.com/jobs/view/4446298396
1398,53,Transport for NSW,Junior Software Engineer,"Burwood, New South Wales",,2026-07-30,linkedin,new,https://www.linkedin.com/jobs/view/4446748165
1046,53,Woolworths Group,E0I -AI Data Scientists- All Levels,"Bella Vista, New South Wales",,2026-07-28,linkedin,new,https://www.linkedin.com/jobs/view/4445441012
837,53,SafetyCulture,Software Engineer II - Integrations,"Sydney, New South Wales",,2026-07-27,linkedin,new,https://www.linkedin.com/jobs/view/4445101039
908,53,Hired,Software Engineer - FinTech (Remote),(Remote),,2026-07-27,linkedin,new,https://www.linkedin.com/jobs/view/4445910004
582,53,Canva,Mobile Infrastructure Engineer — Mobile Workflows,"Sydney, New South Wales, (Remote)",,2026-07-24,linkedin,new,https://www.linkedin.com/jobs/view/4435275823
690,53,Showtime Consulting,AWS Data Engineer,"Sydney, New South Wales",,2026-07-23,linkedin,new,https://www.linkedin.com/jobs/view/4441508350
3911,52,SG Fleet AU,Software Engineer,"Sydney, New South Wales",,2026-08-07,linkedin,new,https://www.linkedin.com/jobs/view/4441944397
3193,52,Canva,Backend Software Engineer - Product & Features (Java),"Sydney, New South Wales, (Remote)",,2026-08-06,linkedin,new,https://www.linkedin.com/jobs/view/4449996759
2543,52,REA Group,Data Engineer,"Richmond, Victoria",,2026-08-04,linkedin,new,https://www.linkedin.com/jobs/view/4448809014
2545,52,Telstra Health,Data Engineer (Snowflake),Unknown,,2026-08-03,linkedin,new,https://www.linkedin.com/jobs/view/4447684228
1501,52,NAB,Full Stack Engineer,"Melbourne, Victoria",,2026-07-31,linkedin,new,https://www.linkedin.com/jobs/view/4446982116
1711,52,Google,"Product Deployment Engineer, gTech Ads (Fixed-Term Contract)","Sydney, New South Wales",,2026-07-31,linkedin,new,https://www.linkedin.com/jobs/view/4437572535
1860,52,Google,"Product Deployment Engineer, gTech Ads (Fixed-Term Contract)","Melbourne, Victoria",,2026-07-31,linkedin,new,https://www.linkedin.com/jobs/view/4437556927
1385,52,Ignite,AI Engineer,"Canberra, Australian Capital Territory",,2026-07-30,linkedin,new,https://www.linkedin.com/jobs/view/4446701994
1232,52,Objective Corporation,Software Engineer,"Wollongong, New South Wales",,2026-07-29,linkedin,new,https://www.linkedin.com/jobs/view/4444108822
1074,52,Humanforce,Software Engineer,"Melbourne, Victoria",,2026-07-28,linkedin,new,https://www.linkedin.com/jobs/view/4443218648
1459,52,Leidos Australia,Software Engineer,"Melbourne, Victoria",,2026-07-28,linkedin,new,https://www.linkedin.com/jobs/view/4410009433
462,52,Employment Hero,"Product Owner, Operations Engineering","Sydney, New South Wales, (Remote)",,2026-07-24,linkedin,new,https://www.linkedin.com/jobs/view/4444768399
83,52,Amazon,Software Development Engineer,"Brisbane, Queensland",,2026-07-22,linkedin,new,https://www.linkedin.com/jobs/view/4443700485
363,52,Amazon Web Services (AWS),Systems Development Engineer,"Sydney, New South Wales",,2026-07-21,linkedin,new,https://www.linkedin.com/jobs/view/4443037176
4042,51,NUS Agility Office,"Graduate Software Enginer (Hybrid, Entry-Level)","Sydney, New South Wales",,2026-08-08,linkedin,new,https://www.linkedin.com/jobs/view/4450522522
4343,51,BPO Plus,"Graduate Software Enginer (Hybrid, Entry-Level)","Melbourne, Victoria",,2026-08-08,linkedin,new,https://www.linkedin.com/jobs/view/4450311434
3523,51,ISON BPO,"Graduate Software Enginer (Hybrid, Entry-Level)","Sydney, New South Wales",,2026-08-07,linkedin,new,https://www.linkedin.com/jobs/view/4450028492
4121,51,CareCone Group,Java Software Engineer,"Sydney, New South Wales",,2026-08-07,linkedin,new,https://www.linkedin.com/jobs/view/4449947627
3194,51,CareCone Group,GCP Programmer,"Sydney, New South Wales",,2026-08-06,linkedin,new,https://www.linkedin.com/jobs/view/4450217017
2281,51,CareCone Group,"Data Engineer - Databricks, AI","Sydney, New South Wales",,2026-08-05,linkedin,new,https://www.linkedin.com/jobs/view/4449411545
2871,51,AusRehab,Full-time Full-Stack Software Developer,"Bankstown, New South Wales, (Remote)",,2026-08-05,linkedin,new,https://www.linkedin.com/jobs/view/4449308847
1799,51,NCS Group Australia,Solution Designer / Lead Data Engineer (Google Cloud),"Sydney, New South Wales",,2026-07-31,linkedin,new,https://www.linkedin.com/jobs/view/4447273123
1500,51,Origin Energy,Software Engineer,"Melbourne, Victoria",,2026-07-30,linkedin,new,https://www.linkedin.com/jobs/view/4446720982
1556,51,NCS Group Australia,GCP Data Engineer (Google),"Sydney, New South Wales",,2026-07-30,linkedin,new,https://www.linkedin.com/jobs/view/4447233185
1291,51,Xero,Lead Engineer,"Sydney, New South Wales, (Remote)",,2026-07-29,linkedin,new,https://www.linkedin.com/jobs/view/4446052260
1703,51,Red Energy,Data Engineer,"Richmond, Victoria, (Remote)",,2026-07-29,linkedin,new,https://www.linkedin.com/jobs/view/4446867907
739,51,NVIDIA,Solutions Architect,"Greater Sydney Area, (Remote)",,2026-07-25,linkedin,new,https://www.linkedin.com/jobs/view/4395469501
152,51,UNSW,Software Engineer – UNSW Faculty of Engineering,"Sydney, New South Wales",,2026-07-22,linkedin,new,https://www.linkedin.com/jobs/view/4442933629
195,51,Amazon,"Software Development Graduate (2027, Stores), Brisbane","Brisbane, Queensland",,2026-07-21,linkedin,new,https://www.linkedin.com/jobs/view/4443025880
398,51,Amazon Web Services (AWS),"Data Scientist, Network Fabric Engineering","Sydney, New South Wales",,2026-07-21,linkedin,new,https://www.linkedin.com/jobs/view/4443028801
4639,50,8.13 Elevata,Customer Solutions Architect,Unknown,,2026-08-10,linkedin,new,https://www.linkedin.com/jobs/view/4450991872
4854,50,Change Recruitment,Software Engineer,"Melbourne, Victoria",,2026-08-10,linkedin,new,https://www.linkedin.com/jobs/view/4451521783
4856,50,Flight Centre Travel Group,"Software Engineer - South Bank, QLD","Brisbane, Queensland",,2026-08-10,linkedin,new,https://www.linkedin.com/jobs/view/4434416454
2421,50,"Abby Health - Quality Care, Online-First",Software Engineer,"Sydney, New South Wales",,2026-08-05,linkedin,new,https://www.linkedin.com/jobs/view/4448954148
2496,50,Abby Health,Software Engineer,"Sydney, NSW, (Remote)",,2026-08-05,indeed,new,https://au.indeed.com/viewjob?jk=a65d8c39b7eea03b
2707,50,"Abby Health - Quality Care, Online-First",Software Engineer,"Millers Point, New South Wales, (Remote)",,2026-08-05,linkedin,new,https://www.linkedin.com/jobs/view/4449468379
4052,50,"Abby Health - Quality Care, Online-First",Lead Software Engineer,"Millers Point, New South Wales, (Remote)",,2026-08-05,linkedin,new,https://www.linkedin.com/jobs/view/4440939803
2147,50,Canva,Backend Software Engineer - Product & Features (Java),"Sydney, New South Wales, (Remote)",,2026-08-04,linkedin,new,https://www.linkedin.com/jobs/view/4440509463
2292,50,Mineral Resources,AI Engineer,"Herdsman, Western Australia",,2026-08-04,linkedin,new,https://www.linkedin.com/jobs/view/4446279550
1859,50,Precision Sourcing,Software Engineer,"Melbourne, Victoria",,2026-08-02,linkedin,new,https://www.linkedin.com/jobs/view/4447648407
1861,50,Slalom,Architect - Data and AI - Sydney,"Sydney, New South Wales",,2026-08-02,linkedin,new,https://www.linkedin.com/jobs/view/4409354800
186,50,ELMO Software,Full Stack Engineer (React/Node),Greater Sydney Area,,2026-07-23,linkedin,new,https://www.linkedin.com/jobs/view/4441944441
43,50,Mastercard,Threat Response Technology and Capabilities Product Owner,"St Leonards, New South Wales",,2026-07-20,linkedin,new,https://www.linkedin.com/jobs/view/4440196202
5268,49,Sylligence,Full stack software engineer,(Remote),,2026-08-11,linkedin,new,https://www.linkedin.com/jobs/view/4451680492
4603,49,"Mind Recruitment | specialists in Technology, Executive & IT Sales recruitment",Junior Software Engineer,"Melbourne, Victoria",,2026-08-10,linkedin,new,https://www.linkedin.com/jobs/view/4450975885
3524,49,Create & Collab,Developer (Junior / Senior Enginee),"Sydney, New South Wales",,2026-08-07,linkedin,new,https://www.linkedin.com/jobs/view/4448499696
2867,49,Execute,Developer (Junior / Senior Enginee),"Sydney, New South Wales",,2026-08-06,linkedin,new,https://www.linkedin.com/jobs/view/4449957372
3095,49,Peoplebank,Junior Full Stack / Drupal Developer,"Melbourne, Victoria",,2026-08-06,linkedin,new,https://www.linkedin.com/jobs/view/4449989696
3274,49,MongoDB,Software Engineer 3,"Sydney, New South Wales",,2026-08-06,linkedin,new,https://www.linkedin.com/jobs/view/4450255150
3287,49,WP Engine,Production Engineer,Unknown,,2026-08-06,linkedin,new,https://www.linkedin.com/jobs/view/4441209329
2419,49,Energy Bay,Software Developer,"Sydney, New South Wales",,2026-08-05,linkedin,new,https://www.linkedin.com/jobs/view/4447341381
2868,49,Infomedia,Developer,"Sydney, New South Wales",,2026-08-05,linkedin,new,https://www.linkedin.com/jobs/view/4449149422
2154,49,CareCone Group,GCP Programmer,"Sydney, New South Wales",,2026-08-04,linkedin,new,https://www.linkedin.com/jobs/view/4448682030
2158,49,IMC Trading,C++ Software Engineer,"Sydney, New South Wales",,2026-08-04,linkedin,new,https://www.linkedin.com/jobs/view/4430896356
2059,49,Tata Consultancy Services,AI Engineer,"Brisbane, Queensland",,2026-08-03,linkedin,new,https://www.linkedin.com/jobs/view/4447692525
2060,49,Aviato Consulting,GCP AI Engineer,Greater Melbourne Area,,2026-08-03,linkedin,new,https://www.linkedin.com/jobs/view/4445867294
1702,49,Synechron,AWS Data Engineer,"Sydney, New South Wales",,2026-08-01,linkedin,new,https://www.linkedin.com/jobs/view/4445585609
1362,49,Woolworths Group,Machine Learning Engineer- Software,"Sydney, New South Wales, (Remote)",,2026-07-30,linkedin,new,https://www.linkedin.com/jobs/view/4444525314
1146,49,XPT Software Australia,UI/React JS Developer,"Sydney, New South Wales",,2026-07-29,linkedin,new,https://www.linkedin.com/jobs/view/4446018215
1511,49,MapAI,Forward Deployed Engineer - GenAI & Geospatial,"Sydney, New South Wales",,2026-07-29,linkedin,new,https://www.linkedin.com/jobs/view/4446009592
930,49,NCS Group Australia,Google Data Engineer - GCP,"Sydney, New South Wales",,2026-07-27,linkedin,new,https://www.linkedin.com/jobs/view/4416482378
359,49,Amazon,Systems Development Engineer,"Sydney, New South Wales",,2026-07-21,linkedin,new,https://www.linkedin.com/jobs/view/4443011969
5048,48,Jeunesse On En Parle,Software Enginer,"Sydney, New South Wales",,2026-08-11,linkedin,new,https://www.linkedin.com/jobs/view/4451624016
5052,48,Scyne Advisory,2027 Graduate Program - NSW - Data Analytics / Data Science,"Sydney, New South Wales",,2026-08-11,linkedin,new,https://www.linkedin.com/jobs/view/4451616699
2426,48,Northrop Grumman Australia,Software Engineer,"Canberra, Australian Capital Territory",,2026-08-05,linkedin,new,https://www.linkedin.com/jobs/view/4448920995
2619,48,Fortescue,Software Developer,"Perth, Western Australia",,2026-08-05,linkedin,new,https://www.linkedin.com/jobs/view/4448974782
2714,48,Showtime Consulting,Platform Reliability Engineer (Zabbix),"Sydney, New South Wales",,2026-08-05,linkedin,new,https://www.linkedin.com/jobs/view/4447386467
2744,48,LogicMonitor,Solutions Engineer,"Sydney, NSW, (Remote)",,2026-08-05,indeed,new,https://au.indeed.com/viewjob?jk=cceb450d42374457
2754,48,LogicMonitor,Solutions Engineer,"Sydney, New South Wales, (Remote)",,2026-08-05,linkedin,new,https://www.linkedin.com/jobs/view/4448002023
2869,48,AlayaCare,Full Stack Developer - Healthcare Tech,"Sydney, New South Wales, (Remote)",,2026-08-05,linkedin,new,https://www.linkedin.com/jobs/view/4428974451
1933,48,UNSW,Software Engineer – UNSW Faculty of Engineering,"Sydney, New South Wales",,2026-08-03,linkedin,new,https://www.linkedin.com/jobs/view/4445873421
1986,48,Gallagher,Software Engineer - Junior Mobile App Developer,"Melbourne, Victoria, (Remote)",,2026-08-03,linkedin,new,https://www.linkedin.com/jobs/view/4439138286
1848,48,Just Digital People,Software Engineer,"Sydney, New South Wales",,2026-08-02,linkedin,new,https://www.linkedin.com/jobs/view/4447649020
1469,48,Megaport,Frontend Software Engineer,Unknown,,2026-07-31,linkedin,new,https://www.linkedin.com/jobs/view/4446951946
1720,48,Freelancer.com,Software Engineering Manager,"Sydney, New South Wales",,2026-07-31,linkedin,new,https://www.linkedin.com/jobs/view/4447254185
2136,48,Resmed,Lead Data Scientist,"Sydney, New South Wales",,2026-07-31,linkedin,new,https://www.linkedin.com/jobs/view/4444910196
591,48,AIIDA,Cloud Database Developer,"Sydney, New South Wales",,2026-07-24,linkedin,new,https://www.linkedin.com/jobs/view/4444345228
65,48,Alinta Energy,Graduate - Software Engineer - Melbourne,Greater Melbourne Area,,2026-07-20,linkedin,new,https://www.linkedin.com/jobs/view/4433641345
5163,47,Long Resources Ltd,Java / Kotlin Developer,"Sydney, New South Wales, (Remote)",,2026-08-11,linkedin,new,https://www.linkedin.com/jobs/view/4452194416
4132,47,GoRoadie,Software Engineer,"Swan Reach, South Australia, (Remote)",,2026-08-08,linkedin,new,https://www.linkedin.com/jobs/view/4451049776
4151,47,TikTok USDS Joint Venture,"Site Reliability Engineer, Global E-Commerce - USDS","Sydney, New South Wales",,2026-08-06,linkedin,rejected,https://www.linkedin.com/jobs/view/4450611743
2888,47,EY,Client Technology - Engineering - Architecture,"Sydney, New South Wales",,2026-08-05,linkedin,new,https://www.linkedin.com/jobs/view/4448061121
2151,47,Energy Bay,Software Developer,"Melbourne, Victoria",,2026-08-04,linkedin,new,https://www.linkedin.com/jobs/view/4446619736
2289,47,IBM,AI/ML Security Architect and Engineer,"Sydney, New South Wales",,2026-08-04,linkedin,new,https://www.linkedin.com/jobs/view/4446637975
2048,47,Tata Consultancy Services,Full Stack Developer,"Brisbane, Queensland",,2026-08-03,linkedin,new,https://www.linkedin.com/jobs/view/4447684655
1698,47,Safewill,Data Engineer,"Surry Hills, New South Wales",,2026-08-01,linkedin,new,https://www.linkedin.com/jobs/view/4447475742
1309,47,uniquehire,Software Engineer,"Sydney, New South Wales",,2026-07-30,linkedin,new,https://www.linkedin.com/jobs/view/4446891843
1336,47,ArabTech for Electrical Industries,AI Engineer,Unknown,,2026-07-30,linkedin,new,https://www.linkedin.com/jobs/view/4446465033
1017,47,N2S.Global,Node.js Developer,"Sydney, New South Wales",,2026-07-28,linkedin,new,https://www.linkedin.com/jobs/view/4445450646
839,47,Precision Sourcing,Software Engineer,"Sydney, New South Wales",,2026-07-27,linkedin,new,https://www.linkedin.com/jobs/view/4444872681
1049,47,XPT Software,UI/React JS Developer,"Sydney, New South Wales",,2026-07-27,linkedin,new,https://www.linkedin.com/jobs/view/4445439870
750,47,XPT Software Australia,UI / React JS Developer,"Sydney, New South Wales",,2026-07-26,linkedin,new,https://www.linkedin.com/jobs/view/4444697715
561,47,Amentum,Artificial Intelligence / Machine Learning Engineer,"Canberra, Australian Capital Territory",,2026-07-24,linkedin,new,https://www.linkedin.com/jobs/view/4444974597
562,47,Amentum,Artificial Intelligence / Machine Learning Engineer,"Brisbane, Queensland",,2026-07-24,linkedin,new,https://www.linkedin.com/jobs/view/4444976543
449,47,N2S.Global,Azure DevOps Engineer,"Melbourne, Victoria",,2026-07-23,linkedin,new,https://www.linkedin.com/jobs/view/4443749053
608,47,XPT Software,UI / React JS Developer,"Sydney, New South Wales",,2026-07-23,linkedin,new,https://www.linkedin.com/jobs/view/4444084250
685,47,Online Jobs Philippines - Work at Home,ATLASSIAN: DATA ENGINEER,"Greater Sydney Area, (Remote)",,2026-07-23,linkedin,new,https://www.linkedin.com/jobs/view/4444414025
90,47,The Onset,AI Full Stack Engineer,"Sydney, New South Wales",,2026-07-21,linkedin,new,https://www.linkedin.com/jobs/view/4442285534
129,47,CareCone Group,GCP Developer,"Sydney, New South Wales",,2026-07-21,linkedin,new,https://www.linkedin.com/jobs/view/4443060420
4429,46,MYOB,AI Engineering Manager,"Sydney, New South Wales",,2026-08-09,linkedin,new,https://www.linkedin.com/jobs/view/4406101748
4601,46,Lumi,Platform Engineer,"Sydney, New South Wales",,2026-08-09,linkedin,new,https://www.linkedin.com/jobs/view/4451369588
3657,46,CMC Markets ANZ,Graduate Software Engineer,"Sydney, New South Wales",,2026-08-07,linkedin,new,https://www.linkedin.com/jobs/view/4448735125
3664,46,TheDriveGroup,Solutions Architect,"Sydney, New South Wales",,2026-08-07,linkedin,new,https://www.linkedin.com/jobs/view/4450065150
4427,46,Irish Around Oz,Full Stack Developer - Contract - Brisbane,"Brisbane, Queensland",,2026-08-07,linkedin,new,https://www.linkedin.com/jobs/view/4450686678
4125,46,Deloitte,Azure Software Engineer | Consultant | Brisbane,"Brisbane, Queensland",,2026-08-06,linkedin,new,https://www.linkedin.com/jobs/view/4450202286
2338,46,FTI Consulting,"Consultant, Data & Analytics, Healthcare","Sydney, New South Wales",,2026-08-05,linkedin,new,https://www.linkedin.com/jobs/view/4449435312
2423,46,Stake,Software Engineer,"Sydney, New South Wales",,2026-08-05,linkedin,new,https://www.linkedin.com/jobs/view/4447322973
2620,46,Talenza,Back End Developer,"Sydney, New South Wales",,2026-08-05,linkedin,new,https://www.linkedin.com/jobs/view/4447362378
2908,46,Relevance AI,"Engineering Manager, AI","Sydney, NSW",,2026-08-05,indeed,new,https://au.indeed.com/viewjob?jk=6d83c40a6fce9938
2097,46,SwitchDin,Software Engineer (LP) – Remote,(Remote),,2026-08-03,linkedin,new,https://www.linkedin.com/jobs/view/4447676050
2318,46,Factory,Technical Support Engineer - Remote APAC,"Sydney, New South Wales, (Remote)",,2026-08-03,linkedin,new,https://www.linkedin.com/jobs/view/4448395951
2481,46,Amazon Web Services,Network Development Engineer,"Sydney, NSW",,2026-08-03,indeed,new,https://au.indeed.com/viewjob?jk=8c16433f8678348c
1656,46,Zurich Australia,Lead Engineer,"North Sydney, New South Wales",,2026-08-01,linkedin,new,https://www.linkedin.com/jobs/view/4419386015
1447,46,Acira Consultancy Pty Ltd,Software Developer,"Sydney, New South Wales",,2026-07-31,linkedin,new,https://www.linkedin.com/jobs/view/4446948679
1541,46,Crossing Hurdles,Software Engineer | Remote,(Remote),,2026-07-31,linkedin,new,https://www.linkedin.com/jobs/view/4446981619
1649,46,randstad digital australia,AI Engineer,"Belconnen, Australian Capital Territory",,2026-07-31,linkedin,new,https://www.linkedin.com/jobs/view/4446952931
1858,46,CareCone Group,Reliability Engineer,"Sydney, New South Wales",,2026-07-31,linkedin,new,https://www.linkedin.com/jobs/view/4447237687
1359,46,Acira Consultancy Pty Ltd,Software Developer,"Sydney, New South Wales",,2026-07-30,linkedin,new,https://www.linkedin.com/jobs/view/4446723307
1466,46,CareCone Group,Software Developer - GOLANG & AWS,"Sydney, New South Wales",,2026-07-30,linkedin,new,https://www.linkedin.com/jobs/view/4446710701
1161,46,SG Consulting Limited,Software Developer – GoLang & AWS,Greater Sydney Area,,2026-07-29,linkedin,new,https://www.linkedin.com/jobs/view/4446529810
1164,46,Nityo Infotech,Golang Developer,"Sydney, New South Wales",,2026-07-29,linkedin,new,https://www.linkedin.com/jobs/view/4445788698
1244,46,Peoplebank,"Full Stack Developer (React, TypeScript, Node.js) – AI Product Innovation","Roseville, New South Wales",,2026-07-29,linkedin,new,https://www.linkedin.com/jobs/view/4446520536
1449,46,CareCone Group,Software Developer (GoLang / AWS),"Sydney, New South Wales",,2026-07-29,linkedin,new,https://www.linkedin.com/jobs/view/4446884662
1507,46,Deloitte,Forward Deployed Engineer,"Sydney, New South Wales",,2026-07-29,linkedin,new,https://www.linkedin.com/jobs/view/4446556587
1147,46,Change Recruitment,Software Engineer,"Sydney, New South Wales",,2026-07-28,linkedin,new,https://www.linkedin.com/jobs/view/4446391960
236,46,Hypex Consulting,Software Engineer,"Port Melbourne, Victoria",,2026-07-23,linkedin,new,https://www.linkedin.com/jobs/view/4443440116
254,46,Freelancer.com,Full-Stack Software Engineer,"Sydney, New South Wales",,2026-07-23,linkedin,new,https://www.linkedin.com/jobs/view/4444425205
675,46,XPT Software Australia,Data Engineer-GCP,"Sydney, New South Wales",,2026-07-23,linkedin,new,https://www.linkedin.com/jobs/view/4444270031
194,46,Amazon,"Software Development Graduate, 2027 Melbourne","Melbourne, Victoria",,2026-07-21,linkedin,new,https://www.linkedin.com/jobs/view/4443024908
5057,45,Bupa Australia,Analytics Engineer,"Melbourne, Victoria",,2026-08-11,linkedin,new,https://www.linkedin.com/jobs/view/4452197496
5265,45,Advance Delivery Consulting,Software Engineer – Junior and Mid– Multiple roles,"Hornsby, New South Wales",,2026-08-11,linkedin,new,https://www.linkedin.com/jobs/view/4451905335
3526,45,IAG,Agentic Discovery Analyst,"Sydney, New South Wales, (Remote)",,2026-08-07,linkedin,new,https://www.linkedin.com/jobs/view/4450676880
3675,45,IAG,Agentic Discovery Analyst,"Melbourne, Victoria, (Remote)",,2026-08-07,linkedin,new,https://www.linkedin.com/jobs/view/4448727980
3836,45,Twine,Remote Full Stack Web Developer – Junior/Mid-Level,(Remote),,2026-08-07,linkedin,new,https://www.linkedin.com/jobs/view/4450318024
3096,45,Obsidian Collectables,Full Stack Engineer,"Brisbane, Queensland, (Remote)",,2026-08-06,linkedin,new,https://www.linkedin.com/jobs/view/4449307757
2720,45,CareCone Group,Databricks Application Engineer,"Sydney, New South Wales",,2026-08-05,linkedin,new,https://www.linkedin.com/jobs/view/4449416297
2640,45,Ubank,Lead Data Engineer,"Sydney, New South Wales",,2026-08-04,linkedin,new,https://www.linkedin.com/jobs/view/4446271507
1753,45,Databricks,Solutions Architect,"Sydney, New South Wales",,2026-08-01,linkedin,new,https://www.linkedin.com/jobs/view/4428250553
1645,45,Culture Amp,Associate Data Scientist,"Sydney, New South Wales",,2026-07-31,linkedin,new,https://www.linkedin.com/jobs/view/4435973161
1701,45,Culture Amp,Associate Data Scientist,"Melbourne, Victoria",,2026-07-31,linkedin,new,https://www.linkedin.com/jobs/view/4435966376
1381,45,Westpac Group,Data Scientist - AI & Analytics,"Sydney, New South Wales",,2026-07-30,linkedin,new,https://www.linkedin.com/jobs/view/4444523854
1198,45,FTI Consulting,"2027 Graduate Program, Data Analytics & AI - Healthcare","Sydney, New South Wales",,2026-07-29,linkedin,new,https://www.linkedin.com/jobs/view/4446521662
1213,45,Woolworths Group,Data Scientist,"Sydney, New South Wales",,2026-07-29,linkedin,new,https://www.linkedin.com/jobs/view/4446556362
995,45,oOh!,Junior Software Engineer,"North Sydney, New South Wales",,2026-07-28,linkedin,new,https://www.linkedin.com/jobs/view/4443219797
684,45,CareCone Group,Data Engineer - AWS Sagemaker,"Sydney, New South Wales",,2026-07-23,linkedin,new,https://www.linkedin.com/jobs/view/4444243205
682,45,CareCone Group,AWS Data Engineer,"Sydney, New South Wales",,2026-07-22,linkedin,new,https://www.linkedin.com/jobs/view/4443319921
358,45,Arista Networks,Site Reliability Engineer (SRE/ DevOps) - Engineering Productivity - Sydney,"Sydney, New South Wales",,2026-07-21,linkedin,new,https://www.linkedin.com/jobs/view/4426100669
446,45,Renaissance InfoSystems,AWS Data Engineer,"Sydney, New South Wales",,2026-07-21,linkedin,new,https://www.linkedin.com/jobs/view/4440414782
3758,44,ASX,Data Scientist,"Sydney, New South Wales",,2026-08-07,linkedin,new,https://www.linkedin.com/jobs/view/4448755238
3840,44,Databricks,Solutions Architect,Queensland,,2026-08-07,linkedin,new,https://www.linkedin.com/jobs/view/4396166156
4509,44,Horizon Digital,Software Engineer,Greater Perth Area,,2026-08-07,linkedin,new,https://www.linkedin.com/jobs/view/4450044103
3111,44,Synechron,"Data Engineer (Snowflake, DBT, AWS)","Sydney, New South Wales",,2026-08-06,linkedin,new,https://www.linkedin.com/jobs/view/4442803125
3428,44,Esri,Software Engineering Internship - Survey123,"Melbourne, Victoria",,2026-08-06,linkedin,new,https://www.linkedin.com/jobs/view/4450622176
4246,44,Troocoo,Product Owner,Greater Brisbane Area,,2026-08-06,linkedin,new,https://www.linkedin.com/jobs/view/4449365338
2911,44,Google,"Field Sales Representative, Google Cloud","Sydney, NSW",,2026-08-05,indeed,new,https://au.indeed.com/viewjob?jk=6e98f0e03b02bcd0
2148,44,ScaleUp Technologies,Back End Developer,"Sydney, New South Wales",,2026-08-04,linkedin,new,https://www.linkedin.com/jobs/view/4448277669
2186,44,Quartex,Software Developer,"Brisbane, Queensland, (Remote)",,2026-08-04,linkedin,new,https://www.linkedin.com/jobs/view/4437660108
1941,44,Kudosity,Junior Platform Engineer,"Sydney, New South Wales",,2026-08-03,linkedin,new,https://www.linkedin.com/jobs/view/4447699121
1959,44,Profusion,Java Software Engineer,"Sydney, New South Wales",,2026-08-03,linkedin,new,https://www.linkedin.com/jobs/view/4447668869
1471,44,TheDriveGroup,Solutions Architect,"Sydney, New South Wales",,2026-07-31,linkedin,new,https://www.linkedin.com/jobs/view/4446974272
1495,44,Nexifi,Lead Full Stack Engineer,"Sydney, New South Wales, (Remote)",,2026-07-31,linkedin,new,https://www.linkedin.com/jobs/view/4446978236
1230,44,Resmed,Associate Software Engineer,"Sydney, New South Wales",,2026-07-29,linkedin,new,https://www.linkedin.com/jobs/view/4414654464
892,44,Zepto,Software Engineers (Front-end & Back-end Roles),(Remote),,2026-07-27,linkedin,new,https://www.linkedin.com/jobs/view/4445919092
914,44,Blackbook Recruitment,Embedded Linux Software Engineer,"East Melbourne, Victoria, (Remote)",,2026-07-27,linkedin,new,https://www.linkedin.com/jobs/view/4442380317
935,44,Insignia Financial,GCP Data Engineer,"Sydney, New South Wales",,2026-07-27,linkedin,new,https://www.linkedin.com/jobs/view/4445659405
777,44,Tata Consultancy Services,Frontend Developer,"Sydney, New South Wales",,2026-07-26,linkedin,new,https://www.linkedin.com/jobs/view/4444845313
778,44,Tata Consultancy Services,Java Developer,"Sydney, New South Wales",,2026-07-26,linkedin,new,https://www.linkedin.com/jobs/view/4444827750
493,44,The Network Technology Recruitment,AI Engineer,"Sydney, New South Wales",,2026-07-24,linkedin,new,https://www.linkedin.com/jobs/view/4444923148
506,44,Nixil,Full Stack Developer,"Melbourne, Victoria",,2026-07-24,linkedin,new,https://www.linkedin.com/jobs/view/4444907498
696,44,Talent,APS6 Data Engineer,"Melbourne, Victoria",,2026-07-24,linkedin,new,https://www.linkedin.com/jobs/view/4444795567
267,44,SwitchDin,Software Engineer (LP) – Remote,(Remote),,2026-07-23,linkedin,new,https://www.linkedin.com/jobs/view/4443811605
377,44,Hays,Software Engineer,"Sydney, New South Wales",,2026-07-23,linkedin,new,https://www.linkedin.com/jobs/view/4443425730
392,44,Auto & General Australia,Full Stack Developer,"Brisbane, Queensland, (Remote)",,2026-07-23,linkedin,new,https://www.linkedin.com/jobs/view/4435041482
497,44,Jobgether,Go Developer - AI & ML,(Remote),,2026-07-23,linkedin,new,https://www.linkedin.com/jobs/view/4444275714
563,44,EY,Next Frontier Quantum Associate,"Adelaide, South Australia",,2026-07-22,linkedin,new,https://www.linkedin.com/jobs/view/4405115699
160,44,Zembl,Data Engineer | 12 Month Contract,"Sydney, New South Wales",,2026-07-21,linkedin,new,https://www.linkedin.com/jobs/view/4437406572
338,44,TPG Telecom,Data Engineer (12 month FTC),New South Wales,,2026-07-21,linkedin,new,https://www.linkedin.com/jobs/view/4442297079
402,44,Amazon,"2027 Applied Science Intern (Machine Learning, Recommender Systems), Amazon International Machine Learning","Melbourne, Victoria",,2026-07-21,linkedin,new,https://www.linkedin.com/jobs/view/4443024709
5273,43,BAE Systems Australia,Software Engineer,"Richmond, Victoria",,2026-08-11,linkedin,new,https://www.linkedin.com/jobs/view/4452181510
4858,43,BAE Systems Digital Intelligence,Software Engineer,"Canberra, Australian Capital Territory",,2026-08-10,linkedin,new,https://www.linkedin.com/jobs/view/4442574339
4523,43,Quantexa,Data Engineer,"Melbourne, Victoria, (Remote)",,2026-08-09,linkedin,new,https://www.linkedin.com/jobs/view/4442519428
4266,43,MYOB,AI Engineering Manager,"Melbourne, Victoria",,2026-08-08,linkedin,new,https://www.linkedin.com/jobs/view/4406101747
4743,43,Thales,Software Engineering Work Package Manager,"Rydalmere, New South Wales",,2026-08-07,linkedin,new,https://www.linkedin.com/jobs/view/4441927511
2730,43,HUB24 Limited,Solutions Architect,"Sydney, New South Wales",,2026-08-05,linkedin,new,https://www.linkedin.com/jobs/view/4439985388
2877,43,ALOIS UK,CORE JAVA,"Sydney, New South Wales",,2026-08-05,linkedin,new,https://www.linkedin.com/jobs/view/4449642306
2271,43,1QLabs,Full-Stack Agentic Engineer,"Greater Sydney Area, (Remote)",,2026-08-04,linkedin,new,https://www.linkedin.com/jobs/view/4446678714
1928,43,Selby Jennings,Full Stack Software Engineer - Trading Workflow Technology,"Sydney, New South Wales",,2026-08-03,linkedin,new,https://www.linkedin.com/jobs/view/4448126223
2052,43,EY,"Data Engineer, AI and Data, Technology Consulting","Sydney, New South Wales",,2026-08-03,linkedin,new,https://www.linkedin.com/jobs/view/4445886075
2126,43,EY,"Data Engineer, AI and Data, Technology Consulting","Melbourne, Victoria",,2026-08-03,linkedin,new,https://www.linkedin.com/jobs/view/4445869893
2127,43,EY,"Data Engineer, AI and Data, Technology Consulting","Brisbane, Queensland",,2026-08-03,linkedin,new,https://www.linkedin.com/jobs/view/4445883860
1808,43,Central Bicol State University of Agriculture - Pili Main Campus,Full Stack Developer / Business Analys,Unknown,,2026-08-02,linkedin,new,https://www.linkedin.com/jobs/view/4445826673
1577,43,Business Platform,Full Stack Developer / Business Analys,Unknown,,2026-08-01,linkedin,new,https://www.linkedin.com/jobs/view/4445583535
1440,43,HCLTech - Australia and New Zealand,Software Engineer,"Sydney, New South Wales",,2026-07-31,linkedin,new,https://www.linkedin.com/jobs/view/4427830383
1460,43,Portal Electrominería,Full Stack Developer / Business Analys,Unknown,,2026-07-31,linkedin,new,https://www.linkedin.com/jobs/view/4445086337
1551,43,HireMap,Data Engineer,"Sydney, New South Wales",,2026-07-31,linkedin,new,https://www.linkedin.com/jobs/view/4446957060
1223,43,Jobgether,Machine Learning Engineer,(Remote),,2026-07-29,linkedin,new,https://www.linkedin.com/jobs/view/4446031043
1242,43,Big Wave Digital,Full Stack Developer – Crypto + FX Exchange Platform,"Sydney, New South Wales",,2026-07-29,linkedin,new,https://www.linkedin.com/jobs/view/4446059853
840,43,BAE Systems Australia,Software Engineer,"Williamtown, New South Wales",,2026-07-27,linkedin,new,https://www.linkedin.com/jobs/view/4445924557
945,43,Databricks,Solutions Architect,Australian Capital Territory,,2026-07-25,linkedin,new,https://www.linkedin.com/jobs/view/4414066197
483,43,Compass Education,Full Stack Software Engineer,"North Sydney, New South Wales",,2026-07-24,linkedin,new,https://www.linkedin.com/jobs/view/4444780939
501,43,Compass Education,Full Stack Software Engineer,"Melbourne, Victoria",,2026-07-24,linkedin,new,https://www.linkedin.com/jobs/view/4444795167
480,43,Arista Networks,"Graduate Software Engineer, EOS - Sydney","Sydney, New South Wales",,2026-07-23,linkedin,new,https://www.linkedin.com/jobs/view/4439161117
266,43,Watermelon,Software Engineer,"Sydney, New South Wales",,2026-07-22,linkedin,new,https://www.linkedin.com/jobs/view/4425993574
45,43,Amazon Web Services (AWS),"Software Development Graduate, AWS, 2027 Sydney","Sydney, New South Wales",,2026-07-21,linkedin,new,https://www.linkedin.com/jobs/view/4443019983
76,43,Amazon Web Services (AWS),Software Development Engineer,"Sydney, New South Wales",,2026-07-21,linkedin,new,https://www.linkedin.com/jobs/view/4443035509
46,43,Amazon Web Services (AWS),"Software Development Graduate, AWS, 2026 Sydney","Sydney, New South Wales",,2026-07-20,linkedin,new,https://www.linkedin.com/jobs/view/4443035787
5164,42,CAREER PANACEA,Cyber Security Intern,"Sydney, New South Wales, (Remote)",,2026-08-11,linkedin,new,https://www.linkedin.com/jobs/view/4452413021
4610,42,Kaizen Global Technologies,Backend Engineer,"Sydney, New South Wales",,2026-08-10,linkedin,new,https://www.linkedin.com/jobs/view/4450995849
3663,42,Hire Feed,Fullstack Developer (React/Node.js) (Remote),(Remote),,2026-08-07,linkedin,new,https://www.linkedin.com/jobs/view/4450067229
3201,42,Improve Sports,AI Engineer,New South Wales,,2026-08-06,linkedin,new,https://www.linkedin.com/jobs/view/4450206585
3531,42,Long Resources Ltd,Java / Kotlin Developer,"Sydney, New South Wales, (Remote)",,2026-08-06,linkedin,new,https://www.linkedin.com/jobs/view/4450652556
2758,42,Mindrift,Freelance Full-Stack Web App Developer,(Remote),,2026-08-05,linkedin,new,https://www.linkedin.com/jobs/view/4449449738
2326,42,Jobgether,Software Craftsperson/Java/Angular,(Remote),,2026-08-04,linkedin,new,https://www.linkedin.com/jobs/view/4448262957
1949,42,randstad digital australia,Full stack Engineer (Permanent | Backend focus),"Millers Point, New South Wales",,2026-08-03,linkedin,new,https://www.linkedin.com/jobs/view/4447677738
2115,42,CareCone Group,Data Engineer - AWS,"Sydney, New South Wales",,2026-08-03,linkedin,new,https://www.linkedin.com/jobs/view/4448127461
2116,42,uniquehire,Data Engineer,"Sydney, New South Wales",,2026-08-03,linkedin,new,https://www.linkedin.com/jobs/view/4448150092
2128,42,CareCone Group,Sr. Data Engineer (AWS + Telecom),"Sydney, New South Wales",,2026-08-03,linkedin,new,https://www.linkedin.com/jobs/view/4448138237
1573,42,SolarSys Innovations Private Ltd,GCP Programmer,"Sydney, New South Wales, (Remote)",,2026-07-31,linkedin,new,https://www.linkedin.com/jobs/view/4446987614
1700,42,Samsara Eco,Data Engineer,"Williamsdale, New South Wales",,2026-07-31,linkedin,new,https://www.linkedin.com/jobs/view/4444115268
1153,42,1QLabs,Junior AI Full-Stack Engineer (Contract),"Sydney, New South Wales, (Remote)",,2026-07-29,linkedin,new,https://www.linkedin.com/jobs/view/4445796505
1231,42,Google,"Front-End Software Engineer, Google Photos","Sydney, New South Wales",,2026-07-29,linkedin,new,https://www.linkedin.com/jobs/view/4444102473
1327,42,Talenza,Back End Developer,"Sydney, New South Wales",,2026-07-28,linkedin,new,https://www.linkedin.com/jobs/view/4443209925
960,42,Anduril Industries,"Manager, Software Engineering","Sydney, New South Wales",,2026-07-25,linkedin,new,https://www.linkedin.com/jobs/view/4317044571
597,42,TheDriveGroup,Solutions Architect,"Sydney, New South Wales",,2026-07-24,linkedin,new,https://www.linkedin.com/jobs/view/4444307026
661,42,RunTime - Engineering Recruitment,Embedded Software Engineer,(Remote),,2026-07-24,linkedin,new,https://www.linkedin.com/jobs/view/4444048578
335,42,BlueRock,Start up - DevOps Engineer,"Richmond, Victoria",,2026-07-23,linkedin,new,https://www.linkedin.com/jobs/view/4426724994
384,42,Google,"Systems Development Engineer, Edge Networking","Sydney, New South Wales, (Remote)",,2026-07-23,linkedin,new,https://www.linkedin.com/jobs/view/4435838197
99,42,Avance Consulting,Data Scientist – AI/LLM (Azure),"Perth, Western Australia",,2026-07-22,linkedin,new,https://www.linkedin.com/jobs/view/4442938201
305,42,CMSN Group Pty Ltd,Software QA Engineer,Greater Sydney Area,,2026-07-22,linkedin,new,https://www.linkedin.com/jobs/view/4443164222
313,42,CMSN Group Pty Ltd,DevOps Engineer,"Greater Sydney Area, (Remote)",,2026-07-22,linkedin,new,https://www.linkedin.com/jobs/view/4443147833
458,42,Tata Consultancy Services,Platform Engineer,"Melbourne, Victoria",,2026-07-22,linkedin,new,https://www.linkedin.com/jobs/view/4442968535
51,42,revolutioniseSPORT,Software Engineer,Greater Sydney Area,,2026-07-20,linkedin,new,https://www.linkedin.com/jobs/view/4442019507
5059,41,Etihad Airport Services Cargo,"QA Analyst - Australia Only (Remote, Entry-Level)",(Remote),,2026-08-11,linkedin,new,https://www.linkedin.com/jobs/view/4452189445
4425,41,Dematic,Graduate Software Engineer,"Belrose, New South Wales, (Remote)",,2026-08-09,linkedin,new,https://www.linkedin.com/jobs/view/4411507651
3749,41,TikTok,"iOS Software Engineer, TikTok Live Revenue - Australia","Sydney, New South Wales",,2026-08-06,linkedin,rejected,https://www.linkedin.com/jobs/view/4449782512
4122,41,TikTok,Revenue Product Operations Intern (TikTok LIVE-Revenue) - 2027 Start,"Sydney, New South Wales",,2026-08-06,linkedin,rejected,https://www.linkedin.com/jobs/view/4449393196
2205,41,FR Consultancy,Full Stack-AI Engineer,"Sydney, New South Wales",,2026-08-05,linkedin,new,https://www.linkedin.com/jobs/view/4449439750
2533,41,DWS,Solutions Architect Cloud & Infrastructure,"Adelaide, South Australia",,2026-08-04,linkedin,new,https://www.linkedin.com/jobs/view/4448677396
1571,41,Enterprise AI Group,Junior Backend Engineer,"Sydney, New South Wales",,2026-07-31,linkedin,new,https://www.linkedin.com/jobs/view/4447103009
1348,41,Compass Education,Full Stack Software Engineer,"North Sydney, New South Wales",,2026-07-30,linkedin,new,https://www.linkedin.com/jobs/view/4444525087
1382,41,Bilue,AI Data Scientist (expression of interest),"Sydney, New South Wales",,2026-07-30,linkedin,new,https://www.linkedin.com/jobs/view/4446721327
1383,41,Medibank,AI Engineer,"Melbourne, Victoria",,2026-07-30,linkedin,new,https://www.linkedin.com/jobs/view/4446489794
1426,41,Crossing Hurdles,Software Engineer | Remote,(Remote),,2026-07-30,linkedin,new,https://www.linkedin.com/jobs/view/4444554169
1663,41,DFP Recruitment,AI Engineer,"Canberra, Australian Capital Territory",,2026-07-30,linkedin,new,https://www.linkedin.com/jobs/view/4446731124
1281,41,Launch Group,Data Engineer,"Sydney, New South Wales",,2026-07-29,linkedin,new,https://www.linkedin.com/jobs/view/4446044636
1199,41,Boston Consulting Group (BCG),"Forward Deployed AI  Engineer - Consulting (Graduate), BCG X","Perth, Western Australia",,2026-07-28,linkedin,new,https://www.linkedin.com/jobs/view/4436233158
923,41,Motion Recruitment,Data Engineer,"Sydney, New South Wales",,2026-07-27,linkedin,new,https://www.linkedin.com/jobs/view/4445673159
631,41,NiCE,Forward Deployed Engineer,"Sydney, New South Wales",,2026-07-25,linkedin,new,https://www.linkedin.com/jobs/view/4406777922
681,41,Airtasker,Data Platform Engineer,"Greater Sydney Area, (Remote)",,2026-07-25,linkedin,new,https://www.linkedin.com/jobs/view/4424828527
484,41,Citadel Securities,Full Stack Software Engineer,"Sydney, New South Wales",,2026-07-23,linkedin,new,https://www.linkedin.com/jobs/view/4441546769
125,41,Peoplebank,"Fullstack Developer - React, TypeScript, and Node.js.","Sydney, New South Wales",,2026-07-22,linkedin,new,https://www.linkedin.com/jobs/view/4442982083
162,41,Serco,Data Engineer,"Sydney, New South Wales",,2026-07-21,linkedin,new,https://www.linkedin.com/jobs/view/4434968058
4657,40,PT Graha Curah Niaga,Data Analyst / Graduate Data Analyst / Reporting Analyst,New South Wales,,2026-08-10,linkedin,new,https://www.linkedin.com/jobs/view/4449530160
4525,40,randstad digital australia,Data Engineer / SQL Specialist,"Kuluin, Queensland",,2026-08-07,linkedin,new,https://www.linkedin.com/jobs/view/4450088648
3093,40,GANDARA ARENZO & DE LAS CARRERAS,ENTRY LEVEL SOFTWARE DEVELOPE -Australia Only,(Remote),,2026-08-06,linkedin,new,https://www.linkedin.com/jobs/view/4449376178
3347,40,Apple,2027 Apple Internship - Information Systems and Technology (AUS),"Sydney, New South Wales",,2026-08-06,linkedin,new,https://www.linkedin.com/jobs/view/4449738489
3349,40,Nityo Infotech,Full Stack Engineer,"Brisbane, Queensland",,2026-08-06,linkedin,new,https://www.linkedin.com/jobs/view/4449744500
3426,40,Transport for NSW,Junior Software Developer - Temporary opportunity until 30 June 2027,"Parramatta, New South Wales",,2026-08-06,linkedin,new,https://www.linkedin.com/jobs/view/4450600032
3437,40,Jobgether,Applied AI Engineer - ANZ,(Remote),,2026-08-06,linkedin,new,https://www.linkedin.com/jobs/view/4449985039
2159,40,Achieve Dwell,QA Tester / Automation Engineer,"Sydney, New South Wales",,2026-08-05,linkedin,new,https://www.linkedin.com/jobs/view/4448599888
2204,40,Talent Forge Group,AI Engineer,"Sydney, New South Wales",,2026-08-05,linkedin,new,https://www.linkedin.com/jobs/view/4448919394
2420,40,Advance Delivery Consulting,Software Engineer – Junior and Mid– Multiple roles,"Hornsby, New South Wales",,2026-08-05,linkedin,new,https://www.linkedin.com/jobs/view/4447345307
2428,40,ITbility,Core Java,"Sydney, New South Wales",,2026-08-05,linkedin,new,https://www.linkedin.com/jobs/view/4448936063
2468,40,Novus Recruitment Solutions,Robotics Software Engineers,"Brisbane, Queensland, (Remote)",,2026-08-05,linkedin,new,https://www.linkedin.com/jobs/view/4448938222
2893,40,Cognition,Applied AI Engineer - ANZ,"Sydney, New South Wales",,2026-08-05,linkedin,new,https://www.linkedin.com/jobs/view/4448050468
2143,40,Lockheed Martin,Graduate Software Engineering - February 2027,"Newcastle, New South Wales",,2026-08-04,linkedin,new,https://www.linkedin.com/jobs/view/4446299196
2301,40,OutSystems,OutSystems Developer (Contractor),"Sydney, New South Wales, (Remote)",,2026-08-04,linkedin,new,https://www.linkedin.com/jobs/view/4449024365
2307,40,OutSystems,OutSystems Developer (Contractor),"Melbourne, Victoria, (Remote)",,2026-08-04,linkedin,new,https://www.linkedin.com/jobs/view/4449023370
2096,40,Mindrift,Freelance Full-Stack Web App Developer,(Remote),,2026-08-03,linkedin,new,https://www.linkedin.com/jobs/view/4448302016
1760,40,Databricks,Sr. Solutions Architect,"Sydney, New South Wales",,2026-08-01,linkedin,new,https://www.linkedin.com/jobs/view/4428228309
1578,40,IBM,Graduate/Associate - SAP AI Platform Consultant,"Sydney, New South Wales",,2026-07-31,linkedin,new,https://www.linkedin.com/jobs/view/4435949816
1651,40,Bunnings,AI Engineer,"Melbourne, Victoria",,2026-07-31,linkedin,new,https://www.linkedin.com/jobs/view/4447507344
1317,40,CivilJobs Empregos e Oportunidades,Web Developer,Unknown,,2026-07-30,linkedin,new,https://www.linkedin.com/jobs/view/4444195870
1250,40,Big Wave Digital,Full Stack Developer – Tech Platform.  C#/.NET + React + TypeScript | c. $200k Package,"Sydney, New South Wales",,2026-07-29,linkedin,new,https://www.linkedin.com/jobs/view/4446070624
1090,40,Lander & Rogers,Data Engineer,"Greater Perth Area, (Remote)",,2026-07-28,linkedin,new,https://www.linkedin.com/jobs/view/4445474277
958,40,ASX,"Software Engineer, DevOps, configuration and enhancement","Sydney, New South Wales",,2026-07-27,linkedin,new,https://www.linkedin.com/jobs/view/4436059501
776,40,Google,"Front-End Software Engineer, Google Photos","Sydney, New South Wales",,2026-07-26,linkedin,new,https://www.linkedin.com/jobs/view/4426946907
764,40,Commonwealth Superannuation Corporation,Test Automation Lead - hybrid/remote,"Canberra, Australian Capital Territory, (Remote)",,2026-07-24,linkedin,new,https://www.linkedin.com/jobs/view/4444079760
300,40,Philip Morris International,Data Scientist,"Melbourne, Victoria",,2026-07-22,linkedin,new,https://www.linkedin.com/jobs/view/4435117697
199,40,Flight Centre Travel Group,"Machine Learning Engineer - South Bank, QLD","Brisbane, Queensland",,2026-07-20,linkedin,new,https://www.linkedin.com/jobs/view/4422655676
5054,39,Synapse Sdn. Bhd.,Junior Developer,"Sydney, New South Wales",,2026-08-11,linkedin,new,https://www.linkedin.com/jobs/view/4451486561
4599,39,PAKISTAN INTERNATIONAL CARGO,Operations Associate- Australia Only (Entry / Junior Level),Unknown,,2026-08-10,linkedin,new,https://www.linkedin.com/jobs/view/4449529187
4602,39,Cal-Comp Brasil,"Data Insights Analys - Australia Only (Remote, Entry-Level)",(Remote),,2026-08-10,linkedin,new,https://www.linkedin.com/jobs/view/4449529151
4604,39,PAKISTAN INTERNATIONAL CARGO,Data Analys (Entry / Junior),Unknown,,2026-08-10,linkedin,new,https://www.linkedin.com/jobs/view/4449514880
4605,39,SPE Africa Region,"Customer Success Consultant - Australia Only (Remote, Entry-Level)",(Remote),,2026-08-10,linkedin,new,https://www.linkedin.com/jobs/view/4450978935
4614,39,African American Leadership Walgreens Region 28,QA Tester / Automation Engineer,Unknown,,2026-08-10,linkedin,new,https://www.linkedin.com/jobs/view/4450988982
4745,39,GHD,Team Leader - Software Development,"Sydney, New South Wales, (Remote)",,2026-08-10,linkedin,new,https://www.linkedin.com/jobs/view/4451119984
4954,39,American Red Cross Missouri and Arkansas Region,"IT Support Office - Australia Only (Remote, Entry-Level)",(Remote),,2026-08-10,linkedin,new,https://www.linkedin.com/jobs/view/4451107154
3361,39,Virgin Australia,AI Engineering Lead,"Sydney, NSW, (Remote)",,2026-08-06,indeed,new,https://au.indeed.com/viewjob?jk=0531f1c62f5741ea
2529,39,Talent,Full Stack Developer (React & Node),"Sydney, New South Wales",,2026-08-05,linkedin,new,https://www.linkedin.com/jobs/view/4447365198
2638,39,Talent Insights Group,Data Engineer,"Sydney, New South Wales, (Remote)",,2026-08-05,linkedin,new,https://www.linkedin.com/jobs/view/4448973702
2723,39,Maincode,AI Software Engineer (Back End),"Melbourne, Victoria",,2026-08-05,linkedin,new,https://www.linkedin.com/jobs/view/4381552675
3211,39,Jobgether,AI Platform Engineer,(Remote),,2026-08-04,linkedin,new,https://www.linkedin.com/jobs/view/4448281077
1926,39,Mutinex,Software Engineer,"Sydney, New South Wales",,2026-08-03,linkedin,new,https://www.linkedin.com/jobs/view/4447901182
1979,39,Databricks,AI Engineer - FDE (Forward Deployed Engineer),"Sydney, New South Wales, (Remote)",,2026-08-03,linkedin,new,https://www.linkedin.com/jobs/view/4349280445
2499,39,Mutinex,Software Engineer,"Chippendale, NSW",,2026-08-03,indeed,new,https://au.indeed.com/viewjob?jk=379539684ba7e17a
1552,39,uniquehire,Data Engineer,Greater Sydney Area,,2026-07-31,linkedin,new,https://www.linkedin.com/jobs/view/4447272571
1653,39,Endava,Agentic Developer,"Perth, Western Australia",,2026-07-31,linkedin,new,https://www.linkedin.com/jobs/view/4446974049
1338,39,BAH Partners,Python Developer,"Sydney, New South Wales",,2026-07-30,linkedin,new,https://www.linkedin.com/jobs/view/4446483809
1009,39,AEY & Associates,Algorithms Software Engineer,"Sydney, New South Wales",,2026-07-28,linkedin,new,https://www.linkedin.com/jobs/view/4445493162
550,39,Anduril Industries,Software Engineer,"Sydney, New South Wales, (Remote)",,2026-07-24,linkedin,applied,https://www.linkedin.com/jobs/view/4316028952
393,39,Twine,Full Stack Engineer – AI SaaS (Contract),Unknown,,2026-07-23,linkedin,new,https://www.linkedin.com/jobs/view/4431094446
265,39,ALOIS UK,SOFTWARE ENGINEER,"Sydney, New South Wales",,2026-07-22,linkedin,new,https://www.linkedin.com/jobs/view/4443915906
459,39,Collingwood Football Club,Data Engineer,"Melbourne, Victoria",,2026-07-22,linkedin,new,https://www.linkedin.com/jobs/view/4443429537
334,39,EY,Software Engineer (Optimisation),"Perth, Western Australia, (Remote)",,2026-07-21,linkedin,new,https://www.linkedin.com/jobs/view/4434963826
5185,38,Westpac Group,Technology Service Owner,"Barangaroo, NSW",,2026-08-11,indeed,new,https://au.indeed.com/viewjob?jk=12a6ee54f547af6b
5279,38,Amazon,Graduate Network Dev Engineer,"Sydney, New South Wales",,2026-08-11,linkedin,new,https://www.linkedin.com/jobs/view/4443033140
4779,38,DuluxGroup,Data Scientist,"Clayton, Victoria",,2026-08-10,linkedin,new,https://www.linkedin.com/jobs/view/4451393386
2890,38,Kaizen Global Technologies,Artificial Intelligence Engineer,"Sydney, New South Wales",,2026-08-06,linkedin,new,https://www.linkedin.com/jobs/view/4449314714
2891,38,Kaizen Global Technologies,AI Engineer,"Sydney, New South Wales",,2026-08-06,linkedin,new,https://www.linkedin.com/jobs/view/4449314738
4135,38,Journey Beyond,Applications Developer,"Adelaide, South Australia",,2026-08-06,linkedin,new,https://www.linkedin.com/jobs/view/4450203062
2738,38,Tata Consultancy Services,Artificial Intelligence Engineer,"Sydney, New South Wales",,2026-08-05,linkedin,new,https://www.linkedin.com/jobs/view/4448980708
2498,38,Virgin Australia,"Engineering Lead, Cloud Automation","Sydney, NSW, (Remote)",,2026-08-04,indeed,new,https://au.indeed.com/viewjob?jk=8701bfc3a0ec6d20
2249,38,Google,Associate Product Marketing Manager,"Sydney, New South Wales",,2026-08-03,linkedin,new,https://www.linkedin.com/jobs/view/4448209128
2334,38,ShopGrok,Data Platform Engineer,"Sydney, New South Wales",,2026-08-03,linkedin,new,https://www.linkedin.com/jobs/view/4448256089
2341,38,ShopGrok,Data Platform Engineer,"Chippendale, Queensland",,2026-08-03,linkedin,new,https://www.linkedin.com/jobs/view/4448622974
1845,38,Just Digital People,Full Stack Engineer,"Sydney, New South Wales, (Remote)",,2026-08-02,linkedin,new,https://www.linkedin.com/jobs/view/4447639577
1798,38,Launch Group,Lead Data Engineer,"Sydney, New South Wales",,2026-07-31,linkedin,new,https://www.linkedin.com/jobs/view/4435944229
1526,38,WNS,Group Manager-Analytics,"Sutherland, New South Wales",,2026-07-30,linkedin,new,https://www.linkedin.com/jobs/view/4342731963
1055,38,DX1,AI Engineer,"Melbourne, Victoria",,2026-07-28,linkedin,new,https://www.linkedin.com/jobs/view/4443223717
1060,38,Woolworths Group,Expression of Interest- Data Science,"Bella Vista, New South Wales",,2026-07-28,linkedin,new,https://www.linkedin.com/jobs/view/4445422399
552,38,I-CURA PTY LTD,Software Engineer,"Melbourne, Victoria",,2026-07-24,linkedin,new,https://www.linkedin.com/jobs/view/4444049443
760,38,BAE Systems Australia,Software Engineer,"Edinburgh, South Australia",,2026-07-24,linkedin,new,https://www.linkedin.com/jobs/view/4444930912
762,38,BAE Systems,Software Engineer,"Edinburgh, South Australia",,2026-07-24,linkedin,new,https://www.linkedin.com/jobs/view/4444948624
829,38,Jobgether,SWE Infrastructure Specialist (JS/TS/Python) – Freelance AI Trainer Project,(Remote),,2026-07-24,linkedin,new,https://www.linkedin.com/jobs/view/4444314743
193,38,Paxus,Software Engineer,"Sydney, New South Wales",,2026-07-23,linkedin,new,https://www.linkedin.com/jobs/view/4441503166
294,38,Twine,AI/ML Engineer – Remote,(Remote),,2026-07-23,linkedin,new,https://www.linkedin.com/jobs/view/4431097436
322,38,Woolworths Group,Mobility Engineer / Android & Omnissa,"Sydney, New South Wales",,2026-07-23,linkedin,new,https://www.linkedin.com/jobs/view/4444282222
5275,37,After Realism,GIS Developer,(Remote),,2026-08-11,linkedin,new,https://www.linkedin.com/jobs/view/4451639655
4606,37,Expand Your Mindset,QA Tester / Automation Engineer,"Sydney, New South Wales",,2026-08-10,linkedin,new,https://www.linkedin.com/jobs/view/4451120141
4620,37,Rest,"ServiceNow Engineer, 12 month FTC","Sydney, New South Wales",,2026-08-10,linkedin,new,https://www.linkedin.com/jobs/view/4449540099
4626,37,ELMO Software,Product Owner,"Melbourne, Victoria",,2026-08-10,linkedin,new,https://www.linkedin.com/jobs/view/4450999255
4878,37,Downer,Data Platforms Engineer (Azure DataBricks),"Sydney, New South Wales",,2026-08-10,linkedin,new,https://www.linkedin.com/jobs/view/4451532003
4641,37,Salsa Digital,Solutions Architect,(Remote),,2026-08-09,linkedin,new,https://www.linkedin.com/jobs/view/4450991580
4049,37,King Salman Gate | بوابة الملك سلمان,ENTRY LEVEL SOFTWARE DEVELOPE -Australia Only,(Remote),,2026-08-08,linkedin,new,https://www.linkedin.com/jobs/view/4450520380
3532,37,Portal STG News,ENTRY LEVEL SOFTWARE DEVELOPE -Australia Only,(Remote),,2026-08-07,linkedin,new,https://www.linkedin.com/jobs/view/4448705152
3658,37,Pluralis Research,Machine Learning Engineer - Intern,"Sydney, New South Wales, (Remote)",,2026-08-07,linkedin,new,https://www.linkedin.com/jobs/view/4448741439
3660,37,Pluralis Research,Machine Learning Engineer - Intern,"Melbourne, Victoria, (Remote)",,2026-08-07,linkedin,new,https://www.linkedin.com/jobs/view/4448744394
3674,37,CareCone Group,GCP Engineer,"Sydney, New South Wales",,2026-08-07,linkedin,new,https://www.linkedin.com/jobs/view/4450057594
3843,37,CareCone Group,GCP Engineer,"Sydney, New South Wales",,2026-08-07,linkedin,new,https://www.linkedin.com/jobs/view/4450082227
2870,37,LAS - Laboratoire d'anthropologie sociale,ENTRY LEVEL SOFTWARE DEVELOPE -Australia Only,(Remote),,2026-08-06,linkedin,new,https://www.linkedin.com/jobs/view/4448072716
3000,37,Comando Conjunto de las Fuerzas Armadas,ENTRY LEVEL SOFTWARE DEVELOPE -Australia Only,(Remote),,2026-08-06,linkedin,new,https://www.linkedin.com/jobs/view/4448066793
3008,37,FR Consultancy,.Net Backend Developer,"Sydney, New South Wales",,2026-08-06,linkedin,new,https://www.linkedin.com/jobs/view/4449976221
3097,37,BJAK,Full Stack Engineer,(Remote),,2026-08-06,linkedin,new,https://www.linkedin.com/jobs/view/4449341785
2530,37,BJAK,Backend Software Engineer - AI Finance Agent,(Remote),,2026-08-05,linkedin,new,https://www.linkedin.com/jobs/view/4448932509
2614,37,Pro Vege,ENTRY LEVEL SOFTWARE DEVELOPE -Australia Only,(Remote),,2026-08-05,linkedin,new,https://www.linkedin.com/jobs/view/4447377307
2874,37,ted,Software Developer,"Brisbane, Queensland",,2026-08-05,linkedin,new,https://www.linkedin.com/jobs/view/4449303697
2875,37,RWS Global,Software Developer,"Brisbane, Queensland",,2026-08-05,linkedin,new,https://www.linkedin.com/jobs/view/4449910150
2266,37,Electric Future,Product Owner – EV Charging & Home Electrification,(Remote),,2026-08-04,linkedin,new,https://www.linkedin.com/jobs/view/4448516034
2111,37,Experian Asia Pacific,Associate Analytics Consultant - Consumer Marketing,"North Sydney, New South Wales",,2026-08-03,linkedin,new,https://www.linkedin.com/jobs/view/4439783831
1894,37,Maincode,AI Software Engineer (Model Training),"Melbourne, Victoria",,2026-08-02,linkedin,new,https://www.linkedin.com/jobs/view/4380084305
1486,37,DWS,Solutions Architect - Salesforce Integration,"Geelong, Victoria",,2026-07-31,linkedin,new,https://www.linkedin.com/jobs/view/4447279024
1488,37,Valiant Finance,AI Product Manager (Enteprise),"Sydney, New South Wales",,2026-07-31,linkedin,new,https://www.linkedin.com/jobs/view/4446943987
1494,37,Talent Aligned,Full Stack Engineer (React/Node),"North Sydney, New South Wales",,2026-07-31,linkedin,new,https://www.linkedin.com/jobs/view/4446988059
1505,37,HCLTech - Australia and New Zealand,Agentic AI Engineer,"Sydney, New South Wales",,2026-07-31,linkedin,new,https://www.linkedin.com/jobs/view/4437638771
1599,37,DWS,Solutions Architect - Salesforce Integration,Victoria,,2026-07-31,linkedin,new,https://www.linkedin.com/jobs/view/4446989598
1324,37,Westpac Institutional and Business,CRM Data Product Owner,"Sydney, New South Wales",,2026-07-30,linkedin,new,https://www.linkedin.com/jobs/view/4447001541
1373,37,Kaizen Global Technologies,Backend Engineer,"Sydney, New South Wales",,2026-07-30,linkedin,new,https://www.linkedin.com/jobs/view/4446700739
1429,37,"Meridial Marketplace, by Invisible",SWE Infrastructure Specialist (JS/TS/Python) – Freelance AI Trainer Project,(Remote),,2026-07-30,linkedin,new,https://www.linkedin.com/jobs/view/4346421156
1527,37,University of Newcastle,Dynamics 365 Developer,"Callaghan, New South Wales, (Remote)",,2026-07-30,linkedin,new,https://www.linkedin.com/jobs/view/4446493365
1176,37,Valiant Finance,AI Product Manager (Core),"Sydney, New South Wales",,2026-07-29,linkedin,new,https://www.linkedin.com/jobs/view/4446014421
1353,37,Tata Consultancy Services,Platform Engineer,"Sydney, New South Wales",,2026-07-29,linkedin,new,https://www.linkedin.com/jobs/view/4428044702
858,37,NCS Group Australia,Salesforce Commerce Cloud Architect - SFCC,"Sydney, New South Wales",,2026-07-27,linkedin,new,https://www.linkedin.com/jobs/view/4429276395
475,37,Transport Accident Commission (TAC),Product Owner,"South Geelong, Victoria",,2026-07-24,linkedin,new,https://www.linkedin.com/jobs/view/4444796950
779,37,Cursor,Solutions Architect - Australia,Unknown,,2026-07-24,linkedin,new,https://www.linkedin.com/jobs/view/4427123807
432,37,Infotrust,DevOps Engineer,Greater Sydney Area,,2026-07-22,linkedin,new,https://www.linkedin.com/jobs/view/4443930309
39,37,Metro Finance,Product Owner,"Sydney, New South Wales",,2026-07-21,linkedin,new,https://www.linkedin.com/jobs/view/4443314681
250,37,NAB,Product Owner – Payments Platform Modernisation,"Melbourne, Victoria",,2026-07-21,linkedin,new,https://www.linkedin.com/jobs/view/4440424307
460,37,UpperGround by Hudson,Cloud DevOps Engineer (AWS),"Brisbane, Queensland",,2026-07-21,linkedin,new,https://www.linkedin.com/jobs/view/4442293592
5337,36,CommBank,2026/27 CommBank Summer Intern Program: CommSec,"Sydney, NSW","$60,000 - $70,000 /yearly",2026-08-12,jora,new,https://au.jora.com/job/2026-27-CommBank-0ee92c7abaff70142e988802100e8d9a
5053,36,La Rentrée Numérique,Graduate Data Analyst / Junior Data Analyst / Data Analyst,New South Wales,,2026-08-11,linkedin,new,https://www.linkedin.com/jobs/view/4452132058
5055,36,NCL - Neutral Cargo Logistics Maroc,ENTRY LEVEL SOFTWARE DEVELOPE -Australia Only,Unknown,,2026-08-11,linkedin,new,https://www.linkedin.com/jobs/view/4452180464
4736,36,University of Sydney,AI Graduate,"Sydney, New South Wales",,2026-08-10,linkedin,new,https://www.linkedin.com/jobs/view/4449528602
4780,36,NSW Government,Business Intelligence Manager,"Sydney, NSW",,2026-08-10,indeed,new,https://au.indeed.com/viewjob?jk=53342de4a2190727
4069,36,Region 10 Data Solutions,Data Analyt (Entry / Junior),"Sydney, New South Wales",,2026-08-08,linkedin,new,https://www.linkedin.com/jobs/view/4451043378
3853,36,Google,"Security Engineer, Detection","Sydney, New South Wales",,2026-08-06,linkedin,new,https://www.linkedin.com/jobs/view/4440693342
2325,36,BJAK,Android Software Engineer,(Remote),,2026-08-05,linkedin,new,https://www.linkedin.com/jobs/view/4448911677
2617,36,BJAK,Full Stack Software Engineer - AI Finance Agent,(Remote),,2026-08-05,linkedin,new,https://www.linkedin.com/jobs/view/4448975377
2626,36,Fujitsu,Lead Developer - Apps Modernisation,"Sydney, New South Wales",,2026-08-05,linkedin,new,https://www.linkedin.com/jobs/view/4447360375
2333,36,MESHKI,Data Engineer,"Mascot, New South Wales",,2026-08-04,linkedin,new,https://www.linkedin.com/jobs/view/4448814369
3442,36,DTEX,"Infrastructure Engineer, APAC",Unknown,,2026-08-04,linkedin,new,https://www.linkedin.com/jobs/view/4448460543
1946,36,iVEGA GROUP PTY LTD,Java Software Engineer,"Sydney, New South Wales",,2026-08-03,linkedin,new,https://www.linkedin.com/jobs/view/4448135736
1752,36,Braze,Solutions Architect,"Sydney, New South Wales",,2026-08-01,linkedin,new,https://www.linkedin.com/jobs/view/4411435725
1538,36,Fynd,Data Platform Engineer,(Remote),,2026-07-31,linkedin,new,https://www.linkedin.com/jobs/view/4446967075
1836,36,Zone IT Solutions,.Net Developer,"Sydney, New South Wales",,2026-07-31,linkedin,new,https://www.linkedin.com/jobs/view/4447279303
1393,36,Avance Consulting,Data Engineer,"Sydney, New South Wales",,2026-07-30,linkedin,new,https://www.linkedin.com/jobs/view/4446728546
1619,36,MYOB,Technical Product Manager,"Melbourne, Victoria",,2026-07-30,linkedin,new,https://www.linkedin.com/jobs/view/4447007106
998,36,YO AI Labs,Python Software Developer - Remote,"Sydney, New South Wales, (Remote)",,2026-07-28,linkedin,new,https://www.linkedin.com/jobs/view/4445443348
1143,36,Fremantle Dockers,Analytics Engineer,"Cockburn Central, Western Australia",,2026-07-28,linkedin,new,https://www.linkedin.com/jobs/view/4445483921
704,36,N2S.Global,AWS Data Architect,"Sydney, New South Wales",,2026-07-24,linkedin,new,https://www.linkedin.com/jobs/view/4444254945
766,36,Virgin Australia,Cloud Engineering Lead,"Brisbane, Queensland, (Remote)",,2026-07-24,linkedin,new,https://www.linkedin.com/jobs/view/4444094428
518,36,Australian Council for Educational Research,Data Scientist,"Melbourne, Victoria",,2026-07-23,linkedin,new,https://www.linkedin.com/jobs/view/4443809440
56,36,Think & Grow,AI Product Manager,"Sydney, New South Wales",,2026-07-21,linkedin,new,https://www.linkedin.com/jobs/view/4443336433
66,36,ProFound People,Junior Software Engineer,"Adelaide, South Australia",,2026-07-20,linkedin,new,https://www.linkedin.com/jobs/view/4432541121
94,36,HappyRobot,Founding Forward Deployed Engineer,"Sydney, New South Wales",,2026-07-19,linkedin,new,https://www.linkedin.com/jobs/view/4371981454
3103,35,Transport for NSW,Software Engineer,"Burwood, New South Wales",,2026-08-06,linkedin,new,https://www.linkedin.com/jobs/view/4449366301
3196,35,BAH Partners,Software Engineer,"Sydney, New South Wales",,2026-08-06,linkedin,new,https://www.linkedin.com/jobs/view/4449360641
3278,35,Microsoft,Account Technology Strategist - Sydney,"Sydney, New South Wales",,2026-08-06,linkedin,new,https://www.linkedin.com/jobs/view/4450242383
4161,35,Microsoft,Data Center Technician,"Sydney, New South Wales",,2026-08-06,linkedin,new,https://www.linkedin.com/jobs/view/4433097901
1583,35,Portal de Inovação UNISINOS,Graduate Developerr - Australia Only(Entry-Level / Junior),(Remote),,2026-08-01,linkedin,new,https://www.linkedin.com/jobs/view/4447407691
1842,35,Nimo Industries,Full Stack Developer - AWS serverless - Node.js React.js,"Melbourne, Victoria",,2026-08-01,linkedin,new,https://www.linkedin.com/jobs/view/4447459953
1498,35,BJAK,Full Stack Engineer,(Remote),,2026-07-31,linkedin,new,https://www.linkedin.com/jobs/view/4446966396
1537,35,BJAK,Backend Software Engineer - AI Finance Agent,(Remote),,2026-07-31,linkedin,new,https://www.linkedin.com/jobs/view/4446972461
1690,35,Challenger Limited,Lead Data Engineer,"Sydney, New South Wales",,2026-07-31,linkedin,new,https://www.linkedin.com/jobs/view/4447268028
1310,35,Astralearnia Technologies,"Graduate Developr (Remote, Entry-Level)","Sydney, New South Wales, (Remote)",,2026-07-30,linkedin,new,https://www.linkedin.com/jobs/view/4444505594
1411,35,SafetyCulture,Partner Enablement Lead,"Sydney, New South Wales",,2026-07-30,linkedin,new,https://www.linkedin.com/jobs/view/4446702061
1655,35,Hays,AI/ML Engineer,"Brisbane, Queensland",,2026-07-30,linkedin,new,https://www.linkedin.com/jobs/view/4446707238
1248,35,QBE Insurance,Product Owner – GICOP Claims Lead,"Sydney, New South Wales",,2026-07-29,linkedin,new,https://www.linkedin.com/jobs/view/4446011982
1665,35,Avance Clinical,AI Specialist,Unknown,,2026-07-29,linkedin,new,https://www.linkedin.com/jobs/view/4439930390
1037,35,ELMO Software,Product Owner,Greater Sydney Area,,2026-07-28,linkedin,new,https://www.linkedin.com/jobs/view/4436179825
925,35,Insignia Financial,Data Platform Engineer,"Sydney, New South Wales",,2026-07-27,linkedin,new,https://www.linkedin.com/jobs/view/4445661391
955,35,Transport for NSW,Software Engineer (Temporary Opportunity - up to 12 months),"Macquarie Park, New South Wales",,2026-07-27,linkedin,new,https://www.linkedin.com/jobs/view/4445664819
490,35,Latitude IT,Artificial Intelligence Engineer,"Sydney, New South Wales",,2026-07-24,linkedin,new,https://www.linkedin.com/jobs/view/4444301906
574,35,Superloop,Graduate Data Analyst,"Sydney, New South Wales",,2026-07-24,linkedin,new,https://www.linkedin.com/jobs/view/4426915470
188,35,Valiant Finance,AI Product Manager (Enteprise),"Sydney, New South Wales",,2026-07-22,linkedin,new,https://www.linkedin.com/jobs/view/4443102578
354,35,Easy Employer,Platform & Automation Engineer,"Adelaide, South Australia",,2026-07-22,linkedin,new,https://www.linkedin.com/jobs/view/4426736600
360,35,Tata Consultancy Services,Platform Engineer,"Sydney, New South Wales",,2026-07-22,linkedin,new,https://www.linkedin.com/jobs/view/4432143934
4924,34,People Group,Transport - Transport Allocator - Wetherill Park,"Wetherill Park, NSW","$75,000 /yearly",2026-08-11,jora,new,https://au.jora.com/job/Transport-Allocator-37ca393974fedef92513bbb995044cf5
5179,34,Babcock International,Data Analyst,"Sydney, NSW",,2026-08-11,indeed,new,https://au.indeed.com/viewjob?jk=96b7f7eb011c850e
5183,34,NSW Government,Assistant Product Coordinator,"Sydney, NSW",,2026-08-11,indeed,new,https://au.indeed.com/viewjob?jk=d9f65ca9145acd92
5379,34,Commonwealth Bank of Australia,2026/27 CommBank Summer Intern Program,"Sydney, NSW",,2026-08-11,indeed,new,https://au.indeed.com/viewjob?jk=0baacd1cdef3aa5e
4497,34,Infineon Technologies,Internship - Edge AI,Other Side Of The Moon,,2026-08-09,linkedin,new,https://www.linkedin.com/jobs/view/4433850329
4017,34,Xero,Partner Consultant,"Sydney, NSW",,2026-08-08,jora,new,https://au.jora.com/job/Consultant-e4c7e9a0aabc08402efc86c748dd5540
4041,34,Xero,Partner Consultant,"Brisbane, QLD",,2026-08-08,jora,new,https://au.jora.com/job/Consultant-a5c5b4afe9c1f899996707309eeed5a4
4123,34,Solvexia,Testing Engineer,"Sydney, New South Wales",,2026-08-08,linkedin,new,https://www.linkedin.com/jobs/view/4450514767
4236,34,Deloitte,Software and Cloud Engineer | Insight Box,"Sydney, New South Wales",,2026-08-08,linkedin,new,https://www.linkedin.com/jobs/view/4432956019
3533,34,Hatch,Full Stack Developer (Laravel + React + AI) @ C&G Ventures (AEK Media + SupplyScope),"Sydney, New South Wales",,2026-08-07,linkedin,new,https://www.linkedin.com/jobs/view/4448489350
3665,34,Aurora Energy Research,Associate Product Manager - Australia,"Sydney, New South Wales",,2026-08-07,linkedin,new,https://www.linkedin.com/jobs/view/4448746388
3747,34,Xero,Partner Consultant,"Sydney, New South Wales",,2026-08-07,linkedin,new,https://www.linkedin.com/jobs/view/4448759091
3979,34,Thales,Software Engineer,"Rydalmere, New South Wales",,2026-08-07,linkedin,new,https://www.linkedin.com/jobs/view/4441932434
3983,34,Deloitte,Software and Cloud Engineer | Insight Box,"Melbourne, Victoria",,2026-08-07,linkedin,new,https://www.linkedin.com/jobs/view/4432953251
4643,34,Optus,"Solutions Architect, CIAM","New South Wales, (Remote)",,2026-08-07,linkedin,new,https://www.linkedin.com/jobs/view/4448742751
4644,34,Xero,Partner Consultant,"Brisbane, Queensland",,2026-08-07,linkedin,new,https://www.linkedin.com/jobs/view/4448757244
2866,34,Leiner & kika Möbelhandelsges.m.b.H.,Junior Developer,"Sydney, New South Wales",,2026-08-06,linkedin,new,https://www.linkedin.com/jobs/view/4446698981
2872,34,Ampstek,Back End Developer (Need EX westpac),"Sydney, New South Wales",,2026-08-06,linkedin,new,https://www.linkedin.com/jobs/view/4449318720
3001,34,MBZUAI Incubation and Entrepreneurship Center (IEC),"Graduate Software Enginer (Hybrid, Entry-Level)","Sydney, New South Wales, (Remote)",,2026-08-06,linkedin,new,https://www.linkedin.com/jobs/view/4448072738
3002,34,CALT  Commandement de l'appui et de la logistique de théâtre,Junior Developer,"Sydney, New South Wales",,2026-08-06,linkedin,new,https://www.linkedin.com/jobs/view/4449986016
3431,34,Hatch,Full Stack Developer (Laravel + React + AI),"Sydney, New South Wales",,2026-08-06,linkedin,new,https://www.linkedin.com/jobs/view/4449776936
3552,34,Speechify,"Software Engineer, iOS Core Product - Sydney, Australia","Sydney, NSW, (Remote)",,2026-08-06,indeed,new,https://au.indeed.com/viewjob?jk=03bcdf8e39608d3d
2142,34,Grupo Financiero Atlántida,Junior Developer,"Sydney, New South Wales",,2026-08-05,linkedin,new,https://www.linkedin.com/jobs/view/4447329110
2538,34,BJAK,Applied AI Engineer,(Remote),,2026-08-05,linkedin,new,https://www.linkedin.com/jobs/view/4448938065
2539,34,BJAK,Applied AI Engineer - AI Finance Agent,(Remote),,2026-08-05,linkedin,new,https://www.linkedin.com/jobs/view/4448925821
2544,34,Ignte,Data and Reporting Analyst,Greater Sydney Area,,2026-08-05,linkedin,new,https://www.linkedin.com/jobs/view/4448953434
2887,34,Mutinex,Data Solutions Manager,"Sydney, New South Wales",,2026-08-05,linkedin,new,https://www.linkedin.com/jobs/view/4449103375
3854,34,Capital Executive Search,Data Scientist (Funds Management - Engineering Alpha),"Sydney, New South Wales",,2026-08-05,linkedin,new,https://www.linkedin.com/jobs/view/4448947631
2267,34,Cyient,Junior Full Stack Developer,"Sydney, New South Wales",,2026-08-04,linkedin,new,https://www.linkedin.com/jobs/view/4446278565
2329,34,Kira,Android Software Engineer - AI Neobank App,(Remote),,2026-08-04,linkedin,new,https://www.linkedin.com/jobs/view/4446281636
2466,34,Pakistan Professional Women Forum,Graduate Developerr - Australia Only(Entry-Level / Junior),(Remote),,2026-08-04,linkedin,new,https://www.linkedin.com/jobs/view/4448586624
1940,34,PERKX,Graduate Full Stack Developer (Backend),"Sydney, New South Wales",,2026-08-03,linkedin,new,https://www.linkedin.com/jobs/view/4446973797
1942,34,Ampstek,java Developer,"Sydney, New South Wales",,2026-08-03,linkedin,new,https://www.linkedin.com/jobs/view/4447692117
1975,34,Selby Jennings,C# Developer - Trading Technology - Leading HFT,"Sydney, New South Wales",,2026-08-03,linkedin,new,https://www.linkedin.com/jobs/view/4448153583
2112,34,ASX,Data Engineer,"Sydney, New South Wales",,2026-08-03,linkedin,new,https://www.linkedin.com/jobs/view/4447912095
1893,34,Maincode,AI Software Engineer (Front End),"Melbourne, Victoria",,2026-08-02,linkedin,new,https://www.linkedin.com/jobs/view/4380083349
2033,34,Australian Red Cross Lifeblood,Product Owner (AI Intelligent Systems),"West Melbourne, Victoria",,2026-08-02,linkedin,new,https://www.linkedin.com/jobs/view/4448102988
1716,34,Susquehanna International Group,C#/C++ Software Developer (Quoting),"Sydney, New South Wales",,2026-08-01,linkedin,new,https://www.linkedin.com/jobs/view/4409235530
1491,34,Canva,AI Program Manager (Localisation) - 12 Month Contract,"Sydney, New South Wales",,2026-07-31,linkedin,new,https://www.linkedin.com/jobs/view/4447277567
1502,34,BJAK,Full Stack Software Engineer - AI Finance Agent,(Remote),,2026-07-31,linkedin,new,https://www.linkedin.com/jobs/view/4446971379
1546,34,BJAK,Android Software Engineer,(Remote),,2026-07-31,linkedin,new,https://www.linkedin.com/jobs/view/4446956556
1795,34,BJAK,Android Software Engineer - AI Finance Agent,(Remote),,2026-07-31,linkedin,new,https://www.linkedin.com/jobs/view/4446956192
1364,34,Visagio Australia,Internship Program | Management & Technology Consulting,"Sydney, New South Wales",,2026-07-30,linkedin,new,https://www.linkedin.com/jobs/view/4446484855
1438,34,Commonwealth Bank,"Chapter Lead, Data Science (Operations)","Sydney, New South Wales",,2026-07-30,linkedin,new,https://www.linkedin.com/jobs/view/4436442757
1484,34,NCS Group Australia,Google Cloud Solution Architect - GCP,"Sydney, New South Wales",,2026-07-30,linkedin,new,https://www.linkedin.com/jobs/view/4447236080
1542,34,Twine,Software Engineer,(Remote),,2026-07-30,linkedin,new,https://www.linkedin.com/jobs/view/4445029439
1718,34,Garvan Institute of Medical Research,Research Assistant,"Sydney, New South Wales",,2026-07-30,linkedin,new,https://www.linkedin.com/jobs/view/4446718105
1325,34,Canva,AI Localisation Program Manager - 12 Month Contract,"Sydney, New South Wales",,2026-07-29,linkedin,new,https://www.linkedin.com/jobs/view/4446817695
1387,34,Virgin Australia,Data Scientist (AI),"Brisbane, Queensland, (Remote)",,2026-07-29,linkedin,new,https://www.linkedin.com/jobs/view/4446437955
1503,34,Tech Mahindra,Developer Programmer – 261312,Greater Melbourne Area,,2026-07-29,linkedin,new,https://www.linkedin.com/jobs/view/4445792778
1565,34,synogize,Consultant - Data & Analytics,"Melbourne, Victoria, (Remote)",,2026-07-29,linkedin,new,https://www.linkedin.com/jobs/view/4446040008
846,34,RobotistWorld,First Assistant Robotics Software & Integration Engineer — Humanoids & QuadrupedsDirector,"Sydney, New South Wales",,2026-07-27,linkedin,new,https://www.linkedin.com/jobs/view/4442390159
948,34,EPAM Systems,Lead Front End Engineer (React),"Sydney, New South Wales",,2026-07-27,linkedin,new,https://www.linkedin.com/jobs/view/4428239104
618,34,Talenza,AI Engineer,"Sydney, New South Wales",,2026-07-25,linkedin,new,https://www.linkedin.com/jobs/view/4441887141
551,34,Arista Networks,"Software Engineer, EOS (Early-career/Mid-level) - Sydney","Sydney, New South Wales",,2026-07-24,linkedin,new,https://www.linkedin.com/jobs/view/4435425811
588,34,MongoDB,Software Engineer 3,"Sydney, New South Wales",,2026-07-24,linkedin,new,https://www.linkedin.com/jobs/view/4399277303
698,34,Talent,Systems Development Engineer,"Sydney, New South Wales",,2026-07-24,linkedin,new,https://www.linkedin.com/jobs/view/4444044310
752,34,Goldman Sachs,"Global Advisory & Markets, Synthetics Products Group Engineer, Associate, Sydney","Sydney, New South Wales",,2026-07-24,linkedin,new,https://www.linkedin.com/jobs/view/4405307808
811,34,Vanta,"Solutions Engineer, Commercial+ - APJ","Sydney, New South Wales, (Remote)",,2026-07-24,linkedin,new,https://www.linkedin.com/jobs/view/4444067883
190,34,Compass Education,Software Engineer,"North Sydney, New South Wales",,2026-07-23,linkedin,new,https://www.linkedin.com/jobs/view/4444275446
456,34,Nexifi,AWS Snr Cloud Engineer,"Melbourne, Victoria",,2026-07-23,linkedin,new,https://www.linkedin.com/jobs/view/4443497515
512,34,Opus Recruitment Solutions,GIS Lead Data Engineer,"Perth, Western Australia",,2026-07-23,linkedin,new,https://www.linkedin.com/jobs/view/4443834336
674,34,Talent,Data Engineer,"Eveleigh, New South Wales",,2026-07-23,linkedin,new,https://www.linkedin.com/jobs/view/4444031627
229,34,Nityo Infotech,Full Stack .NET Developer,"Sydney, New South Wales",,2026-07-22,linkedin,new,https://www.linkedin.com/jobs/view/4442981368
331,34,Virgin Australia,Engineer - Developer Platform and AI-enabled SDLC,"Brisbane, Queensland, (Remote)",,2026-07-21,linkedin,new,https://www.linkedin.com/jobs/view/4442603779
437,34,Synechron,Platform Engineer / CICD,"Sydney, New South Wales",,2026-07-21,linkedin,new,https://www.linkedin.com/jobs/view/4430279855
4817,33,Australian Clinical Labs,Laboratory Assistant,"Osborne Park, WA",$28 /hourly,2026-08-11,jora,new,https://au.jora.com/job/Laboratory-Assistant-dd1a548d839ef75a894956b25f390555
4430,33,Talent,Artificial Intelligence / Machine Learning Engineer,"Canberra, Australian Capital Territory",,2026-08-09,linkedin,new,https://www.linkedin.com/jobs/view/4449503221
4045,33,Francophonie Zéro Plastique,Junior Developer,New South Wales,,2026-08-08,linkedin,new,https://www.linkedin.com/jobs/view/4451018232
1991,33,AC3,Hybrid Cloud Solutions Architect - Presales,"Sydney, New South Wales",,2026-08-03,linkedin,new,https://www.linkedin.com/jobs/view/4447910241
2117,33,Microsoft,Data Center Technician,"Sydney, New South Wales",,2026-08-03,linkedin,new,https://www.linkedin.com/jobs/view/4448169830
2199,33,Twine,Application Developer (Remote),(Remote),,2026-08-03,linkedin,new,https://www.linkedin.com/jobs/view/4446237177
2242,33,Cleared Professional Services,Solutions Architect,"Brisbane, Queensland",,2026-08-03,linkedin,new,https://www.linkedin.com/jobs/view/4448130318
1443,33,NSW Department of Customer Service,Developer,"Parramatta, New South Wales",,2026-07-31,linkedin,new,https://www.linkedin.com/jobs/view/4446965513
1509,33,Arinco,Azure AI Developer Consultant,"Sydney, New South Wales",,2026-07-31,linkedin,new,https://www.linkedin.com/jobs/view/4447240114
1818,33,Microsoft,Copilot & Agents Cloud Solution Architect,"Melbourne, Victoria",,2026-07-30,linkedin,new,https://www.linkedin.com/jobs/view/4430437940
1194,33,University of Wollongong,Associate Research Fellow (Software Engineer),"Wollongong, New South Wales, (Remote)",,2026-07-29,linkedin,new,https://www.linkedin.com/jobs/view/4446541280
1518,33,Alion,"Technical Lead, Artificial Intelligence","Sydney, New South Wales",,2026-07-29,linkedin,new,https://www.linkedin.com/jobs/view/4446542422
1044,33,Tata Consultancy Services,Artificial Intelligence Developer,"Sydney, New South Wales",,2026-07-28,linkedin,new,https://www.linkedin.com/jobs/view/4434186873
1139,33,DHI,Systems Engineer,"Harris Park, New South Wales",,2026-07-28,linkedin,new,https://www.linkedin.com/jobs/view/4437713089
836,33,Nityo Infotech,Software Engineer,"Sydney, New South Wales",,2026-07-27,linkedin,new,https://www.linkedin.com/jobs/view/4444879324
838,33,FR Consultancy,Software Engineer,"Sydney, New South Wales",,2026-07-27,linkedin,new,https://www.linkedin.com/jobs/view/4445665834
1152,33,Premium Graduate Placements (PGP Australia),2026 IT & Technology Internships – Vocational Placement,Unknown,,2026-07-27,linkedin,new,https://www.linkedin.com/jobs/view/4445916092
767,33,YO IT Consulting,Rust Software Developer - Remote,"Sydney, New South Wales, (Remote)",,2026-07-26,linkedin,new,https://www.linkedin.com/jobs/view/4444812559
738,33,Optiver,Expressions of Interest - Graduate Quantitative Researcher 2027,"Sydney, New South Wales",,2026-07-25,linkedin,new,https://www.linkedin.com/jobs/view/4423657584
514,33,Australian Institute of Marine Science,ReefScan System Developer,"Townsville, Queensland, (Remote)",,2026-07-24,linkedin,new,https://www.linkedin.com/jobs/view/4444071041
590,33,Opus Recruitment Solutions,Robotics Software Engineer,"Sydney, New South Wales",,2026-07-24,linkedin,new,https://www.linkedin.com/jobs/view/4444053683
496,33,Mindrift,Freelance Data Scraping Engineer (Python),(Remote),,2026-07-23,linkedin,new,https://www.linkedin.com/jobs/view/4444285772
286,33,IMC Trading,Software Engineer - Machine Learning Frameworks,"Sydney, New South Wales",,2026-07-22,linkedin,new,https://www.linkedin.com/jobs/view/4442991682
74,33,AVM Consulting Inc,Software Engineer,Greater Sydney Area,,2026-07-21,linkedin,new,https://www.linkedin.com/jobs/view/4442272941
163,33,Fakturuj.to,Full Stack JavaScript Developer,"Senior, South Australia",,2026-07-21,linkedin,new,https://www.linkedin.com/jobs/view/4443082505
329,33,Compare Club,Junior AI and Automation Specialist,"Melbourne, Victoria, (Remote)",,2026-07-20,linkedin,new,https://www.linkedin.com/jobs/view/4431071679
4440,32,People Group,Transport - Transport Allocator - Wetherill Park,"Wetherill Park, NSW","$75,000 /yearly",2026-08-10,jora,new,https://au.jora.com/job/Transport-Allocator-f4408f57433f8fb587f47216c06e6d4b
4598,32,Robert Wood Johnson Barnabas Health,ENTRY LEVEL SOFTWARE DEVELOPE -Australia Only,(Remote),,2026-08-10,linkedin,new,https://www.linkedin.com/jobs/view/4449526636
4621,32,Quik Hire Staffing,Node.js Developer (Remote),(Remote),,2026-08-10,linkedin,new,https://www.linkedin.com/jobs/view/4451380693
4741,32,City of Sydney,Sydney New Year's Eve Casual Intern,"Sydney, New South Wales",,2026-08-10,linkedin,new,https://www.linkedin.com/jobs/view/4451119780
4857,32,NCS Group Australia,Software Developer - C++/.Net,"Brisbane, Queensland",,2026-08-10,linkedin,new,https://www.linkedin.com/jobs/view/4451508217
4351,32,Quik Hire Staffing,Node.js Developer (Remote),(Remote),,2026-08-09,linkedin,new,https://www.linkedin.com/jobs/view/4451334163
4139,32,IMC Trading,Machine Learning Engineer,"Sydney, New South Wales",,2026-08-08,linkedin,new,https://www.linkedin.com/jobs/view/4432952560
3662,32,PropertyManagement.com,Full-Stack Developer,"Melbourne, Victoria, (Remote)",,2026-08-07,linkedin,new,https://www.linkedin.com/jobs/view/4450060498
4164,32,Insignia Financial,AI and Automation Specialist - Risk,"Sydney, New South Wales",,2026-08-07,linkedin,new,https://www.linkedin.com/jobs/view/4450020771
4349,32,NSW Department of Communities and Justice,Digital Development Support,"Parramatta, New South Wales",,2026-08-06,linkedin,new,https://www.linkedin.com/jobs/view/4448465966
3537,32,Plenti,Business Analyst,Greater Sydney Area,,2026-08-05,linkedin,new,https://www.linkedin.com/jobs/view/4409910718
2149,32,Whitehaven Coal,Graduate - Data Engineer,"Sydney, New South Wales",,2026-08-04,linkedin,new,https://www.linkedin.com/jobs/view/4432091680
2478,32,Canva,Engineering Manager- Specialist Experience & Platform,"Sydney, NSW",,2026-08-04,indeed,new,https://au.indeed.com/viewjob?jk=f580d061c4f25b8f
1952,32,AC3,ServiceNow Developers & Consultants,"Brisbane City, Queensland",,2026-08-03,linkedin,new,https://www.linkedin.com/jobs/view/4447900605
2081,32,XharlieTech,Mobile Application Developer intern,"Sydney, New South Wales, (Remote)",,2026-08-03,linkedin,new,https://www.linkedin.com/jobs/view/4446210547
1566,32,RQI Investors,Quantitative Researcher (Graduate/Early Career),"Sydney, New South Wales",,2026-07-31,linkedin,new,https://www.linkedin.com/jobs/view/4445062992
1584,32,IBM,Graduate / Associate - SAP AI Orchestration Consultant,"Sydney, New South Wales",,2026-07-31,linkedin,new,https://www.linkedin.com/jobs/view/4435958825
1650,32,BJAK,Applied AI Engineer,(Remote),,2026-07-31,linkedin,new,https://www.linkedin.com/jobs/view/4446970219
1652,32,BJAK,Applied AI Engineer - AI Finance Agent,(Remote),,2026-07-31,linkedin,new,https://www.linkedin.com/jobs/view/4446953473
1714,32,Suncorp Group,Automation Developer,"Sydney, New South Wales",,2026-07-31,linkedin,new,https://www.linkedin.com/jobs/view/4445099092
1925,32,Australian Energy Market Operator (AEMO),Analyst - Market Modelling,"Sydney, New South Wales, (Remote)",,2026-07-31,linkedin,new,https://www.linkedin.com/jobs/view/4447105033
1316,32,"UN-Habitat Multi-Country Programme Office (MCO), Bangkok",Junior Developer,Unknown,,2026-07-30,linkedin,new,https://www.linkedin.com/jobs/view/4444512054
1448,32,Nityo Infotech,Platform Engineer,"Sydney, New South Wales",,2026-07-30,linkedin,new,https://www.linkedin.com/jobs/view/4446714158
1149,32,Asp.net with c#,ENTRY LEVEL SOFTWARE DEVELOPE -Australia Only,(Remote),,2026-07-29,linkedin,new,https://www.linkedin.com/jobs/view/4443650444
1243,32,Nine,"Data Product Manager, Finance and Ad Revenue Reporting","North Sydney, New South Wales",,2026-07-29,linkedin,new,https://www.linkedin.com/jobs/view/4446559332
1524,32,BLACKROC Recruitment,DevOps Engineer,"Sydney, New South Wales",,2026-07-29,linkedin,new,https://www.linkedin.com/jobs/view/4446022860
1029,32,NCS Group Australia,Azure Cloud Architect,"Melbourne, Victoria",,2026-07-28,linkedin,new,https://www.linkedin.com/jobs/view/4446162526
1034,32,NCS Group Australia,Azure Cloud Architect,"Sydney, New South Wales",,2026-07-28,linkedin,new,https://www.linkedin.com/jobs/view/4446167528
1038,32,Pickles Auctions,Product Owner,"Sydney, New South Wales",,2026-07-28,linkedin,new,https://www.linkedin.com/jobs/view/4445477159
1174,32,New Relic,Associate Technical Success Manager,"Sydney, New South Wales, (Remote)",,2026-07-28,linkedin,new,https://www.linkedin.com/jobs/view/4437445516
1224,32,Jobgether,QA Engineer,(Remote),,2026-07-28,linkedin,new,https://www.linkedin.com/jobs/view/4445425758
1256,32,Jump Trading,Crypto Production Engineer,"Sydney, New South Wales",,2026-07-28,linkedin,new,https://www.linkedin.com/jobs/view/4359191079
849,32,Cancer Council Victoria,Associate Front-End Developer,"East Melbourne, Victoria",,2026-07-27,linkedin,new,https://www.linkedin.com/jobs/view/4444869855
895,32,Valont,Forward Deployed AI Engineer,"Brisbane City, Queensland, (Remote)",,2026-07-27,linkedin,new,https://www.linkedin.com/jobs/view/4444878227
898,32,BJAK,Android Software Engineer - AI Neobank App,"Sydney, New South Wales, (Remote)",,2026-07-27,linkedin,new,https://www.linkedin.com/jobs/view/4445911236
920,32,Kira,Android Software Engineer - AI Neobank App,(Remote),,2026-07-27,linkedin,new,https://www.linkedin.com/jobs/view/4444884298
804,32,HUB24 Limited,Data Engineer,"Sydney, New South Wales",,2026-07-26,linkedin,new,https://www.linkedin.com/jobs/view/4417153139
653,32,Palantir Technologies,Deployment Strategist,"Sydney, New South Wales, (Remote)",,2026-07-25,linkedin,new,https://www.linkedin.com/jobs/view/4443842980
672,32,Association pour le Bon Usage des Médicaments au Burkina Faso (ABUMed-BF),Data Enginer,"Sydney, New South Wales, (Remote)",,2026-07-25,linkedin,new,https://www.linkedin.com/jobs/view/4441854691
645,32,BJAK,Android Software Engineer - AI Finance Agent,"Sydney, New South Wales, (Remote)",,2026-07-24,linkedin,new,https://www.linkedin.com/jobs/view/4444965599
831,32,BJAK,Android Software Engineer - AI Finance Agent,(Remote),,2026-07-24,linkedin,new,https://www.linkedin.com/jobs/view/4444370709
202,32,Skill - Centro de capacitación,LLM Engineer,"Sydney, New South Wales",,2026-07-23,linkedin,new,https://www.linkedin.com/jobs/view/4438772097
191,32,Tabcorp,Junior Software Engineer,"Sydney, New South Wales",,2026-07-22,linkedin,new,https://www.linkedin.com/jobs/view/4429842011
443,32,NCS Group Australia,Google Platform Engineer - GCP,"Sydney, New South Wales",,2026-07-22,linkedin,new,https://www.linkedin.com/jobs/view/4444220313
5015,31,seek.com.au,Receptionist/Administration Assistant,"Rockhampton, QLD",$35 - $37 /hourly,2026-08-11,jora,new,https://au.jora.com/job/Receptionist-Administration-Assistant-fe06f381ebf2843dc6aa880bdcd42b63
5044,31,Datacom Connect,Endpoint Engineering Specialist,"Sydney, NSW, (Remote)",,2026-08-11,indeed,new,https://au.indeed.com/viewjob?jk=4739af9c57ca7468
5137,31,Village Roadshow,Animal Farmyard Attendant,"Gold Coast, QLD",$33 /hourly,2026-08-11,jora,new,https://au.jora.com/job/Attendant-21cfbb7ac05131862413a16c15a58cdb
4510,31,Cursor,Forward Deployed Engineer,Unknown,,2026-08-09,linkedin,new,https://www.linkedin.com/jobs/view/4442513081
3666,31,Updoc,Full-Stack Product Manager,"Sydney, New South Wales",,2026-08-07,linkedin,new,https://www.linkedin.com/jobs/view/4435937876
3432,31,Zip,Technical Solutions Consultant - AUS,"Sydney, New South Wales",,2026-08-06,linkedin,new,https://www.linkedin.com/jobs/view/4432462550
2194,31,Swan Studio,Junior AI Engineer,"Sydney, New South Wales",,2026-08-05,linkedin,new,https://www.linkedin.com/jobs/view/4448907081
2625,31,Adactin,Application Developer,"Darwin, Northern Territory",,2026-08-05,linkedin,new,https://www.linkedin.com/jobs/view/4448947769
2886,31,Avanade,Application Architect Manager,"Sydney, New South Wales",,2026-08-05,linkedin,new,https://www.linkedin.com/jobs/view/4447355802
3005,31,Objective Corporation,Technical Consultant,"Canberra, Australian Capital Territory",,2026-08-05,linkedin,new,https://www.linkedin.com/jobs/view/4440950499
2342,31,TheDriveGroup,Data Engineer (Finance),New South Wales,,2026-08-04,linkedin,new,https://www.linkedin.com/jobs/view/4448695719
1967,31,Premium Graduate Placements (PGP Australia),Software & Web Development Internship (Vocational Placement),(Remote),,2026-08-03,linkedin,new,https://www.linkedin.com/jobs/view/4448126176
2037,31,AustralianSuper,Product Owner - Member Identity,"Melbourne, Victoria",,2026-08-03,linkedin,new,https://www.linkedin.com/jobs/view/4447695154
2251,31,Mercer,Digital Product Owner,"Sydney, New South Wales, (Remote)",,2026-08-03,linkedin,new,https://www.linkedin.com/jobs/view/4448643055
2264,31,Mercer,Digital Product Owner,"Melbourne, Victoria, (Remote)",,2026-08-03,linkedin,new,https://www.linkedin.com/jobs/view/4448633741
1709,31,Signify,Backend Development Engineer (.Net/Cloud),"Sydney, New South Wales",,2026-08-01,linkedin,new,https://www.linkedin.com/jobs/view/4430940426
1453,31,Open Point,Engineering Graduate Program,"Fitzroy, Victoria",,2026-07-31,linkedin,new,https://www.linkedin.com/jobs/view/4446954905
1883,31,ELMO Software,Technical Team Lead (PHP),"Sydney, New South Wales",,2026-07-31,linkedin,new,https://www.linkedin.com/jobs/view/4446970886
1367,31,Mercer,Digital Product Owner,"Sydney, New South Wales, (Remote)",,2026-07-30,linkedin,new,https://www.linkedin.com/jobs/view/4444523214
1380,31,Viable Solutions Pty Ltd,Artificial Intelligence Engineer,"Sydney, New South Wales",,2026-07-30,linkedin,new,https://www.linkedin.com/jobs/view/4444525022
1407,31,ASX,Associate Product Owner,"Sydney, New South Wales",,2026-07-30,linkedin,new,https://www.linkedin.com/jobs/view/4437329798
1302,31,IAG,Agentic Systems Engineer,"Sydney, New South Wales, (Remote)",,2026-07-29,linkedin,new,https://www.linkedin.com/jobs/view/4437150444
929,31,eTeam,Data Engineer - Tech Lead,"Sydney, New South Wales, (Remote)",,2026-07-27,linkedin,new,https://www.linkedin.com/jobs/view/4445669638
1015,31,Braintrust,Developer - (Bot Developer) Freelance/Remote 100+ openings,(Remote),,2026-07-27,linkedin,new,https://www.linkedin.com/jobs/view/4445998272
1059,31,Western Sydney University,"Technical Lead, Artificial Intelligence","Parramatta, New South Wales",,2026-07-27,linkedin,new,https://www.linkedin.com/jobs/view/4445662909
756,31,Jobs Ai,Machine Learning (AI) Engineer (Hybrid),(Remote),,2026-07-26,linkedin,new,https://www.linkedin.com/jobs/view/4445396574
952,31,Tata Consultancy Services,Software Engineer IAM,"Sydney, New South Wales",,2026-07-26,linkedin,new,https://www.linkedin.com/jobs/view/4444847160
511,31,City of Gold Coast,GIS Application Support Officer,"Bundall, Queensland",,2026-07-24,linkedin,new,https://www.linkedin.com/jobs/view/4444315132
549,31,Launch Group,Junior - Mid level Software Engineers,"Sydney, New South Wales, (Remote)",,2026-07-24,linkedin,new,https://www.linkedin.com/jobs/view/4433174463
555,31,Twine,AI Engineer,Unknown,,2026-07-24,linkedin,new,https://www.linkedin.com/jobs/view/4431524626
351,31,Peoplebank,Site Reliability Engineer,"Perth, Western Australia",,2026-07-23,linkedin,new,https://www.linkedin.com/jobs/view/4443499508
451,31,ANZ,Junior Cloud Engineer,"Melbourne, Victoria",,2026-07-22,linkedin,new,https://www.linkedin.com/jobs/view/4443746085
726,31,Agoda,"Technical Product Manager, Private Cloud Domain","Sydney, New South Wales",,2026-07-22,linkedin,new,https://www.linkedin.com/jobs/view/4404960100
733,31,Agoda,"Technical Product Manager, Private Cloud Domain","Melbourne, Victoria",,2026-07-22,linkedin,new,https://www.linkedin.com/jobs/view/4404949201
164,31,NobleOak,Front-End Developer,Greater Sydney Area,,2026-07-21,linkedin,new,https://www.linkedin.com/jobs/view/4443383568
357,31,Anduril Industries,Platform Engineer / DevOps Engineer / Infrastructure Engineer / Site Reliability Engineer,"Sydney, New South Wales",,2026-07-21,linkedin,new,https://www.linkedin.com/jobs/view/4431918065
49,31,revolutioniseSPORT,Junior Software Developer,Greater Sydney Area,,2026-07-20,linkedin,new,https://www.linkedin.com/jobs/view/4441163441
5065,30,Study and Work,Mechanical Engineer - Internship part time Victoria,"Melbourne, VIC",,2026-08-11,jora,new,https://au.jora.com/job/Mechanical-Engineer-59a37df14247547af609e0c26dc25f5c
5168,30,Motion Recruitment,Java Developer,"Sydney, New South Wales",,2026-08-11,linkedin,new,https://www.linkedin.com/jobs/view/4452419039
5271,30,Cummins Asia Pacific,Expression Of Interest - Undergraduate Internships 2027,"Canberra, Australian Capital Territory",,2026-08-11,linkedin,new,https://www.linkedin.com/jobs/view/4451655643
4676,30,Barwon Health,Administration Support,"Barwon Downs, VIC",,2026-08-10,jora,new,https://au.jora.com/job/Administration-Support-8043b18267b38638b77779c5cf4dcc9f
4772,30,Australia Post,AI Specialist,"Cremorne, Victoria, (Remote)",,2026-08-10,linkedin,new,https://www.linkedin.com/jobs/view/4451379103
4792,30,BINGO INDUSTRIES,Data Analyst,"Sydney Olympic Park, New South Wales",,2026-08-10,linkedin,new,https://www.linkedin.com/jobs/view/4451363868
4860,30,Sideshow Consulting,Project Manager - Software Engineering,"Macquarie Park, New South Wales",,2026-08-10,linkedin,new,https://www.linkedin.com/jobs/view/4451106640
4746,30,Cove,DevOps Engineer,"Manly, New South Wales",,2026-08-09,linkedin,new,https://www.linkedin.com/jobs/view/4450991812
4350,30,Deloitte,Junior Database Administrator,"Sydney, New South Wales",,2026-08-08,linkedin,new,https://www.linkedin.com/jobs/view/4424160029
3673,30,UNSW,AI Platform Engineer,"Sydney, New South Wales, (Remote)",,2026-08-07,linkedin,new,https://www.linkedin.com/jobs/view/4450082212
4148,30,Downer,Service Now - Developer,"Sydney, New South Wales",,2026-08-07,linkedin,new,https://www.linkedin.com/jobs/view/4450059504
4159,30,CareCone Group,Automation Engineer (Data Platform),"Sydney, New South Wales",,2026-08-07,linkedin,new,https://www.linkedin.com/jobs/view/4450048830
4498,30,Opus Recruitment Solutions,Google Cloud Platform Engineer,"Sydney, New South Wales",,2026-08-07,linkedin,new,https://www.linkedin.com/jobs/view/4450032184
4520,30,ProFound People,Software Engineer,Greater Adelaide Area,,2026-08-07,linkedin,new,https://www.linkedin.com/jobs/view/4450042940
3108,30,Unknown,System Administrator,"Sydney, NSW, (Remote)",,2026-08-06,indeed,new,https://au.indeed.com/viewjob?jk=af80660504956b06
2633,30,Tessellant,"Building a bench - AI engineering, data and delivery",(Remote),,2026-08-05,linkedin,new,https://www.linkedin.com/jobs/view/4447373125
2228,30,Contentsquare,Solutions Consultant,"Sydney, New South Wales, (Remote)",,2026-08-04,linkedin,new,https://www.linkedin.com/jobs/view/4431225104
2439,30,AvePoint,Pre - Sales Engineer,"Sydney, New South Wales",,2026-08-04,linkedin,new,https://www.linkedin.com/jobs/view/4419273054
1950,30,Mable,Data Analyst,"Sydney, New South Wales, (Remote)",,2026-08-03,linkedin,new,https://www.linkedin.com/jobs/view/4448144419
2103,30,Motion Recruitment,Embedded Software Engineer,"Adelaide, South Australia, (Remote)",,2026-08-03,linkedin,new,https://www.linkedin.com/jobs/view/4448133527
1900,30,Aooma,Systems Automation Engineer,"Greater Brisbane Area, (Remote)",,2026-08-01,linkedin,new,https://www.linkedin.com/jobs/view/4447816256
1523,30,Barayamal,"Software Engineer, Rust",(Remote),,2026-07-31,linkedin,new,https://www.linkedin.com/jobs/view/4431231176
1548,30,YO IT Consulting,GitHub Contributor - Remote,"Sydney, New South Wales, (Remote)",,2026-07-31,linkedin,new,https://www.linkedin.com/jobs/view/4446975649
1369,30,Rodin Business Solutions,Solutions Architect,"Wollongong, New South Wales",,2026-07-30,linkedin,new,https://www.linkedin.com/jobs/view/4442950958
1866,30,Agoda,"Associate Manager, Customer Marketing (Bangkok Based, Relocation Provided)","Sydney, New South Wales",,2026-07-30,linkedin,new,https://www.linkedin.com/jobs/view/4410537858
1237,30,Tribus,C++ Engineer - Critical Engineering,"Sydney, New South Wales",,2026-07-29,linkedin,new,https://www.linkedin.com/jobs/view/4446537961
1249,30,AGL,Product Owner - Channel Sales,"Sydney, New South Wales",,2026-07-29,linkedin,new,https://www.linkedin.com/jobs/view/4443686583
1005,30,YO AI Labs,Java Open Source Contributor,"Sydney, New South Wales, (Remote)",,2026-07-28,linkedin,new,https://www.linkedin.com/jobs/view/4445442370
1006,30,YO IT Consulting,Python Open Source Contributor - Remote,"Sydney, New South Wales, (Remote)",,2026-07-28,linkedin,new,https://www.linkedin.com/jobs/view/4445446080
1067,30,YO IT Consulting,C++ Open Source Contributor - Remote,"Sydney, New South Wales, (Remote)",,2026-07-28,linkedin,new,https://www.linkedin.com/jobs/view/4445431318
1093,30,EY,"Databricks Platform Engineer, AI and Data, Technology Consulting","Sydney, New South Wales",,2026-07-28,linkedin,new,https://www.linkedin.com/jobs/view/4443210130
1101,30,Fynd,Technical Consultant,"Brisbane, Queensland",,2026-07-28,linkedin,new,https://www.linkedin.com/jobs/view/4445417925
1134,30,EY,"Databricks Platform Engineer, AI and Data, Technology Consulting","Melbourne, Victoria",,2026-07-28,linkedin,new,https://www.linkedin.com/jobs/view/4443221048
1137,30,EY,"Databricks Platform Engineer, AI and Data, Technology Consulting","Brisbane, Queensland",,2026-07-28,linkedin,new,https://www.linkedin.com/jobs/view/4443209127
1151,30,Ededge Learning,Data Analytics Internship – Remote,"Sydney, New South Wales, (Remote)",,2026-07-28,linkedin,new,https://www.linkedin.com/jobs/view/4445439460
894,30,Coco Republic,AI & Automation Engineer,"Sydney, New South Wales",,2026-07-27,linkedin,new,https://www.linkedin.com/jobs/view/4444886129
919,30,YO IT Consulting,Golang Open Source Contributor - Remote,"Sydney, New South Wales, (Remote)",,2026-07-27,linkedin,new,https://www.linkedin.com/jobs/view/4444859623
971,30,Covetrus,AI / Data Platform Engineer,"Brisbane, Queensland, (Remote)",,2026-07-27,linkedin,new,https://www.linkedin.com/jobs/view/4433915427
797,30,BJAK,Applied AI Engineer,(Remote),,2026-07-26,linkedin,new,https://www.linkedin.com/jobs/view/4444841567
644,30,YO IT Consulting,Java Open Source Contributor - Remote,"Sydney, New South Wales, (Remote)",,2026-07-25,linkedin,new,https://www.linkedin.com/jobs/view/4444643229
646,30,YO IT Consulting,Typescript Open Source Contributor - Remote,"Sydney, New South Wales, (Remote)",,2026-07-25,linkedin,new,https://www.linkedin.com/jobs/view/4444652229
650,30,YO IT Consulting,Rust Open Source Contributor - Remote,"Sydney, New South Wales, (Remote)",,2026-07-25,linkedin,new,https://www.linkedin.com/jobs/view/4444664234
472,30,ELMO Software,Product Owner,"Melbourne, Victoria",,2026-07-24,linkedin,new,https://www.linkedin.com/jobs/view/4444066916
830,30,Jobgether,Python Coding Specialist - Freelance AI Trainer Project,(Remote),,2026-07-24,linkedin,new,https://www.linkedin.com/jobs/view/4444901865
239,30,University of the Sunshine Coast,Data Scientist - Casual,"Sunshine Coast, Queensland",,2026-07-23,linkedin,new,https://www.linkedin.com/jobs/view/4444266348
383,30,Online Jobs Philippines - Work at Home,POWER DIARY: .NET SOFTWARE ENGINEER (WORK-FROM-HOME),"Greater Sydney Area, (Remote)",,2026-07-23,linkedin,new,https://www.linkedin.com/jobs/view/4444406298
564,30,BJAK,Applied AI Engineer,(Remote),,2026-07-22,linkedin,new,https://www.linkedin.com/jobs/view/4442982954
67,30,Worldpay,Software Developer (Sentral),"Sydney, New South Wales",,2026-07-21,linkedin,new,https://www.linkedin.com/jobs/view/4435124575
116,30,DataAnnotation,Test Automation Engineer - AI Trainer,Unknown,,2026-07-21,linkedin,new,https://www.linkedin.com/jobs/view/4397388759
373,30,Publicis Groupe ANZ,Analyst,"Sydney, New South Wales",,2026-07-21,linkedin,new,https://www.linkedin.com/jobs/view/4415428046
28,30,"DBOS, Inc.",Don't see an open position you'd like to fill?,"Cambridge, MA",,2026-07-20,linkedin,new,https://www.linkedin.com/jobs/view/4442714871
102,30,DataAnnotation,Freelance Python Developer - AI Trainer,Unknown,,2026-07-20,linkedin,new,https://www.linkedin.com/jobs/view/4397391588
106,30,DataAnnotation,AI Training Engineer,Unknown,,2026-07-20,linkedin,new,https://www.linkedin.com/jobs/view/4397382946
107,30,DataAnnotation,Machine Learning Engineer - AI Trainer,Unknown,,2026-07-20,linkedin,new,https://www.linkedin.com/jobs/view/4397394503
179,30,DataAnnotation,JavaScript Developer - AI Trainer,Unknown,,2026-07-20,linkedin,new,https://www.linkedin.com/jobs/view/4397401176
395,30,DataAnnotation,Frontend Developer - AI Trainer,Unknown,,2026-07-20,linkedin,new,https://www.linkedin.com/jobs/view/4397396455
110,30,DataAnnotation,Python Developer - AI Trainer,Unknown,,2026-07-19,linkedin,new,https://www.linkedin.com/jobs/view/4397402337
111,30,DataAnnotation,Python Engineer - AI Trainer,Unknown,,2026-07-19,linkedin,new,https://www.linkedin.com/jobs/view/4397395527
3901,30,Superloop,Systems Support Team Leader,"Sydney, NSW",,,jora,new,https://au.jora.com/job/Support-Team-Leader-710689095bfa800243a5c2589a9e4982
4834,29,ALDI,Retail Assistant - Moe,"Moe, VIC",$31 /hourly,2026-08-11,jora,new,https://au.jora.com/job/Retail-Assistant-Moe-e089fa60c4ea8417721cf226941488e9
5146,29,ALDI,Retail Assistant - Park Avenue,"Park Avenue, QLD",$31 /hourly,2026-08-11,jora,new,https://au.jora.com/job/Retail-Assistant-Park-01e0718cd68bc7c8510bc536bfbbfb1d
5280,29,AC3,Kubernetes Engineer,"Sydney, New South Wales",,2026-08-11,linkedin,new,https://www.linkedin.com/jobs/view/4451642681
4390,29,seek.com.au,Accounts Officer,"Parramatta, NSW","$70,000 - $80,000 /yearly",2026-08-10,jora,new,https://au.jora.com/job/Accounts-Officer-7b8215e54f5b07175643796c2524198f
4768,29,Quik Hire Staffing,JavaScript Frontend Developer (Remote),(Remote),,2026-08-10,linkedin,new,https://www.linkedin.com/jobs/view/4451380744
4777,29,Commonwealth Bank,Join our Data Science & AI Talent Community at CommBank,"Sydney, New South Wales",,2026-08-10,linkedin,new,https://www.linkedin.com/jobs/view/4405608769
4352,29,Quik Hire Staffing,JavaScript Frontend Developer (Remote),(Remote),,2026-08-09,linkedin,new,https://www.linkedin.com/jobs/view/4451340013
4495,29,ExpertEaseAI,AI Automation & AI Workflow Systems Internship August Intake,"Greater Adelaide Area, (Remote)",,2026-08-09,linkedin,new,https://www.linkedin.com/jobs/view/4450985598
4773,29,Fusion5,AI Solutions Engineer,"Melbourne, Victoria",,2026-08-09,linkedin,new,https://www.linkedin.com/jobs/view/4451366575
3855,29,MedicalJobsAustralia,Data Entry Officer (Clinical Pharmacology),"Tanunda, SA","$66,442 - $69,504 /yearly",2026-08-08,jora,new,https://au.jora.com/job/Data-Entry-Officer-7cd41463c94d3c02e09dd1cf8300f728
4065,29,Quik Hire Staffing,Node.js Developer (Remote),(Remote),,2026-08-08,linkedin,new,https://www.linkedin.com/jobs/view/4451048084
4631,29,Fever,Product Operations Specialist,"Melbourne, Victoria, (Remote)",,2026-08-08,linkedin,new,https://www.linkedin.com/jobs/view/4439258902
3659,29,Ace Talent Recruitment,Computer Engineering Internship,"Sydney, New South Wales",,2026-08-07,linkedin,new,https://www.linkedin.com/jobs/view/4450081551
3677,29,Quik Hire Staffing,Node.js Developer (Remote),(Remote),,2026-08-07,linkedin,new,https://www.linkedin.com/jobs/view/4450694082
4347,29,Emesent,Software Engineer,"Brisbane, Queensland",,2026-08-07,linkedin,new,https://www.linkedin.com/jobs/view/4450692139
2918,29,Pitcher Partners,2027 Ignite Graduate Program - Tech Stream,"Melbourne, Victoria",,2026-08-06,linkedin,new,https://www.linkedin.com/jobs/view/4449314752
3281,29,Woolworths Group,Product Manager,"Carlton, Victoria",,2026-08-06,linkedin,new,https://www.linkedin.com/jobs/view/4450229864
3742,29,Immersive Technologies,"Software Developer (Real-Time Simulation, Machine Technology, Business Systems)","Osborne Park, Western Australia",,2026-08-06,linkedin,new,https://www.linkedin.com/jobs/view/4450209443
2156,29,Nationwide Group,Software Developer,"Noble Park, Victoria",,2026-08-05,linkedin,new,https://www.linkedin.com/jobs/view/4448900970
2297,29,Talent,AI Technology Manager,"Sydney, New South Wales",,2026-08-05,linkedin,new,https://www.linkedin.com/jobs/view/4448599916
2629,29,Proofpoint,Technical Account Manager,"Sydney, NSW, (Remote)",,2026-08-05,indeed,new,https://au.indeed.com/viewjob?jk=469b2418836b43fc
2757,29,Xero,Data Engineer - Data Platforms,"Sydney, New South Wales, (Remote)",,2026-08-05,linkedin,new,https://www.linkedin.com/jobs/view/4439846149
2883,29,Sitemate,Product Owner/Design Manager,"Sydney, New South Wales, (Remote)",,2026-08-05,linkedin,new,https://www.linkedin.com/jobs/view/4449621462
2902,29,Sitemate,Product Owner/Design Manager,"Sydney, NSW, (Remote)",,2026-08-05,indeed,new,https://au.indeed.com/viewjob?jk=ddb7604f9f0bbcc2
3014,29,Lorikeet,Software Engineer,"Sydney, NSW",,2026-08-05,indeed,new,https://au.indeed.com/viewjob?jk=88425d40b361c95e
1957,29,Salesforce,2026 Legal Summer Intern - Sydney,"Sydney, New South Wales",,2026-08-03,linkedin,new,https://www.linkedin.com/jobs/view/4448136968
2065,29,Maincode,AI Researcher,"Melbourne, Victoria",,2026-08-03,linkedin,new,https://www.linkedin.com/jobs/view/4380431768
2105,29,Peoplebank,Software Design Engineer (Embedded C++) - Technical Lead,"Mawson Lakes, South Australia, (Remote)",,2026-08-03,linkedin,new,https://www.linkedin.com/jobs/view/4448139919
2469,29,ELMO Software,Team Lead (Typescript/React/Node/AWS) - Hands on,Greater Sydney Area,,2026-08-03,linkedin,new,https://www.linkedin.com/jobs/view/4446169985
1575,29,Plenti,Product Support Engineer,"Sydney, New South Wales",,2026-07-31,linkedin,new,https://www.linkedin.com/jobs/view/4428220310
1642,29,Cipher Recruitment,Data Scientist,"Sydney, New South Wales",,2026-07-31,linkedin,new,https://www.linkedin.com/jobs/view/4445083904
1696,29,Marley Spoon,Financial Analyst,"Alexandria, New South Wales",,2026-07-31,linkedin,new,https://www.linkedin.com/jobs/view/4442297236
1824,29,Amazon,Network Losses Program Manager,"Sydney, New South Wales",,2026-07-31,linkedin,new,https://www.linkedin.com/jobs/view/4447293899
1169,29,ELMO Software,Technical Team Lead (PHP),Greater Sydney Area,,2026-07-28,linkedin,new,https://www.linkedin.com/jobs/view/4436468002
1120,29,BAC,Product Manager,(Remote),,2026-07-27,linkedin,new,https://www.linkedin.com/jobs/view/4444874710
834,29,Launch Group,Lead Data Engineer,"Sydney, New South Wales",,2026-07-26,linkedin,new,https://www.linkedin.com/jobs/view/4433778578
623,29,Optiver,Algorithmic Trading C++ Engineer - Equities,"Sydney, New South Wales",,2026-07-25,linkedin,new,https://www.linkedin.com/jobs/view/4423648755
85,29,Nine Mile,Software Engineer,"Sydney, New South Wales",,2026-07-21,linkedin,new,https://www.linkedin.com/jobs/view/4404246301
271,29,Libran IT,Ai Solution Designer,"Sydney, New South Wales",,2026-07-21,linkedin,new,https://www.linkedin.com/jobs/view/4442607748
333,29,Virgin Australia,Engineer (Reliability and Observability),"Brisbane, Queensland, (Remote)",,2026-07-21,linkedin,new,https://www.linkedin.com/jobs/view/4442601759
248,29,Bendigo Bank,Technical Product Owner,"Melbourne, Victoria",,2026-07-20,linkedin,new,https://www.linkedin.com/jobs/view/4440192690
5354,28,MLKA Hospitality Recruitment,"Bottleshop Attendant – Pilbara Region, Remote Western Australia (4065078)","Pilbara, WA, (Remote)",$33 - $47 /hourly,2026-08-12,jora,new,https://au.jora.com/job/Bottleshop-Attendant-Pilbara-496be57f0b0c125e21d852ad43c70ca7
5012,28,Reflections Holidays,Reservations Agent,"Wickham, NSW",$36 /hourly,2026-08-11,jora,new,https://au.jora.com/job/Reservations-Agent-44984cfd34cddd9d81310900a8bdaceb
5032,28,Modula Australia Pty Limted,Casual Warehouse Storeperson / Order Picker,"Rouse Hill, NSW",,2026-08-11,jora,new,https://au.jora.com/job/Warehouse-Storeperson-798efd2133231dab6e91ad0e1d726759
5056,28,Leadership Construction,Graduate Developerr - Australia Only(Entry-Level / Junior),Unknown,,2026-08-11,linkedin,new,https://www.linkedin.com/jobs/view/4452180604
5091,28,Brand Influence Group,Grocery Merchandiser,"Colac, VIC",$34 /hourly,2026-08-11,jora,new,https://au.jora.com/job/Grocery-Merchandiser-58bb6430b9c2b4ee0930db5e745be31c
5100,28,City of Swan,Rating Officer,"Midland, WA, (Remote)","$74,894 - $90,082 /yearly",2026-08-11,jora,new,https://au.jora.com/job/Rating-Officer-544f281e93c619af7c4bf1112899ce5f
5376,28,EY,"Associate Partner Solution Architect, Microsoft Cyber Security","Sydney, NSW",,2026-08-11,indeed,new,https://au.indeed.com/viewjob?jk=2edf3621270e754f
5378,28,BankWest,2026/27 CommBank Summer Intern Program,"Sydney, NSW",,2026-08-11,indeed,new,https://au.indeed.com/viewjob?jk=b7d258b9a4964bcf
4481,28,Allianz,Claims Settlements Officer,"Adelaide, SA",,2026-08-10,jora,new,https://au.jora.com/job/Settlements-Officer-135e078374d457413b595119cdeffd23
4738,28,GoMicro,AI Developer Intern — GoMicro (Unpaid),Greater Adelaide Area,,2026-08-10,linkedin,new,https://www.linkedin.com/jobs/view/4451118340
4750,28,Renaissance InfoSystems,Dotnet Developer,"Sydney, New South Wales",,2026-08-10,linkedin,new,https://www.linkedin.com/jobs/view/4451112600
3861,28,Airwallex,"Account Executive, SME & Growth","Sydney, NSW, (Remote)",,2026-08-08,jora,new,https://au.jora.com/job/Account-Executive-SME-990b19a5c9e8ff2fe17cab19c3300bdc
4120,28,CapitalCurve Advisory,Forward Deployed Engineer,Unknown,,2026-08-08,linkedin,new,https://www.linkedin.com/jobs/view/4450585313
3525,28,EKACICO CI,Entry Level Software Developer / Junior Developer / Software Developer,"New South Wales, (Remote)",,2026-08-07,linkedin,new,https://www.linkedin.com/jobs/view/4448495680
3912,28,Australian Energy Market Operator (AEMO),Engineer - Power Systems Software,"Adelaide Lead, Victoria, (Remote)",,2026-08-07,linkedin,new,https://www.linkedin.com/jobs/view/4441180581
3984,28,Australian Energy Market Operator (AEMO),Engineer - Power Systems Software,"Sydney, New South Wales, (Remote)",,2026-08-07,linkedin,new,https://www.linkedin.com/jobs/view/4441186354
3985,28,Australian Energy Market Operator (AEMO),Engineer - Power Systems Software,"New South Wales, (Remote)",,2026-08-07,linkedin,new,https://www.linkedin.com/jobs/view/4441184350
4428,28,CareCone Group,Shopify Developer,"Melbourne, Victoria",,2026-08-07,linkedin,new,https://www.linkedin.com/jobs/view/4450062502
4517,28,Australian Energy Market Operator (AEMO),Engineer - Power Systems Software,"Greater Melbourne Area, (Remote)",,2026-08-07,linkedin,new,https://www.linkedin.com/jobs/view/4441188255
2527,28,Australiance,AI Talent Pool,"Sydney, New South Wales, (Remote)",,2026-08-05,linkedin,new,https://www.linkedin.com/jobs/view/4447335578
2726,28,MyCareSpace,Part-Time Full Stack Developer (React / Supabase),"Sydney, New South Wales",,2026-08-05,linkedin,new,https://www.linkedin.com/jobs/view/4448995141
2308,28,Robert Half,PHP Software Developer,"Melbourne, Victoria",,2026-08-04,linkedin,new,https://www.linkedin.com/jobs/view/4448687765
2311,28,Westpac Group,Technical Lead,"Barangaroo, New South Wales",,2026-08-04,linkedin,new,https://www.linkedin.com/jobs/view/4448826784
1674,28,Westpac Group,Technical Lead,"Barangaroo, New South Wales",,2026-07-31,linkedin,new,https://www.linkedin.com/jobs/view/4447521519
1319,28,Whizdom,Solutions Architect,"Sydney, New South Wales",,2026-07-30,linkedin,new,https://www.linkedin.com/jobs/view/4437358173
1765,28,LAB3,Project Manager,"Sydney, New South Wales, (Remote)",,2026-07-30,linkedin,new,https://www.linkedin.com/jobs/view/4446487974
1040,28,Global Payments Inc.,"Associate Product Manager, Onboarding","Fortitude Valley, Queensland",,2026-07-28,linkedin,new,https://www.linkedin.com/jobs/view/4446167743
854,28,BAE Systems Australia,Solution Architect,"Sydney, New South Wales",,2026-07-27,linkedin,new,https://www.linkedin.com/jobs/view/4445909679
921,28,Blinq,Analytics Engineer,"Sydney, New South Wales",,2026-07-27,linkedin,new,https://www.linkedin.com/jobs/view/4442374803
939,28,Blinq,Analytics Engineer,"Melbourne, Victoria",,2026-07-27,linkedin,new,https://www.linkedin.com/jobs/view/4442379821
964,28,Westpac Group,Fullstack Engineer,"Sydney, New South Wales",,2026-07-27,linkedin,new,https://www.linkedin.com/jobs/view/4432324802
1086,28,Touring Capital,Analytics Engineer,Greater Melbourne Area,,2026-07-27,linkedin,new,https://www.linkedin.com/jobs/view/4445177234
494,28,Acolade Consulting,AI Specialist,"Sydney, New South Wales",,2026-07-24,linkedin,new,https://www.linkedin.com/jobs/view/4444095886
281,28,The Lottery Corporation,Applied Data Scientist,"Sydney, New South Wales",,2026-07-23,linkedin,new,https://www.linkedin.com/jobs/view/4444270618
486,28,The Trade Desk,Software Engineer II,"Sydney, New South Wales",,2026-07-23,linkedin,new,https://www.linkedin.com/jobs/view/4426044548
519,28,The Lottery Corporation,Applied Data Scientist,"Brisbane, Queensland",,2026-07-23,linkedin,new,https://www.linkedin.com/jobs/view/4443483520
668,28,Motion Recruitment,Embedded Software Engineer,"Adelaide, South Australia, (Remote)",,2026-07-23,linkedin,new,https://www.linkedin.com/jobs/view/4444275394
117,28,DXC Technology,Associate Product Manager,"Macquarie Park, New South Wales",,2026-07-20,linkedin,new,https://www.linkedin.com/jobs/view/4442020952
5241,27,Alliance Airlines,Operations Controller,"Pinkenba, QLD",,2026-08-12,jora,new,https://au.jora.com/job/Operations-Controller-fef9250320c46bae57edf729c2f53103
5255,27,People Infrastructure,IT Support Technician,"Brisbane, QLD",,2026-08-12,jora,new,https://au.jora.com/job/IT-Support-Technician-73bbcdadffba2e979226d9334124def5
4920,27,People Group,Freight Forwarding - Export Coordinator- MEL-new,"Melbourne, VIC","$90,000 /yearly",2026-08-11,jora,new,https://au.jora.com/job/Export-Coordinator-ed6a2755610c369b815a5dc8c484a4f5
5117,27,Alliance Airlines,Operations Controller,"Pinkenba, QLD",,2026-08-11,jora,new,https://au.jora.com/job/Operations-Controller-0aa67b0448d9b1af6b75336401612d33
4398,27,Woolworths Group,Business Development Manager,"Bella Vista, NSW, (Remote)",,2026-08-10,jora,new,https://au.jora.com/job/Business-Development-Manager-8c1d1bfc9ea005069dfdac38c2498218
4474,27,Queensland Department of Youth Justice and Victim Support,Caseworker,"Gladstone, QLD","$77,250 - $111,975 /yearly",2026-08-10,jora,new,https://au.jora.com/job/Caseworker-99261c42d10e7a7036b80f0be54ccfa5
4587,27,Legends Global (Brisbane Stadium Management) Pty Ltd,Casual Event Day Staff,"Milton, QLD",,2026-08-10,jora,new,https://au.jora.com/job/Casual-Event-Day-d022a1bd32c8c4f88797d9632aea5ec7
4693,27,Broadbean ATS,Administration Officer,"Perth, WA",$63 - $67 /hourly,2026-08-10,jora,new,https://au.jora.com/job/Administration-Officer-c866f9a928204ccfd4217dc7ce554f67
4790,27,PropertyMe,Data Platform Engineer,"Sydney, New South Wales, (Remote)",,2026-08-10,linkedin,new,https://www.linkedin.com/jobs/view/4449565168
4233,27,MedicalJobsAustralia,Patient Election and Data Quality Officer,"Tanunda, SA","$74,095 - $78,694 /yearly",2026-08-09,jora,new,https://au.jora.com/job/Data-Quality-Officer-5ef75c838dbdd2d46589389a2251e594
3282,27,Cartology - Part of the Woolworths Group,Product Manager - DX,"Sydney, New South Wales, (Remote)",,2026-08-06,linkedin,new,https://www.linkedin.com/jobs/view/4450230896
2346,27,Renaissance InfoSystems,Data Test Analyst/ETL Test Analyst,"Sydney, New South Wales",,2026-08-05,linkedin,new,https://www.linkedin.com/jobs/view/4447314697
2219,27,Whizdom,Solutions Architect,"Sydney, New South Wales",,2026-08-04,linkedin,new,https://www.linkedin.com/jobs/view/4448262990
2278,27,J4RVIS,Forward Deployed AI Engineer,"Sydney, New South Wales, (Remote)",,2026-08-04,linkedin,new,https://www.linkedin.com/jobs/view/4448528454
2457,27,Mamamia,IT and Solutions Executive,"Sydney, New South Wales",,2026-08-04,linkedin,new,https://www.linkedin.com/jobs/view/4449014617
2508,27,MAMAMIA,IT and Solutions Executive,"Sydney, NSW",,2026-08-04,indeed,new,https://au.indeed.com/viewjob?jk=62b8a11a47e0bac7
2710,27,Optiver,Production Operations Engineer (Trading Systems / SRE / Application Support),"Sydney, New South Wales",,2026-08-04,linkedin,new,https://www.linkedin.com/jobs/view/4430885546
1935,27,Kaizen Global Technologies,ServiceNow developer,"Sydney, New South Wales",,2026-08-03,linkedin,new,https://www.linkedin.com/jobs/view/4447668927
2100,27,Hire Feed,UI Engineer (Remote),(Remote),,2026-08-03,linkedin,new,https://www.linkedin.com/jobs/view/4448145218
2201,27,Lenexa Medical,Software & ML Engineer,"Greater Melbourne Area, (Remote)",,2026-08-03,linkedin,new,https://www.linkedin.com/jobs/view/4447689479
2233,27,Searchability®,Solutions Architect,"Brisbane, Queensland",,2026-08-03,linkedin,new,https://www.linkedin.com/jobs/view/4448132537
2438,27,XPT Software,Technology Architect,"Sydney, New South Wales",,2026-08-03,linkedin,new,https://www.linkedin.com/jobs/view/4448279733
1880,27,Talent,Integration Engineer/ Lead (GCP),"Sydney, New South Wales",,2026-08-02,linkedin,new,https://www.linkedin.com/jobs/view/4445844066
1608,27,AGL,Business Analyst - Electrification (Product Development),"Docklands, Victoria",,2026-07-31,linkedin,new,https://www.linkedin.com/jobs/view/4445080578
1635,27,ELMO Software,Technical Team Lead (React/Node),"Sydney, New South Wales",,2026-07-31,linkedin,new,https://www.linkedin.com/jobs/view/4446978210
1840,27,Ressam,.NET Developer,"Australian Capital Territory, (Remote)",,2026-07-31,linkedin,new,https://www.linkedin.com/jobs/view/4447120479
1919,27,Jobgether,WordPress WooCommerce Full-Stack Developer,(Remote),,2026-07-31,linkedin,new,https://www.linkedin.com/jobs/view/4446996390
1408,27,Commonwealth Bank,Product Manager - Consumer Spending,"Sydney, New South Wales",,2026-07-30,linkedin,new,https://www.linkedin.com/jobs/view/4446755573
1658,27,Micromine,Machine Learning Engineer,"Perth, Western Australia",,2026-07-30,linkedin,new,https://www.linkedin.com/jobs/view/4444541003
1205,27,Nitrosend,Junior Ruby on Rails Developer,Greater Melbourne Area,,2026-07-29,linkedin,new,https://www.linkedin.com/jobs/view/4445449650
1245,27,McCosker Contracting Pty Ltd,Software Developer (React / Next.JS),Greater Brisbane Area,,2026-07-29,linkedin,new,https://www.linkedin.com/jobs/view/4444112856
1252,27,ELMO Software,Technical Team Lead (React/Node),"Sydney, New South Wales",,2026-07-29,linkedin,new,https://www.linkedin.com/jobs/view/4446029631
1289,27,Jobgether,AI-Native Software Developer,(Remote),,2026-07-29,linkedin,new,https://www.linkedin.com/jobs/view/4446066786
1299,27,McCosker Contracting Pty Ltd,Software Developer (React / Next.JS),Queensland,,2026-07-29,linkedin,new,https://www.linkedin.com/jobs/view/4446822365
1062,27,Twine,Remote Frontend Developer – React/Next.js Migration,(Remote),,2026-07-28,linkedin,new,https://www.linkedin.com/jobs/view/4445713209
870,27,Unleash live,Product Manager - Video Analytics,"Sydney, New South Wales, (Remote)",,2026-07-27,linkedin,new,https://www.linkedin.com/jobs/view/4444853945
993,27,The HR Ally,Data Platform Administrator / Engineer,"Sydney, New South Wales",,2026-07-27,linkedin,new,https://www.linkedin.com/jobs/view/4445124906
976,27,XPT Software,Technology lead,"Sydney, New South Wales",,2026-07-26,linkedin,new,https://www.linkedin.com/jobs/view/4445105819
619,27,Certus Recruitment Group,Data Scientist,"Sydney, New South Wales",,2026-07-25,linkedin,new,https://www.linkedin.com/jobs/view/4444650648
464,27,etoro,Product Builder,"Sydney, New South Wales",,2026-07-24,linkedin,new,https://www.linkedin.com/jobs/view/4444312501
474,27,McMillan Shakespeare (MMSG),Product Owner,"Melbourne, Victoria",,2026-07-24,linkedin,new,https://www.linkedin.com/jobs/view/4444309545
545,27,ELMO Software,Technical Team Lead,"Sydney, New South Wales",,2026-07-24,linkedin,new,https://www.linkedin.com/jobs/view/4444087683
224,27,Hard Network Connections,React Developer,"Sydney, New South Wales",,2026-07-23,linkedin,new,https://www.linkedin.com/jobs/view/4438040307
600,27,Objective Corporation,Technical Consultant,"Sydney, New South Wales",,2026-07-23,linkedin,new,https://www.linkedin.com/jobs/view/4443806009
130,27,Ampstek,Frontend Developer,"Sydney, New South Wales",,2026-07-22,linkedin,new,https://www.linkedin.com/jobs/view/4442987535
448,27,Tata Consultancy Services,Cloud Engineer,"Melbourne, Victoria",,2026-07-22,linkedin,new,https://www.linkedin.com/jobs/view/4442956779
78,27,Viable Solutions Pty Ltd,Software Engineer,"Melbourne, Victoria",,2026-07-21,linkedin,new,https://www.linkedin.com/jobs/view/4440196888
114,27,DataAnnotation,Software Engineer Analyst - AI Trainer,Unknown,,2026-07-19,linkedin,new,https://www.linkedin.com/jobs/view/4304450016
4550,27,City of Sydney,Sydney New Year's Eve Casual Intern,"Sydney, NSW",,,jora,new,https://au.jora.com/job/Sydney-New-Year-c03d3b7e30d4bb27164b5127810ce17c
5248,26,Glenelg Hopkins CMA,ADMINISTRATION ASSISTANT – CASUAL,"Hamilton, VIC","$55,167 - $66,625 /yearly",2026-08-12,jora,new,https://au.jora.com/job/ADMINISTRATION-ASSISTANT-CASUAL-b14880c40e59e9df9561f713433c6a85
4880,26,People Group,Freight Forwarding - Customs Compiler - SYD-new,"Sydney, NSW","$75,000 - $90,000 /yearly",2026-08-11,jora,new,https://au.jora.com/job/Customs-Compiler-5b5692d356f2f2b26a49db56d2f61b87
4901,26,People Group,Freight Forwarding - Bdm - SYD-new,"Sydney, NSW","$130,000 /yearly",2026-08-11,jora,new,https://au.jora.com/job/Freight-Forwarding-Bdm-9da0f7c58ce735be6842c4c72c537f1f
4927,26,Move My Stuff,Fleet Coordinator,"Melbourne, VIC",$25 - $30 /hourly,2026-08-11,jora,new,https://au.jora.com/job/Fleet-Coordinator-9948708c941b05bec94674b919bacccd
4558,26,Perspective Recruitment,Pick Pack,"Prestons, NSW",$36 - $40 /hourly,2026-08-10,jora,new,https://au.jora.com/job/Pick-Pack-1cdcf97b102e908272e694dc680bb303
4615,26,Grow Omaha,Data Insights Analyst (Entry / Junior),"Sydney, New South Wales",,2026-08-10,linkedin,new,https://www.linkedin.com/jobs/view/4449542034
4625,26,Online Education Services (OES),Digital Product Associate,"Melbourne, Victoria",,2026-08-10,linkedin,new,https://www.linkedin.com/jobs/view/4451118036
4659,26,HUB24 Limited,Data Analyst,"Sydney, New South Wales",,2026-08-10,linkedin,new,https://www.linkedin.com/jobs/view/4449526685
4713,26,Charter Diligence Pty Ltd,Events Officer,"Canberra, ACT",$57 /hourly,2026-08-10,jora,new,https://au.jora.com/job/Events-Officer-a66e7ff9815760dc4a73216366320ccd
4748,26,Inkse,Product Engineer (Full Stack),"Sydney, New South Wales, (Remote)",,2026-08-10,linkedin,new,https://www.linkedin.com/jobs/view/4451117686
4225,26,MedicalJobsAustralia,Services Assistant - Jamestown,"Tanunda, SA",,2026-08-09,jora,new,https://au.jora.com/job/Service-Assistant-2298988616c02ec38e8b3daa00bd5a4d
4226,26,MedicalJobsAustralia,Operations Manager - SA Biomedical Engineering,"Tanunda, SA","$122,752 - $134,956 /yearly",2026-08-09,jora,new,https://au.jora.com/job/Operations-Manager-78eda46964495358e68764bb00f43a0f
4345,26,Healthcare Businesswomen's Association - Entrepreneurship,ENTRY LEVEL SOFTWARE DEVELOPE -Australia Only,(Remote),,2026-08-09,linkedin,new,https://www.linkedin.com/jobs/view/4449298654
3880,26,City of Gold Coast,Librarians,"Gold Coast, QLD","$94,439 /yearly",2026-08-08,jora,new,https://au.jora.com/job/Librarian-5fac8c741a95519ae77a5515cc92411d
3908,26,MedicalJobsAustralia,Clinical Trial Research Assistant,"Melbourne, VIC","$74,448 - $82,305 /yearly",2026-08-08,jora,new,https://au.jora.com/job/Research-Assistant-c6306ac50db1795fdb4fbc0a1a2f1d94
3850,26,Venues NSW,Data Integration Analyst,"Moore Park, New South Wales",,2026-08-07,linkedin,new,https://www.linkedin.com/jobs/view/4449200090
3986,26,EY,Oceania AI Labs Product Manager,"Sydney, New South Wales",,2026-08-07,linkedin,new,https://www.linkedin.com/jobs/view/4438799623
4138,26,EY,Oceania AI Labs Product Manager,"Melbourne, Victoria",,2026-08-07,linkedin,new,https://www.linkedin.com/jobs/view/4438789923
4627,26,MECCA Brands,Technology Product Owner - Supply Chain | Richmond + regular Tullamaraine site travel,Victoria,,2026-08-07,linkedin,new,https://www.linkedin.com/jobs/view/4450306092
4629,26,MECCA Brands,Technology Product Owner - Supply Chain | Richmond + regular Tullamaraine site travel,"Richmond, Victoria",,2026-08-07,linkedin,new,https://www.linkedin.com/jobs/view/4450304266
2616,26,Fly With Media,Software Engineer,"Melbourne, Victoria, (Remote)",,2026-08-05,linkedin,new,https://www.linkedin.com/jobs/view/4448946358
2454,26,Azupay,Product Manager - Syd or Melb based (hybrid),Unknown,,2026-08-04,linkedin,new,https://www.linkedin.com/jobs/view/4448257423
1520,26,Cloudera,Applied AI Specialist,"Greater Sydney Area, (Remote)",,2026-07-31,linkedin,new,https://www.linkedin.com/jobs/view/4446986133
1607,26,Electrolux Group,"Product Manager, Food Preparation","Mascot, New South Wales",,2026-07-31,linkedin,new,https://www.linkedin.com/jobs/view/4447289418
1675,26,ELMO Software,Technical Team Lead (React/Node),"Sydney, New South Wales",,2026-07-31,linkedin,new,https://www.linkedin.com/jobs/view/4446975201
1211,26,Nine,Data Product Manager - Commercial Growth,"North Sydney, New South Wales",,2026-07-29,linkedin,new,https://www.linkedin.com/jobs/view/4446562029
1214,26,Suncorp Group,Natural Perils Data Scientist,"Sydney, New South Wales",,2026-07-29,linkedin,new,https://www.linkedin.com/jobs/view/4443674356
1215,26,Suncorp Group,Natural Perils Data Scientist,"Melbourne, Victoria",,2026-07-29,linkedin,new,https://www.linkedin.com/jobs/view/4443676266
1278,26,Hawksworth,Databricks Data Engineer - $190k + super - Global Consultancy,"Sydney, New South Wales",,2026-07-29,linkedin,new,https://www.linkedin.com/jobs/view/4446075583
1295,26,SAP,STAR (Student Training and Rotation) Program Intern - Sydney,"North Sydney, New South Wales",,2026-07-29,linkedin,new,https://www.linkedin.com/jobs/view/4446045542
1123,26,Mattox Solution,Graduate Software Engineer,"Sydney, New South Wales",,2026-07-28,linkedin,new,https://www.linkedin.com/jobs/view/4446319399
580,26,Opus Recruitment Solutions,Google Cloud Platform Engineer,"Sydney, New South Wales",,2026-07-24,linkedin,new,https://www.linkedin.com/jobs/view/4444304165
609,26,ELMO Software,Back End .Net Developer (6 Month Contract),"Sydney, New South Wales",,2026-07-24,linkedin,new,https://www.linkedin.com/jobs/view/4444077679
201,26,Strata Community Insurance,AI Specialist,"Sydney, New South Wales",,2026-07-23,linkedin,new,https://www.linkedin.com/jobs/view/4443805582
330,26,Virgin Australia,Engineer - Cloud Platform & Kubernetes Runtime,"Brisbane, Queensland, (Remote)",,2026-07-21,linkedin,new,https://www.linkedin.com/jobs/view/4442615176
353,26,Tennis Australia,DevOps Engineer,"Melbourne, Victoria",,2026-07-21,linkedin,new,https://www.linkedin.com/jobs/view/4443098528
3870,26,MedicalJobsAustralia,Pre-Analytical Specimen Collection TQEH - Phlebotomist OPS2,"Tanunda, SA","$66,441 - $69,504 /yearly",,jora,new,https://au.jora.com/job/Phlebotomist-38dd42b59ba3d86bf1d96dc251f1a76d
5201,25,MyChemist Retail Group,Retail Pharmacy Assistant - CWH Ellenbrook Home Co WA,"Ellenbrook, WA",,2026-08-12,jora,new,https://au.jora.com/job/Retail-Pharmacy-Assistant-4d574ff3da40b2a4e394c3c1954a503e
5235,25,Centurion,Administration Officer,"Kalgoorlie, WA",,2026-08-12,jora,new,https://au.jora.com/job/Administration-Officer-9dfea2afa0682080136316feb4d0b1b9
5243,25,Cox Automotive,Customer Service Officer,"Eagle Farm, QLD",,2026-08-12,jora,new,https://au.jora.com/job/Customer-Service-Officer-22239f34d5b56c0756d07835ab52299b
5339,25,Altitude Supplements,Retail Sales Assistant – Supplement Store - Part Time & Casual Positions,"Perth, WA",,2026-08-12,jora,new,https://au.jora.com/job/Retail-Sales-Assistant-dfa1635a0d31371c9e4a8f9dd9142283
4804,25,Forum Recruitment,Administration Assistant,"South Yarra, VIC",$35 - $40 /hourly,2026-08-11,jora,new,https://au.jora.com/job/Administration-Assistant-9ea69e2dbc847beb0cf77ac885539937
5081,25,Swissport International AG,Cargo Operations Manager,"Sydney Airport, NSW",,2026-08-11,jora,new,https://au.jora.com/job/Operations-Manager-3a152d40f21e85f89cee2d2e78a3236a
5086,25,St John Ambulance WA,Support Partner,"Belmont, WA","$18,550 /yearly",2026-08-11,jora,new,https://au.jora.com/job/Partner-80cdf36bac388293b99ee0f7fe0a20e7
5115,25,TAFE Queensland,Operations Officer,"Acacia Ridge, QLD",,2026-08-11,jora,new,https://au.jora.com/job/Operations-Officer-ffdcddb2eae66d7694be6bf94631822a
4438,25,People Group,Freight Forwarding - Export Coordinator- MEL-new,"Melbourne, VIC","$90,000 /yearly",2026-08-10,jora,new,https://au.jora.com/job/Export-Coordinator-5f55065f9865c33885b7482cf3e87cb8
4754,25,Business NSW,Data Support and Test Analyst,"Sydney, New South Wales",,2026-08-10,linkedin,new,https://www.linkedin.com/jobs/view/4451381616
4195,25,Linfox,Employee Relations Advisor,"Essendon, VIC",,2026-08-09,jora,new,https://au.jora.com/job/Employee-Relations-Advisor-d0e720725db4563ddffee9dc2c2667fe
2188,25,Australian Energy Market Operator (AEMO),2026/27 Internship Pool,"Sydney, New South Wales",,2026-08-05,linkedin,new,https://www.linkedin.com/jobs/view/4448594776
2189,25,Australian Energy Market Operator (AEMO),2026/27 Internship Pool,"Hobart, Tasmania",,2026-08-05,linkedin,new,https://www.linkedin.com/jobs/view/4448900768
2731,25,Really Awesome People,Solution Architect | Data Modernisation | Perth,"Perth, Western Australia, (Remote)",,2026-08-05,linkedin,new,https://www.linkedin.com/jobs/view/4448986092
2732,25,Avanade,Azure Cloud Architect Manager,"Sydney, New South Wales",,2026-08-05,linkedin,new,https://www.linkedin.com/jobs/view/4449601205
2215,25,Susquehanna International Group,Quantitative Data Developer,"Sydney, New South Wales",,2026-08-04,linkedin,new,https://www.linkedin.com/jobs/view/4428948268
2302,25,Kaizen Global Technologies,Ping Developer,"Sydney, New South Wales",,2026-08-04,linkedin,new,https://www.linkedin.com/jobs/view/4448290138
2716,25,Adactin,Microsoft Dynamics 365 CRM Developer,"Melbourne, Victoria",,2026-08-04,linkedin,new,https://www.linkedin.com/jobs/view/4446297314
2082,25,ALO,Operations Associate (Part Time & Casual) - Sydney CBD,"Sydney, New South Wales",,2026-08-03,linkedin,new,https://www.linkedin.com/jobs/view/4448177607
2093,25,Flybuys,Lead Engineer,"Melbourne, Victoria, (Remote)",,2026-08-03,linkedin,new,https://www.linkedin.com/jobs/view/4447683692
2118,25,iVEGA GROUP PTY LTD,Data Migration Consultant,"Sydney, New South Wales",,2026-08-03,linkedin,new,https://www.linkedin.com/jobs/view/4448136429
2119,25,ASX,Data and Reporting Analyst,"Sydney, New South Wales",,2026-08-03,linkedin,new,https://www.linkedin.com/jobs/view/4447685273
2121,25,Acira Consultancy Pty Ltd,Platform Engineer,"Sydney, New South Wales",,2026-08-03,linkedin,new,https://www.linkedin.com/jobs/view/4447901709
2239,25,Netskope,AI Consulting Solutions Engineer,Unknown,,2026-08-03,linkedin,new,https://www.linkedin.com/jobs/view/4381487021
2487,25,Alo,Operations Associate (Part Time & Casual) - Sydney CBD,"Sydney, NSW",,2026-08-03,indeed,new,https://au.indeed.com/viewjob?jk=d4363a2d821720ed
1555,25,BINGO INDUSTRIES,Data Analyst,"Sydney Olympic Park, New South Wales",,2026-07-31,linkedin,new,https://www.linkedin.com/jobs/view/4447225650
1662,25,Skillfield,AI Engineer,"Melbourne, Victoria",,2026-07-31,linkedin,new,https://www.linkedin.com/jobs/view/4446987841
1741,25,Arctic Wolf,Alliance Manager,(Remote),,2026-07-30,linkedin,new,https://www.linkedin.com/jobs/view/4437063756
1247,25,Commonwealth Bank,Manager Product Finance,"Sydney, New South Wales",,2026-07-29,linkedin,new,https://www.linkedin.com/jobs/view/4446555703
1282,25,Renaissance InfoSystems,Data Test Analyst/ETL Test Analyst,"Sydney, New South Wales",,2026-07-29,linkedin,new,https://www.linkedin.com/jobs/view/4443691569
844,25,Insignia Financial,QA Engineer,"Sydney, New South Wales",,2026-07-27,linkedin,new,https://www.linkedin.com/jobs/view/4445653423
853,25,Kaizen Global Technologies,ServiceNow developer,"Sydney, New South Wales",,2026-07-27,linkedin,new,https://www.linkedin.com/jobs/view/4444856874
1167,25,ELMO Software,Technical Team Lead (React/Node),"Sydney, New South Wales",,2026-07-27,linkedin,new,https://www.linkedin.com/jobs/view/4444849524
808,25,Susquehanna International Group,C++ Developer,"Sydney, New South Wales",,2026-07-25,linkedin,new,https://www.linkedin.com/jobs/view/4406716721
546,25,ELMO Software,Technical Lead (React/Node),"Sydney, New South Wales",,2026-07-24,linkedin,new,https://www.linkedin.com/jobs/view/4444097254
620,25,DoorDash,Data Scientist,"Sydney, New South Wales",,2026-07-24,linkedin,new,https://www.linkedin.com/jobs/view/4416934658
375,25,Sitemate,Product Owner/Design Manager,"Sydney, New South Wales, (Remote)",,2026-07-23,linkedin,new,https://www.linkedin.com/jobs/view/4440882647
421,25,Sitemate,Product Owner/Design Manager,"Melbourne, Victoria, (Remote)",,2026-07-23,linkedin,new,https://www.linkedin.com/jobs/view/4440041274
253,25,Jobgether,Security Engineer - Node.js Proactive Defense,(Remote),,2026-07-22,linkedin,new,https://www.linkedin.com/jobs/view/4443142106
380,25,University of Sydney,Quality Assurance (QA) Test Engineer,"Sydney, New South Wales",,2026-07-22,linkedin,new,https://www.linkedin.com/jobs/view/4443729547
73,25,beyond-tabs.com,Software Engineer - Functional Programming,"Collingwood, Victoria, (Remote)",,2026-07-21,linkedin,new,https://www.linkedin.com/jobs/view/4443516138
362,25,Hatch,Data Ops Engineer @ Australian Payments Plus,"Sydney, New South Wales",,2026-07-21,linkedin,new,https://www.linkedin.com/jobs/view/4430264941
450,25,Expert360,Cloud Engineer (AWS / DevOps),"Melbourne, Victoria",,2026-07-21,linkedin,new,https://www.linkedin.com/jobs/view/4443091876
5218,24,Western District Health Service,Administration Support - Planned Surgery,"Hamilton, VIC",$30 /hourly,2026-08-12,jora,new,https://au.jora.com/job/Administration-Support-Planned-46b863e2707cf34362161441b5f5a439
5237,24,CoreStaff,Corporate Services and Governance Manager,"Sydney CBD, NSW","$132,000 /yearly",2026-08-12,jora,new,https://au.jora.com/job/Governance-Manager-48d0f00ec63b92d58177f6730e144a34
5251,24,Optus,"Retail Consultant, Casuarina",Northern Territory,$35 /hourly,2026-08-12,jora,new,https://au.jora.com/job/Retail-Consultant-Casuarina-a1442025f66d8f23dc915d2ebdfee949
5324,24,Bidfood,Freezer Storeperson/ Picker,"Girraween, NSW",,2026-08-12,jora,new,https://au.jora.com/job/Freezer-Storeperson-4cfa39149ef0d4172a9a46c3c74ab806
5349,24,Transport for NSW,Operational Interfaces Coordinator,"Sydney, NSW","$141,678 - $158,677 /yearly",2026-08-12,jora,new,https://au.jora.com/job/Interface-Coordinator-f8c29d3d532b1d137bba8297c3537db9
4814,24,Transport for NSW,Customer Service Officer,"Parramatta, NSW","$100,123 - $110,138 /yearly",2026-08-11,jora,new,https://au.jora.com/job/Customer-Service-Officer-13f1d3322667154a7db7bf2cc81e6777
4887,24,People Group,Transport - Transport Allocator - Hallam,"Hallam, VIC","$75,000 /yearly",2026-08-11,jora,new,https://au.jora.com/job/Transport-Allocator-c220e8b59367b234afe05b7af5d23e3c
4919,24,People Group,Transport - Transport Supervisor - Carole Park,"Carole Park, QLD",,2026-08-11,jora,new,https://au.jora.com/job/Transport-Supervisor-0f1ecbfa0af4a62da788ef0b944422dc
4925,24,People Group,Freight Forwarding - Customs Broker- SYD-new,"Sydney, NSW","$130,000 /yearly",2026-08-11,jora,new,https://au.jora.com/job/Customs-Broker-fceac37e659e14b1fce61c7b92dda328
5002,24,Peoplecorp,Payroll & Compliance Manager,"Sydney, NSW",,2026-08-11,jora,new,https://au.jora.com/job/Compliance-Manager-bb239a5536fecd9874b491166914cd9d
5058,24,Puig,Graduate Research Analyst,"Sydney, New South Wales",,2026-08-11,linkedin,new,https://www.linkedin.com/jobs/view/4452154073
5078,24,Pair Connect Group,Social Media Marketing Assistant,"Sydney CBD, NSW, (Remote)",$35 - $42 /hourly,2026-08-11,jora,new,https://au.jora.com/job/Social-Media-Marketing-Assistant-af86972f3972a70d42b7d6c14b117439
5118,24,Asfalia Wealth,Personal / Administration Assistant (Part Time),"North Adelaide, SA","$65,000 - $75,000 /yearly",2026-08-11,jora,new,https://au.jora.com/job/Personal-Administration-Assistant-49af3032549342036fde953b0ada90e6
5125,24,Robert Walters,Treasury Manager,"Sydney CBD, NSW",,2026-08-11,jora,new,https://au.jora.com/job/Treasury-Manager-d2e27c25a6c93cf4fbac98774e2751a3
5143,24,Pearl Recruitment Group,Warehouse Assistants,"Bibra Lake, WA",$37 /hourly,2026-08-11,jora,new,https://au.jora.com/job/Warehouse-Assistant-cdc1be191c57efa04e29cd1e61fe369b
5174,24,Promise Services,Retail Manager,"Erskineville, NSW",,2026-08-11,indeed,new,https://au.indeed.com/viewjob?jk=8b0f7d4393531bb2
5270,24,Siemens Energy,Intern (Sales and Application),"Sydney, New South Wales",,2026-08-11,linkedin,new,https://www.linkedin.com/jobs/view/4434990633
5277,24,Kaizen Global Technologies,Automation Engineer,"Sydney, New South Wales",,2026-08-11,linkedin,new,https://www.linkedin.com/jobs/view/4451610121
5281,24,NSW Government,Biomedical Electronics Technician,"Sydney, NSW",,2026-08-11,indeed,new,https://au.indeed.com/viewjob?jk=09710429601f3af7
5284,24,Transport for NSW,Operational Interfaces Coordinator,"Sydney, NSW",,2026-08-11,indeed,new,https://au.indeed.com/viewjob?jk=8d44f2785f2d9d42
4381,24,Alinta Energy,Operations Analyst - Commercial,"Melbourne, VIC",,2026-08-10,jora,new,https://au.jora.com/job/Operations-Analyst-6cfc687e64c93d992295c54498d74402
4437,24,People Group,Freight Forwarding - Customs Compiler - SYD-new,"Sydney, NSW","$75,000 - $90,000 /yearly",2026-08-10,jora,new,https://au.jora.com/job/Customs-Compiler-0107146318fe9d1a88cb5d0eb1ecc80e
4442,24,People Group,Freight Forwarding - Customs Broker- BNE-new,"Brisbane, QLD","$100,000 - $120,000 /yearly",2026-08-10,jora,new,https://au.jora.com/job/Customs-Broker-0e20205e4b0b0fbe14d94508dba3fff0
4443,24,People Group,Freight Forwarding - Bdm - BNE-new,"Brisbane, QLD","$110,000 /yearly",2026-08-10,jora,new,https://au.jora.com/job/Freight-Forwarding-Bdm-3ded2c32d580fac8b9c189f79f82be26
4476,24,Victorian Gambling and Casino Control Commission,Salesforce Administrator,"Melbourne, VIC","$128,635 - $140,849 /yearly",2026-08-10,jora,new,https://au.jora.com/job/Salesforce-Administrator-42b12bb1518d048070fbad2e68e178f5
4483,24,People Group,Freight Forwarding - Bdm - SYD-new,"Sydney, NSW","$130,000 /yearly",2026-08-10,jora,new,https://au.jora.com/job/Freight-Forwarding-Bdm-f7a1c7754a7cef96c1c79613876e18b3
4660,24,COSOL,Engineering Analyst (Graduates welcome),"Brisbane, Queensland, (Remote)",,2026-08-10,linkedin,new,https://www.linkedin.com/jobs/view/4451394159
4661,24,COSOL,Engineering Analyst (Graduates welcome),"Perth, Western Australia, (Remote)",,2026-08-10,linkedin,new,https://www.linkedin.com/jobs/view/4451377672
4753,24,Susquehanna International Group,C++ Developer,"Sydney, New South Wales",,2026-08-10,linkedin,new,https://www.linkedin.com/jobs/view/4449542142
4789,24,Maincode,Signal Engineer,"Melbourne, Victoria",,2026-08-10,linkedin,new,https://www.linkedin.com/jobs/view/4402887893
4229,24,MedicalJobsAustralia,Administration Support Officer,"Derwent Bridge, TAS",,2026-08-09,jora,new,https://au.jora.com/job/Administration-Support-Officer-8191886dd0da63bb0722ce5ace50e1aa
4155,24,AI Talent,Electronics Engineer,"Barangaroo, NSW, (Remote)",,2026-08-08,indeed,new,https://au.indeed.com/viewjob?jk=c290de78de5b1abf
3200,24,Deloitte,Technology Strategy Consultant,"Sydney, New South Wales",,2026-08-06,linkedin,new,https://www.linkedin.com/jobs/view/4450208277
3208,24,NSW Government,Manager Digital Experience CX UI UX,"Sydney Western Suburbs, NSW",,2026-08-06,indeed,new,https://au.indeed.com/viewjob?jk=f985a89421fd4dfa
3429,24,Esri,Product Engineering Internship - Survey123,"Melbourne, Victoria",,2026-08-06,linkedin,new,https://www.linkedin.com/jobs/view/4450617273
3989,24,Transport for NSW,Road Safety Analyst,"Mascot, NSW",,2026-08-06,indeed,new,https://au.indeed.com/viewjob?jk=e5cfd597e94261b3
2703,24,Genesys Automation,Software Engineer,"Sydney, New South Wales",,2026-08-05,linkedin,new,https://www.linkedin.com/jobs/view/4449484911
2230,24,Transport for NSW,Solution Analyst - Temporary opportunity until November 2027,"Sydney, New South Wales",,2026-08-04,linkedin,new,https://www.linkedin.com/jobs/view/4448847789
2476,24,Transport for NSW,Solution Analyst,"Sydney, NSW",,2026-08-04,indeed,new,https://au.indeed.com/viewjob?jk=c48176c815422bef
2542,24,NBL,Graduate Data Scientist,Greater Melbourne Area,,2026-08-04,linkedin,new,https://www.linkedin.com/jobs/view/4448555362
2636,24,Profectus,System Engineer,"Canberra, Australian Capital Territory, (Remote)",,2026-08-04,linkedin,new,https://www.linkedin.com/jobs/view/4448821215
2881,24,ASX,"GM, Tech & Data Product Delivery","Sydney, New South Wales",,2026-08-04,linkedin,new,https://www.linkedin.com/jobs/view/4448289109
1944,24,Sekuro,Technology Operations Analyst (Graduate),Greater Sydney Area,,2026-08-03,linkedin,new,https://www.linkedin.com/jobs/view/4447697206
1948,24,Red Bull,Operations Graduate 2027,"Sydney, New South Wales",,2026-08-03,linkedin,new,https://www.linkedin.com/jobs/view/4448134143
2485,24,Fiserv,Technical Customer Experience Manager - Clover,"Sydney, NSW",,2026-08-03,indeed,new,https://au.indeed.com/viewjob?jk=054aaef933e3d096
1851,24,Hire Feed,Automation Test Engineer - QA (Remote),(Remote),,2026-08-02,linkedin,new,https://www.linkedin.com/jobs/view/4447885192
1705,24,Fin,Technical Support Engineer,"Sydney, New South Wales, (Remote)",,2026-08-01,linkedin,new,https://www.linkedin.com/jobs/view/4447797182
1815,24,Endeavour Group,Solution Architect - SAP Retail,"Millers Point, New South Wales",,2026-08-01,linkedin,new,https://www.linkedin.com/jobs/view/4430907449
1497,24,Kaizen Global Technologies,AI Powered Engineer,"Sydney, New South Wales",,2026-07-31,linkedin,new,https://www.linkedin.com/jobs/view/4446969939
1569,24,Transport for NSW,Data Integration Developer,"Macquarie Park, New South Wales",,2026-07-31,linkedin,new,https://www.linkedin.com/jobs/view/4447252875
1681,24,HotDoc,Growth Engineer,"Melbourne, Victoria, (Remote)",,2026-07-31,linkedin,new,https://www.linkedin.com/jobs/view/4447145038
1682,24,PharmaCare Laboratories,Business Analyst (Graduate),"Warriewood, New South Wales",,2026-07-31,linkedin,new,https://www.linkedin.com/jobs/view/4446983628
1771,24,Turo,Community & Supply Programs Associate,"Sydney, New South Wales",,2026-07-31,linkedin,new,https://www.linkedin.com/jobs/view/4438896076
1361,24,Ladmill Argentina S.A,Software Engineer - Sustainability Solutions,"Sydney, New South Wales",,2026-07-30,linkedin,new,https://www.linkedin.com/jobs/view/4446728302
1586,24,CAREER PANACEA,Business/Data Analyst Intern,"Sydney, New South Wales, (Remote)",,2026-07-30,linkedin,new,https://www.linkedin.com/jobs/view/4446482844
1294,24,Nutanix,Summer Internship - System Reliability Engineer - Tech Support,"Sydney, New South Wales, (Remote)",,2026-07-29,linkedin,new,https://www.linkedin.com/jobs/view/4442965817
1463,24,GHD,GHD Summer Internship Program 2026/27 - Sydney,"Sydney, New South Wales",,2026-07-29,linkedin,new,https://www.linkedin.com/jobs/view/4417877772
1540,24,Future Group,Platform Engineer (Cloud & Security),(Remote),,2026-07-29,linkedin,new,https://www.linkedin.com/jobs/view/4446554853
882,24,Marsh,Technical Product Owner,"Sydney, New South Wales, (Remote)",,2026-07-27,linkedin,new,https://www.linkedin.com/jobs/view/4437150109
1121,24,Marsh,Technical Product Owner,"Melbourne, Victoria, (Remote)",,2026-07-27,linkedin,new,https://www.linkedin.com/jobs/view/4437147157
526,24,ELMO Software,Technical Team Lead - Recruitment,"Melbourne, Victoria",,2026-07-24,linkedin,new,https://www.linkedin.com/jobs/view/4444303218
576,24,Societe Generale,Graduate Trainee - Global Markets Sales,"Sydney, New South Wales",,2026-07-24,linkedin,new,https://www.linkedin.com/jobs/view/4427503514
584,24,Intrinzic,DevOps Engineer,"Sydney, New South Wales",,2026-07-24,linkedin,new,https://www.linkedin.com/jobs/view/4444936503
807,24,TheDriveGroup,DevSecOps Engineer,"Sydney, New South Wales",,2026-07-24,linkedin,new,https://www.linkedin.com/jobs/view/4444095259
159,24,Coregas Pty Ltd,ERP Systems Developer,"Fairfield, New South Wales",,2026-07-22,linkedin,new,https://www.linkedin.com/jobs/view/4443707186
291,24,The Florey,Junior Data Scientist - Australian Epilepsy Project,"Heidelberg, Victoria",,2026-07-22,linkedin,new,https://www.linkedin.com/jobs/view/4443151701
366,24,Ventia,Ventia Graduate Program-First Nations,"North Sydney, New South Wales",,2026-07-22,linkedin,new,https://www.linkedin.com/jobs/view/4439129199
155,24,TomTom,Pre Sales Engineer,"Sydney, New South Wales",,2026-07-21,linkedin,new,https://www.linkedin.com/jobs/view/4442631601
288,24,Ventia,Ventia Graduate Program-Data Science & Information Systems,"North Sydney, New South Wales",,2026-07-21,linkedin,new,https://www.linkedin.com/jobs/view/4439112950
52,24,DXC Technology,2027 DXC Technology Graduate Program Australia,"Macquarie Park, New South Wales",,2026-07-20,linkedin,new,https://www.linkedin.com/jobs/view/4415607748
105,24,Certus Recruitment Group,Data Scientist,"Sydney, New South Wales",,2026-07-20,linkedin,new,https://www.linkedin.com/jobs/view/4442217429
143,24,"NTT DATA, Inc.",Product Owner,"Canberra, Australian Capital Territory, (Remote)",,2026-07-20,linkedin,new,https://www.linkedin.com/jobs/view/4442042246
149,24,"Victorian Department of Families, Fairness & Housing",Product Owner,"Melbourne, Victoria",,2026-07-20,linkedin,new,https://www.linkedin.com/jobs/view/4442556908
5196,23,Pickles Auctions,Asset Inspector/Operations Officer - Altona,"Altona, VIC",,2026-08-12,jora,new,https://au.jora.com/job/Operations-Officer-c93623d319af14dae0b8c7c015a2f94c
5260,23,City of Kwinana,Cultural Community Connector - Multicultural,"Kwinana, WA","$80,839 - $88,058 /yearly",2026-08-12,jora,new,https://au.jora.com/job/Community-Connector-f8173614dbdada5f8379a2df03385ee2
5326,23,Ampol Limited,Team Member - Kalgoorlie South,"Kalgoorlie, WA",,2026-08-12,jora,new,https://au.jora.com/job/Team-Member-c2221358e8790a2cd2b440ac1e940728
5329,23,Plaza Premium Lounge,Lounge Supervisor,"Tullamarine, VIC",,2026-08-12,jora,new,https://au.jora.com/job/Lounge-Supervisor-2053997318f2775b5e1224f6f2fcb320
5335,23,SA Health,Operational Services Officer - Pre-Analytical Services,"Adelaide, SA","$66,441 - $69,504 /yearly",2026-08-12,jora,new,https://au.jora.com/job/Operational-Services-Officer-32a6faecf352ae2e7cdb5187785d7294
5343,23,Transport for NSW,Policy Lead,"Sydney Airport, NSW","$163,145 - $182,721 /yearly",2026-08-12,jora,new,https://au.jora.com/job/Policy-Lead-21a8191892fc5abc37566242b3db6097
5355,23,JK Personnel,Consumer Faults Customer Service,"Melbourne, VIC",$34 /hourly,2026-08-12,jora,new,https://au.jora.com/job/Consumer-Faults-Customer-bb3bbdace321b62c761ef38d7525e2ae
4803,23,TLH Recruitment,General Labourers,"Sydney Western Suburbs, NSW",,2026-08-11,jora,new,https://au.jora.com/job/General-Labourer-a2d462bc865fb2e0f02d004ccaeef804
4827,23,PepsiCo,Warehouse Storeperson - Weekend Night Shift,"Tingalpa, QLD",,2026-08-11,jora,new,https://au.jora.com/job/Warehouse-Storeperson-9f7414e6adb1ff0dc7fc7951e0715453
4832,23,Stefani Australasia,Customer Experience & Operations Coordinator,"Dandenong, VIC",,2026-08-11,jora,new,https://au.jora.com/job/Operations-Coordinator-3554460e906cb04650ba8c137e58618b
4840,23,Scouts SA,Guest Services & Cleaning Support - Woodhouse Adventure Park - Copy,"Adelaide, SA",,2026-08-11,jora,new,https://au.jora.com/job/Guest-Services-Cleaning-84ef0f25985452704c8718d33f4486d1
4842,23,Golf Recruitment Central,Stores Attendant (Part-Time) – Royal Sydney Golf Club,"Sydney, NSW",$27 /hourly,2026-08-11,jora,new,https://au.jora.com/job/Stores-Attendant-664990feb662f77463c6f346c4200a81
4846,23,WA Government,Coordinator Outpatient Administration,"Perth, WA",,2026-08-11,jora,new,https://au.jora.com/job/Coordinator-2f26ad132d72491eb2f4cbce2e650380
4929,23,Brisbane City Council,MANAGER CIVIL OPERATIONS,"Brisbane, QLD",,2026-08-11,jora,new,https://au.jora.com/job/Manager-73e3a9f396e653310123b59c68184e7c
4972,23,Management and Training Corporation,Reporting & Correspondence Officer,"Canberra, ACT",,2026-08-11,jora,new,https://au.jora.com/job/Correspondence-Officer-6eb658d473537f7fbf81711739899b1c
4997,23,Royal Children's Hospital,Program Evaluation Assistant,"Melbourne Western Suburbs, VIC","$69,438 - $76,764 /yearly",2026-08-11,jora,new,https://au.jora.com/job/Evaluation-Assistant-863ab4008e27a6ea4a9984f6fe96ed78
5003,23,Würth Group,Warehouse Store-person (Ormeau) 1,"Ormeau, QLD",,2026-08-11,jora,new,https://au.jora.com/job/Warehouse-Store-person-5d1b4e2e299d3857ed147ef350d0459b
5018,23,Alba Edible Oils,Full-Time Packer / Warehouse Operator – Edible Oils Company,"Hamilton Hill, WA",,2026-08-11,jora,new,https://au.jora.com/job/Warehouse-Operator-01bed800521d10f9e5d615eefdae0b1e
5030,23,SB Recruitment,Customer Service Officer | Hybrid Work Model | Macquarie Park,"Sydney, NSW",,2026-08-11,jora,new,https://au.jora.com/job/Model-8527890e32df2c6be87cfbf58ebbe2b6
5063,23,Study and Work,Accounting Intern - Sydney,"Sydney, NSW",,2026-08-11,jora,new,https://au.jora.com/job/Accounting-Intern-c603ebe75be4e8fc2316926f1376e8e0
5076,23,Winning Group,DC Team Member - Morning,"Kemps Creek, NSW","$60,000 - $62,000 /yearly",2026-08-11,jora,new,https://au.jora.com/job/Team-Member-5b3d1fd8ffc90d68f67a2008bcdb6569
5142,23,Stockland,Wholesale Coordinator & Contract Administrator,"Sydney, NSW",,2026-08-11,jora,new,https://au.jora.com/job/Wholesale-Coordinator-0099e75da78c1f6deddf10a1793fd01c
5269,23,Key & Card AG - Einfach. Genial. Digital.,Back-End Developer,"Back Creek, New South Wales, (Remote)",,2026-08-11,linkedin,new,https://www.linkedin.com/jobs/view/4452433214
5285,23,Transport for NSW,Policy Lead,"Mascot, NSW",,2026-08-11,indeed,new,https://au.indeed.com/viewjob?jk=2b92a500697e6e43
4446,23,Symons Clark Logistics,Customer Experience Officer,"Adelaide, SA",,2026-08-10,jora,new,https://au.jora.com/job/Customer-Experience-Officer-bd597da235ba2aeb34a42d810793f4cd
4470,23,Riverland Mallee Coorong Local Health Network,Business Support Officer,"Murray Bridge, SA","$66,442 - $69,504 /yearly",2026-08-10,jora,new,https://au.jora.com/job/Business-Support-Officer-9c8398b2f9b6224bb4dc301cc786b721
4176,23,MedicalJobsAustralia,Billing Officer,"Melbourne, VIC",,2026-08-09,jora,new,https://au.jora.com/job/Billing-Officer-69d249422b53cf25eb7099948fa4c0f2
4185,23,City of Canterbury Bankstown Council,Fire Safety Officer,"Bankstown, NSW","$108,644 /yearly",2026-08-09,jora,new,https://au.jora.com/job/Fire-Safety-Officer-f9157190d843dd7e3bd847046303216a
4190,23,Blacktown City Council,Administration Officer - Mount Druitt Hub - Casual,"Sydney, NSW",$37 /hourly,2026-08-09,jora,new,https://au.jora.com/job/Administration-Officer-b078460c0db7b7c11ff2dc6ca525018b
4524,23,Maincode,Product Engineer (UI / Frontend),"Melbourne, Victoria",,2026-08-09,linkedin,new,https://www.linkedin.com/jobs/view/4392878371
3876,23,Department of Natural Resources and Environment Tasmania,Field Officer (709348),"St Helens, TAS","$69,593 - $74,837 /yearly",2026-08-08,jora,new,https://au.jora.com/job/Field-Officer-71db62716be3a17dc0319afe2aa29ac4
4035,23,Gradaustralia,Vacationer Program – Computer Science (Feb 2027),"Sydney, NSW",,2026-08-08,jora,new,https://au.jora.com/job/Vacationer-Program-Computer-db4ef28965419c135ddec49ee580f5a3
4107,23,seek.com.au,Finance & Data Specialist,"Surry Hills, NSW","$100,000 - $115,000 /yearly",2026-08-08,jora,new,https://au.jora.com/job/Data-Specialist-7dec1b05ff06af60401fecef30384dbf
4118,23,Explicit Maths Program PTY LTD,Customer Support & Admin Assistant,"Melbourne, VIC, (Remote)",,2026-08-08,jora,new,https://au.jora.com/job/Customer-Support-Admin-dd910ca53d8e93549168bede9b8c2753
4496,23,ICA Partners,2026/2027 Summer Internship,"Sydney, New South Wales",,2026-08-08,linkedin,new,https://www.linkedin.com/jobs/view/4451089966
3667,23,ProcurePro,Product Manager,(Remote),,2026-08-07,linkedin,new,https://www.linkedin.com/jobs/view/4450051500
3743,23,Supy,Customer Success Intern,"Sydney, New South Wales",,2026-08-07,linkedin,new,https://www.linkedin.com/jobs/view/4448758174
4268,23,Experis Australia,2 AI Developers | Azure AI Foundry & Copilot,"Canberra, Australian Capital Territory",,2026-08-07,linkedin,new,https://www.linkedin.com/jobs/view/4450054517
2919,23,Sustainable Investment Forum Poland (POLSIF),Data Analyst / Graduate Data Analyst / Reporting Analyst,"New South Wales, (Remote)",,2026-08-06,linkedin,new,https://www.linkedin.com/jobs/view/4449328698
4129,23,Komodo,Social & Content Intern,"Sydney, New South Wales",,2026-08-06,linkedin,new,https://www.linkedin.com/jobs/view/4448470648
4166,23,BlackRock,2027 Full-Time Analyst Program - APAC,Greater Sydney Area,,2026-08-06,linkedin,new,https://www.linkedin.com/jobs/view/4441465564
2528,23,CareCone Group,Functional Tester,"Sydney, New South Wales",,2026-08-05,linkedin,new,https://www.linkedin.com/jobs/view/4448939651
2243,23,Tardis Group,Network Solutions Architect,"Canberra, Australian Capital Territory",,2026-08-04,linkedin,new,https://www.linkedin.com/jobs/view/4448665405
2343,23,Calleo,Data Factory Engineer,"Canberra, Australian Capital Territory",,2026-08-04,linkedin,new,https://www.linkedin.com/jobs/view/4446292460
2165,23,AfterQuery Experts,Software Developer,"Sydney, New South Wales, (Remote)",,2026-08-03,linkedin,new,https://www.linkedin.com/jobs/view/4448635775
2198,23,AfterQuery Experts,Backend Engineer,"Sydney, New South Wales, (Remote)",,2026-08-03,linkedin,new,https://www.linkedin.com/jobs/view/4448645113
2269,23,AfterQuery Experts,Web Developer,"Sydney, New South Wales, (Remote)",,2026-08-03,linkedin,new,https://www.linkedin.com/jobs/view/4448642187
2270,23,AfterQuery Experts,Frontend Engineer,"Sydney, New South Wales, (Remote)",,2026-08-03,linkedin,new,https://www.linkedin.com/jobs/view/4448639299
2463,23,AfterQuery Experts,Web Developer,"Melbourne, Victoria, (Remote)",,2026-08-03,linkedin,new,https://www.linkedin.com/jobs/view/4448653003
2464,23,AfterQuery Experts,Software Developer,"Melbourne, Victoria, (Remote)",,2026-08-03,linkedin,new,https://www.linkedin.com/jobs/view/4448649040
1667,23,Ace Talent Recruitment,AI Research and Development Internship,"Perth, Western Australia",,2026-08-01,linkedin,new,https://www.linkedin.com/jobs/view/4447781410
1481,23,Mattox Solution,AI Solutions Architect,"Sydney, New South Wales",,2026-07-31,linkedin,new,https://www.linkedin.com/jobs/view/4447241691
1399,23,QIC,Graduate,"Brisbane, Queensland",,2026-07-30,linkedin,new,https://www.linkedin.com/jobs/view/4446744869
1434,23,Transport for NSW,Freight Insights Visualisation Spec,"Parramatta, New South Wales",,2026-07-30,linkedin,new,https://www.linkedin.com/jobs/view/4446738883
1088,23,BINGO INDUSTRIES,Data Analyst,"Sydney, New South Wales",,2026-07-28,linkedin,new,https://www.linkedin.com/jobs/view/4445487884
1091,23,BINGO INDUSTRIES,Data Analyst,"Sydney Olympic Park, New South Wales",,2026-07-28,linkedin,new,https://www.linkedin.com/jobs/view/4445465468
1100,23,Job Searchi,New Jersey (2386),"Burren Junction, New South Wales, (Remote)",,2026-07-27,linkedin,new,https://www.linkedin.com/jobs/view/4442819242
587,23,Optiver,Expressions of Interest - Graduate Software Developer 2027,"Sydney, New South Wales",,2026-07-25,linkedin,new,https://www.linkedin.com/jobs/view/4423656670
554,23,Jobgether,Machine Learning Engineer — Inference Optimization,(Remote),,2026-07-24,linkedin,new,https://www.linkedin.com/jobs/view/4444342221
666,23,Jobgether,SWE Infrastructure Specialist (Java),(Remote),,2026-07-24,linkedin,new,https://www.linkedin.com/jobs/view/4444326277
135,23,Strategic Partners Australia,Product Manager,(Remote),,2026-07-22,linkedin,new,https://www.linkedin.com/jobs/view/4443717660
210,23,Commonwealth Bank,"Product Manager, Service Digitisation","Sydney, New South Wales",,2026-07-22,linkedin,new,https://www.linkedin.com/jobs/view/4443595750
285,23,IMC Trading,Research Engineer,"Sydney, New South Wales",,2026-07-22,linkedin,new,https://www.linkedin.com/jobs/view/4442999281
435,23,Employment International,DevOps Platform Engineer,Greater Sydney Area,,2026-07-21,linkedin,new,https://www.linkedin.com/jobs/view/4443320982
47,23,IAG,Digital Retail Engineering & Operations Graduate Program 2027,"Sydney, New South Wales, (Remote)",,2026-07-20,linkedin,new,https://www.linkedin.com/jobs/view/4442570079
3683,23,HCLTech,"SeniorAdministrator - AWS IAC, Terraform,Python","Sydney, NSW",,2026-07-08,indeed,new,https://au.indeed.com/viewjob?jk=878fa3bfc83bf137
3886,23,City of Ballarat,Animal Attendant,"Ballarat, VIC","$63,629 - $65,786 /yearly",,jora,new,https://au.jora.com/job/Animal-Attendant-b6eee91aa8d06890c9ce87e23b990fe2
5247,22,Department of Education,Administrative Assistant,"Perth, WA, (Remote)","$70,000 /yearly",2026-08-12,jora,new,https://au.jora.com/job/Administrative-Assistant-4c04f2e7bce4f4bf098f00bbec6db73d
5250,22,Brennan,Service Desk Analyst,"Sydney, NSW, (Remote)",,2026-08-12,jora,new,https://au.jora.com/job/Service-Desk-Analyst-da34cdd12ed79b14beced5e42ae2194f
5296,22,Crisden Care,Business Support & Finance Administrator,"Brisbane, QLD, (Remote)","$80,000 /yearly",2026-08-12,jora,new,https://au.jora.com/job/Business-Support-Finance-ca252f2959d72a3ba5a1d6a49e69a931
5366,22,Lancer Worldwide,Warehouse Operative (Operations - SYD),"Silverwater, NSW",,2026-08-12,jora,new,https://au.jora.com/job/Warehouse-Operative-Operations-c47d87de2dd057654405be26eeb4a1b5
4897,22,Talent Propeller,Finance Officer,"Bees Creek, NT","$86,000 - $93,000 /yearly",2026-08-11,jora,new,https://au.jora.com/job/Finance-Officer-1409340a58d1d7973496698f2dfa0bc1
5037,22,CreditorWatch,Account Receivable Officer,"Sydney CBD, NSW",,2026-08-11,jora,new,https://au.jora.com/job/Account-Receivable-Officer-1796d5e3f4dda03634b7eedad23f4fee
4439,22,People Group,Transport - Transport Supervisor - Carole Park,"Carole Park, QLD",,2026-08-10,jora,new,https://au.jora.com/job/Transport-Supervisor-fb829c4065ceece2701ee81d7885972a
4441,22,People Group,Freight Forwarding - Customs Broker- SYD-new,"Sydney, NSW","$130,000 /yearly",2026-08-10,jora,new,https://au.jora.com/job/Customs-Broker-dba28d92d171f58756f3e9dd6562dcea
4445,22,Office of the Commonwealth Ombudsman,Section 26 Transfer Register (Temporary & Permanent),"Sydney, NSW",,2026-08-10,jora,new,https://au.jora.com/job/Section-26-Transfer-052be0fc55f7906c8fdc6ead1c48100c
4460,22,People Group,Transport - Transport Allocator - Hallam,"Hallam, VIC","$75,000 /yearly",2026-08-10,jora,new,https://au.jora.com/job/Transport-Allocator-d9648612d9ce5387d8afd2bf545977a1
4685,22,Government schools,Administration Support,"Melbourne Northern Suburbs, VIC",,2026-08-10,jora,new,https://au.jora.com/job/Administration-Support-4186c14d0dfd24958e958d609d656344
4867,22,Woolworths Group,Store Team Member,"Kellyville, New South Wales",,2026-08-10,linkedin,new,https://www.linkedin.com/jobs/view/4448716537
4207,22,South Australia Police,Executive Assistant,"Adelaide, SA","$82,212 - $86,180 /yearly",2026-08-09,jora,new,https://au.jora.com/job/Executive-Assistant-c2f434233aadacb311e88847152b7ba7
4284,22,Recruiting Partners Australia,Customer Service Officer,"Kilsyth, VIC",,2026-08-09,jora,new,https://au.jora.com/job/Customer-Service-Officer-422ed583d4d27229ffe9ea50b6cba462
3676,22,ADL Group Australia,AI Developer [Australian citizen with Baseline],Unknown,,2026-08-07,linkedin,new,https://www.linkedin.com/jobs/view/4450057458
3684,22,RobanLou Pty Ltd,Assistant Restaurant Manager- McDonald's Auburn West,"Auburn, NSW",,2026-08-07,indeed,new,https://au.indeed.com/viewjob?jk=5d301f8132aa220b
3685,22,RobanLou Pty Ltd,Assistant Restaurant Manager- McDonald's Olympic Boulevard,"Sydney Olympic Park, NSW",,2026-08-07,indeed,new,https://au.indeed.com/viewjob?jk=d9a46a8a0564222e
4054,22,EY,Associate Partner - Solution Architect - AI Transformation (EY- Microsoft Alliance),"Sydney, New South Wales",,2026-08-06,linkedin,new,https://www.linkedin.com/jobs/view/4432615016
2214,22,PAR Technology,Junior Technical Support Analyst - Level 2,"Sydney, New South Wales, (Remote)",,2026-08-04,linkedin,new,https://www.linkedin.com/jobs/view/4439843264
2504,22,Transport for NSW,Policy Lead,"Mascot, NSW",,2026-08-04,indeed,new,https://au.indeed.com/viewjob?jk=bfe0a2bd552d681e
2047,22,Harry the hirer,Full-Stack AI Engineer,"Melbourne, Victoria",,2026-08-03,linkedin,new,https://www.linkedin.com/jobs/view/4447670818
1468,22,XPT Software Australia,AI specialist / Generative AI design,"Sydney, New South Wales",,2026-07-31,linkedin,new,https://www.linkedin.com/jobs/view/4446970371
1613,22,Qantas,Strategy Associate,"Sydney, New South Wales",,2026-07-31,linkedin,new,https://www.linkedin.com/jobs/view/4447251993
1405,22,Nutanix University,Advisory Solutions Architect - Cloud Native,"Sydney, New South Wales",,2026-07-30,linkedin,new,https://www.linkedin.com/jobs/view/4447034268
1476,22,efex,Pre-Sales Consultant,"Sydney, New South Wales",,2026-07-30,linkedin,new,https://www.linkedin.com/jobs/view/4446726786
1568,22,WNS,Analyst - RNA,"Sutherland, New South Wales",,2026-07-30,linkedin,new,https://www.linkedin.com/jobs/view/3827668618
1628,22,Okta,"Enablement Program Manager, APAC","Sydney, New South Wales",,2026-07-30,linkedin,new,https://www.linkedin.com/jobs/view/4445043489
1740,22,7-Eleven Australia,Power BI Developer,"Melbourne, Victoria, (Remote)",,2026-07-30,linkedin,new,https://www.linkedin.com/jobs/view/4426031046
1810,22,Ogury,Sales & Client Services Intern (PAID),"Sydney, New South Wales",,2026-07-30,linkedin,new,https://www.linkedin.com/jobs/view/4444583573
1235,22,ALOIS UK,SERVICENOW DEVELOPER,"Sydney, New South Wales",,2026-07-29,linkedin,new,https://www.linkedin.com/jobs/view/4446598018
1550,22,"Meridial Marketplace, by Invisible",SWE Infrastructure Specialist (Java) – Freelance AI Trainer Project,(Remote),,2026-07-29,linkedin,new,https://www.linkedin.com/jobs/view/4346430717
1631,22,Peloton Interactive,"Program Manager, Sales Operations and Training","Sydney, New South Wales",,2026-07-29,linkedin,new,https://www.linkedin.com/jobs/view/4434582067
1685,22,EY,Consultant - Capital Assets and Analytics Services - Corporate Tax,"Sydney, New South Wales",,2026-07-29,linkedin,new,https://www.linkedin.com/jobs/view/4437007401
1695,22,Royal Agricultural Society of NSW,"Business Insights and Reporting Specialist Fixed-Term, Full-Time Position","Sydney Olympic Park, New South Wales",,2026-07-29,linkedin,new,https://www.linkedin.com/jobs/view/4446858100
999,22,YO IT Consulting,Frontend Software Engineer - Remote,"Sydney, New South Wales, (Remote)",,2026-07-28,linkedin,new,https://www.linkedin.com/jobs/view/4445438253
1144,22,NBL,Graduate Data Scientist,"Melbourne, Victoria",,2026-07-28,linkedin,new,https://www.linkedin.com/jobs/view/4443246447
917,22,Jobgether,AI Researcher — AI Architecture Research,(Remote),,2026-07-27,linkedin,new,https://www.linkedin.com/jobs/view/4444879776
974,22,ING Australia,International Talent Programme (ITP) 2026,"Sydney, New South Wales",,2026-07-27,linkedin,new,https://www.linkedin.com/jobs/view/4445657435
491,22,Galileo Search,AI Engineer,"Sydney, New South Wales",,2026-07-24,linkedin,new,https://www.linkedin.com/jobs/view/4444315030
699,22,Jenkin Beattie,Solutions Architect,"Sydney, New South Wales",,2026-07-24,linkedin,new,https://www.linkedin.com/jobs/view/4444315428
828,22,Jobgether,Kernel Developer - KernelCare ELS team,(Remote),,2026-07-24,linkedin,new,https://www.linkedin.com/jobs/view/4444324221
577,22,Deloitte,Data Platform Engineer,"Sydney, New South Wales",,2026-07-23,linkedin,new,https://www.linkedin.com/jobs/view/4436337071
663,22,Jobgether,Unity Developer (Middle),(Remote),,2026-07-23,linkedin,new,https://www.linkedin.com/jobs/view/4443851977
40,22,Compass Education,Product Owner,"North Sydney, New South Wales",,2026-07-22,linkedin,new,https://www.linkedin.com/jobs/view/4440102697
264,22,PsiQuantum,Internship Resume Submission – Australia only,"Brisbane, Queensland, (Remote)",,2026-07-22,linkedin,new,https://www.linkedin.com/jobs/view/4321200420
273,22,Suncorp Group,Data Scientist,"Sydney, New South Wales",,2026-07-22,linkedin,new,https://www.linkedin.com/jobs/view/4435384553
302,22,Suncorp Group,Data Scientist,"Melbourne, Victoria",,2026-07-22,linkedin,new,https://www.linkedin.com/jobs/view/4435388512
303,22,Suncorp Group,Data Scientist,"Brisbane, Queensland",,2026-07-22,linkedin,new,https://www.linkedin.com/jobs/view/4435382929
136,22,IT Alliance Australia,Product Manager,"New South Wales, (Remote)",,2026-07-21,linkedin,new,https://www.linkedin.com/jobs/view/4443318967
306,22,Transport for NSW,Application Manager - Non-Mobile,"Eveleigh, New South Wales",,2026-07-21,linkedin,new,https://www.linkedin.com/jobs/view/4443094760
157,22,Breaker,"Perception Engineer | Localisation, Sensor Fusion & World Building","Sydney, New South Wales",,2026-07-19,linkedin,new,https://www.linkedin.com/jobs/view/4396027239
4210,22,Boeing,Subcontracts Specialist,"Brisbane, QLD",,,jora,new,https://au.jora.com/job/Subcontracts-Specialist-dc3917475b6d69c888d0427b7c0a6492
4939,22,Lithgow City Council,Aquatic Centre Duty Officer,"Lithgow, NSW",,,jora,new,https://au.jora.com/job/Duty-Officer-c5641fe3e13c5c193f27927571fd5fb7
5069,22,Government schools,Education Support - 5 days,"Melbourne, VIC",,,jora,new,https://au.jora.com/job/Education-Support-5-b377e50b1f5e4c1e7b865ee53a6f4f73
5336,21,Ustudy Pty Ltd,Finance Manager | Higher Education and Group Finance,"Melbourne, VIC","$120,000 - $140,000 /yearly",2026-08-12,jora,new,https://au.jora.com/job/Finance-Manager-46e17539eba70ecc53d4087d477e58c4
4928,21,EducationHQ,Executive Assistant - Ferny Grove State High School,"Brisbane, QLD",,2026-08-11,jora,new,https://au.jora.com/job/Executive-Assistant-b18b2df0b5fe26f0b84576f0116e6498
4953,21,Department of Health to Queensland,Patient Service Officer,"Townsville, QLD",,2026-08-11,jora,new,https://au.jora.com/job/Patient-Service-Officer-a22f012ff6f23ad77d93d30816070ba1
4964,21,Sharp and Carter,Executive Assistant to CEO & COO,"Cremorne, VIC","$120,000 - $130,000 /yearly",2026-08-11,jora,new,https://au.jora.com/job/Executive-Assistant-to-2c3a9d2a2f88ad9439a7a71a498034b7
5020,21,People First Bank,Customer Assist Officer (Collections),"Adelaide, SA",,2026-08-11,jora,new,https://au.jora.com/job/Customer-Assist-Officer-201b14ed02a2ac5b0cb6671467be7b63
5099,21,Talent Acquisition Group,FREIGHT HANDLER - ALLIED EXPRESS,"Archerfield, QLD",$33 /hourly,2026-08-11,jora,new,https://au.jora.com/job/Freight-Handler-08a50f28a65607a854204406e0f1a2c2
5126,21,Time Well Spent,Virtual Office Administrator - Halaxy Superstar,"Sydney CBD, NSW, (Remote)",$30 - $36 /hourly,2026-08-11,jora,new,https://au.jora.com/job/Office-Administrator-848e5729aa2f8ff9ca0422a1355d9f47
5181,21,Australian Government,AGS Law Clerks - Affirmative Measures Indigenous,"Sydney, NSW",,2026-08-11,indeed,new,https://au.indeed.com/viewjob?jk=bc725236ad8710bd
5184,21,Commonwealth Bank of Australia,Executive Assistant – Commercial Banking,"Sydney, NSW",,2026-08-11,indeed,new,https://au.indeed.com/viewjob?jk=c2c6f2e8faec85ea
4367,21,Australian Broadcasting Corporation,Trainee Software Developer,"Melbourne, VIC","$71,638 /yearly",2026-08-10,jora,new,https://au.jora.com/job/Software-Developer-88b3c081315898b80d091409913f443d
4375,21,Programmed / PERSOLKELLY,Pick Packers Wanted!,"Fremantle, WA",,2026-08-10,jora,new,https://au.jora.com/job/Pick-Packers-Wanted-1f5ac931b70ae9c601622f62ad851738
4376,21,Australian Broadcasting Corporation,Trainee Software Developer,"Sydney CBD, NSW","$71,638 /yearly",2026-08-10,jora,new,https://au.jora.com/job/Software-Developer-02086ada684d9847f0206673bb992aa4
4380,21,NSW Health,Patient Liaison Officer - Admin Officer Level 4 - Coffs Harbour Health Campus,"North Coast Statistical Division, NSW","$78,183 - $79,973 /yearly",2026-08-10,jora,new,https://au.jora.com/job/Patient-Liaison-Officer-1955adb97def0a44b322836f5d9d8d16
4527,21,Smaart Recruitment,Casual Retail Staff & Warehouse Operative,"Dandenong, VIC",$34 /hourly,2026-08-10,jora,new,https://au.jora.com/job/Casual-Retail-Staff-3d3dc4b1a32b2447fcd53488aab5f925
4563,21,Supagas,Customer Service Officer,"Edinburgh, SA",,2026-08-10,jora,new,https://au.jora.com/job/Customer-Service-Officer-7653a380b09cfe75dbf6d5dbc2c0d46c
4569,21,NSW Health,Switch Receptionist,"Newcastle, NSW",$37 - $38 /hourly,2026-08-10,jora,new,https://au.jora.com/job/Receptionist-8c17648183fa08954ed393fcbd09b8ca
4571,21,UnitingCare,Youth Worker,"Surfers Paradise, QLD",$48 /hourly,2026-08-10,jora,new,https://au.jora.com/job/Youth-Worker-c6a39841b74ff0178c59b87d8351f5fb
4576,21,Randstad,MRF Day Shift Sorter,Unknown,$38 - $43 /hourly,2026-08-10,jora,new,https://au.jora.com/job/Sorter-f2109e391f934fecfc2ad742bd56cc08
4624,21,Talent,ServiceNow Consultant (NV1 Cleared),"Sydney, New South Wales",,2026-08-10,linkedin,new,https://www.linkedin.com/jobs/view/4450978800
4687,21,PepsiCo,Warehouse Storeperson - Weekend Night Shift,"Tingalpa, QLD",,2026-08-10,jora,new,https://au.jora.com/job/Warehouse-Storeperson-29696ab1fd7517e5264a4aa8fcd1ef19
4717,21,JK Personnel,Customer Service Associate,"Sydney, NSW",$35 /hourly,2026-08-10,jora,new,https://au.jora.com/job/Customer-Service-Associate-08f2b8df0086a42fb876ccf06cf48a2b
4737,21,Key & Card AG - Einfach. Genial. Digital.,Back-End Developer,"Back Creek, New South Wales, (Remote)",,2026-08-10,linkedin,new,https://www.linkedin.com/jobs/view/4451519299
4751,21,ITbility,GraphQL Developer,"Sydney, New South Wales",,2026-08-10,linkedin,new,https://www.linkedin.com/jobs/view/4451101463
4798,21,Carra,2027 Graduate Power Engineer,"Sydney, New South Wales, (Remote)",,2026-08-10,linkedin,new,https://www.linkedin.com/jobs/view/4451102556
4800,21,AECOM,2027 Graduate Power Engineer,"Sydney, New South Wales, (Remote)",,2026-08-10,linkedin,new,https://www.linkedin.com/jobs/view/4451106881
4850,21,Wealth99,Customer Success Associate,"Sydney, New South Wales",,2026-08-10,linkedin,new,https://www.linkedin.com/jobs/view/4451388394
4859,21,"Abby Health - Quality Care, Online-First",Junior Designer,"Millers Point, New South Wales, (Remote)",,2026-08-10,linkedin,new,https://www.linkedin.com/jobs/view/4451510364
4172,21,Barossa Hills Fleurieu Local Health Network,Administration Officer Hills  - Casual Pool 2026,"Mount Barker, SA","$64,195 - $67,154 /yearly",2026-08-09,jora,new,https://au.jora.com/job/Administration-Officer-8e85d0c07778deaadcad205aee7dfa7d
4186,21,Cowra Shire Council,Expression of Interest - Civic Centre Assistants - Casual,"Cowra, NSW",$34 /hourly,2026-08-09,jora,new,https://au.jora.com/job/Centre-Assistant-8fc0b36d936610bbee61b840de0047af
4202,21,Simply Helping,Support Worker,"Macgregor, QLD",,2026-08-09,jora,new,https://au.jora.com/job/Support-Worker-10b1fc733962b0840f0bd1739295ca5a
4231,21,Lion Careers,Title: Project Engineer,"Murwillumbah, NSW",,2026-08-09,jora,new,https://au.jora.com/job/Project-Engineer-fb470de9ea31777b833529d130fdfe09
4342,21,GROVE ESTATE WINES PTY LTD,CASUAL CATERING & CELLAR DOOR ASSISTANT,"Young, NSW",,2026-08-09,jora,new,https://au.jora.com/job/Cellar-Door-Assistant-07cf62ab903e17befba5fa60432292e0
4344,21,Key & Card AG - Einfach. Genial. Digital.,Back-End Developer,"Back Creek, New South Wales, (Remote)",,2026-08-09,linkedin,new,https://www.linkedin.com/jobs/view/4451348290
4865,21,Wollondilly Shire Council,Assistant Digital Communications Officer,"Picton, New South Wales",,2026-08-09,linkedin,new,https://www.linkedin.com/jobs/view/4449515750
3858,21,Department of Communities,Customer Support Officer,"Perth, WA","$70,000 /yearly",2026-08-08,jora,new,https://au.jora.com/job/Customer-Support-Officer-c93ae0980ddc971f88f39136482cbb00
4050,21,Lab Grown Diamonds Magazine,Backend Developer / Node.js Developer,(Remote),,2026-08-08,linkedin,new,https://www.linkedin.com/jobs/view/4450531305
4094,21,Korn Ferry,"RPO Recruiter (tech), 6-months FTC, Sydney","Sydney, NSW",,2026-08-08,jora,new,https://au.jora.com/job/RPO-Recruiter-tech-ab59cbbc05d2beaa74374016732dfd98
4117,21,Constellation Brands,Customer Marketing Manager,"Surry Hills, NSW",,2026-08-08,jora,new,https://au.jora.com/job/Customer-Marketing-Manager-1291b297361c176d03df3219ba12dddd
3851,21,Content Guru,Graduate Infrastructure Support Engineer,"Sydney, New South Wales",,2026-08-07,linkedin,new,https://www.linkedin.com/jobs/view/4450693585
3918,21,Content Guru,Graduate Infrastructure Support Engineer,"Sydney, NSW",,2026-08-07,indeed,new,https://au.indeed.com/viewjob?jk=75ecadf43ea99062
4247,21,Medadvisor,Product Orchestration Lead,"Melbourne, Victoria",,2026-08-07,linkedin,new,https://www.linkedin.com/jobs/view/4450048430
4248,21,BlackRock,"Associate, Preqin Client Experience","Sydney, New South Wales, (Remote)",,2026-08-07,linkedin,new,https://www.linkedin.com/jobs/view/4450331119
4632,21,Zeekr International,"Assistant Manager, Go-To-Market (GTM)","Sydney, New South Wales",,2026-08-07,linkedin,new,https://www.linkedin.com/jobs/view/4450085299
4647,21,Mott MacDonald,AI Solutions Advisor,"Adelaide, South Australia",,2026-08-07,linkedin,new,https://www.linkedin.com/jobs/view/4448714695
3289,21,Transport for NSW,Project Manager,"Sydney, NSW",,2026-08-06,indeed,new,https://au.indeed.com/viewjob?jk=f6fa5c8785a7fdde
3430,21,Objective Corporation,Junior Software Support Analyst,"Sydney, New South Wales, (Remote)",,2026-08-06,linkedin,new,https://www.linkedin.com/jobs/view/4450297698
2536,21,kate spade new york,Assistant Product Manager Kate Spade ANZ,"Sydney, New South Wales",,2026-08-05,linkedin,new,https://www.linkedin.com/jobs/view/4447338859
2736,21,American Express,"Assistant Product Manager, Digital Experiences - A/NZ","Sydney, New South Wales",,2026-08-05,linkedin,new,https://www.linkedin.com/jobs/view/4448999563
2192,21,Cover Genius,"Junior Associate (Intern), Insurance Product","Sydney, New South Wales, (Remote)",,2026-08-04,linkedin,new,https://www.linkedin.com/jobs/view/4448679014
2247,21,HealthShare,Product Manager,"Sydney, New South Wales, (Remote)",,2026-08-04,linkedin,new,https://www.linkedin.com/jobs/view/4440057139
2250,21,Spenet,AI Product Manager,"Sydney, New South Wales",,2026-08-04,linkedin,new,https://www.linkedin.com/jobs/view/4449085105
2444,21,Worldline,Product Manager,Greater Sydney Area,,2026-08-04,linkedin,new,https://www.linkedin.com/jobs/view/4448853889
2074,21,UOW Global Enterprises,AI Delivery Lead,"Wollongong, New South Wales",,2026-08-03,linkedin,new,https://www.linkedin.com/jobs/view/4448130916
2120,21,Sustainable Development Group Ltd,Business Analyst (Systems and Financial Modelling),"Sydney, New South Wales",,2026-08-03,linkedin,new,https://www.linkedin.com/jobs/view/4447653808
2712,21,UNSW,Postdoctoral Fellow in NeuroSymbolic Artificial Intelligence,"Sydney, New South Wales",,2026-08-03,linkedin,new,https://www.linkedin.com/jobs/view/4445863574
2719,21,UNSW,Postdoctoral Fellow in NeuroSymbolic Artificial Intelligence,"Canberra, Australian Capital Territory",,2026-08-03,linkedin,new,https://www.linkedin.com/jobs/view/4445883323
1747,21,Samsara Eco,Analytical Engineer,"Williamsdale, New South Wales",,2026-07-31,linkedin,new,https://www.linkedin.com/jobs/view/4444116272
1368,21,Zurich Australia,Product Manager - Underwriting,"North Sydney, New South Wales, (Remote)",,2026-07-30,linkedin,new,https://www.linkedin.com/jobs/view/4446747243
1145,21,Action-recherche INSPIRE,"Graduate Developr (Remote, Entry-Level)","Sydney, New South Wales, (Remote)",,2026-07-29,linkedin,new,https://www.linkedin.com/jobs/view/4445780925
1328,21,Avocado Consulting,Java Developer (ReactJS & NodeJS) - $875 + super,"Sydney, New South Wales",,2026-07-29,linkedin,new,https://www.linkedin.com/jobs/view/4446887307
897,21,NCS Group Australia,GCP AI Engineer,"Sydney, New South Wales",,2026-07-27,linkedin,new,https://www.linkedin.com/jobs/view/4431625672
1096,21,IKIGAI Motors AU,Technology & Design Intern (Frontend & UI/UX),"Northcote, Victoria",,2026-07-27,linkedin,new,https://www.linkedin.com/jobs/view/4446166061
809,21,ERP Solutions in Australia,Internship,"Sydney, New South Wales, (Remote)",,2026-07-26,linkedin,new,https://www.linkedin.com/jobs/view/4442372639
579,21,CyberCX,Cloud Engineer - GCP,"Sydney, New South Wales, (Remote)",,2026-07-24,linkedin,new,https://www.linkedin.com/jobs/view/4436488083
719,21,Avanade,Azure Cloud Architect Associate Manager,"Sydney, New South Wales",,2026-07-23,linkedin,new,https://www.linkedin.com/jobs/view/4444291343
158,21,Commonwealth Bank,Advanced Analytics Manager - Location Intelligence & Branch Strategy,"Sydney, New South Wales",,2026-07-22,linkedin,new,https://www.linkedin.com/jobs/view/4442985789
396,21,Defence Australia,Data Scientist,"Sydney, New South Wales",,2026-07-22,linkedin,new,https://www.linkedin.com/jobs/view/4443430547
520,21,Defence Australia,Data Scientist,Greater Canberra Area,,2026-07-22,linkedin,new,https://www.linkedin.com/jobs/view/4443435481
521,21,Defence Australia,Data Scientist,"Edinburgh, South Australia",,2026-07-22,linkedin,new,https://www.linkedin.com/jobs/view/4443434528
522,21,Defence Australia,Data Scientist,"Brisbane, Queensland",,2026-07-22,linkedin,new,https://www.linkedin.com/jobs/view/4443430532
523,21,Defence Australia,Data Scientist,"Melbourne, Victoria",,2026-07-22,linkedin,new,https://www.linkedin.com/jobs/view/4443423518
97,21,Quantium,Data Scientist (Consulting),"Melbourne, Victoria, (Remote)",,2026-07-21,linkedin,new,https://www.linkedin.com/jobs/view/4443587175
274,21,Quantium,Data Scientist (Consulting),"Sydney, New South Wales, (Remote)",,2026-07-21,linkedin,new,https://www.linkedin.com/jobs/view/4443573843
370,21,Pacific National,Contract Performance Analyst,"Herston, Queensland",,2026-07-21,linkedin,new,https://www.linkedin.com/jobs/view/4440432071
442,21,CyberCX,Cloud Engineer - GCP Unified Security,"Sydney, New South Wales",,2026-07-21,linkedin,new,https://www.linkedin.com/jobs/view/4434931910
119,21,Monoova,Product Manager - FX,"Sydney, New South Wales, (Remote)",,2026-07-20,linkedin,new,https://www.linkedin.com/jobs/view/4442013038
4536,21,Robert Walters,Cash & Reconciliation Specialist,"Sydney CBD, NSW","$450,000 - $550,000 /yearly",,jora,new,https://au.jora.com/job/Reconciliation-Specialist-2f7bc8b8e763543b4fd0dcb72eb6f664
4673,21,HR Partners,reception / office coordinator,"Eagle Farm, QLD",,,jora,new,https://au.jora.com/job/Office-Coordinator-4d64bb37b3032bf5e03b757e5d0be635
5291,21,MLKA Hospitality Recruitment,Bottleshop Attendant,"Pilbara, WA, (Remote)",$33 - $47 /hourly,,jora,new,https://au.jora.com/job/Bottleshop-Attendant-aff3ecd6c1dad31a3336d88ebe6a92b5
5189,20,Okendo,Management Accountant,"Sydney CBD, NSW, (Remote)","$100,000 - $130,000 /yearly",2026-08-12,jora,new,https://au.jora.com/job/Management-Accountant-ddd418aa52ccfd10b27cba19f557d9e1
5242,20,Amentum,Administration Support Officer,"Alice Springs, NT",,2026-08-12,jora,new,https://au.jora.com/job/Administration-Support-Officer-796fefa39b03282144ef5b0c8b6b0d36
5309,20,Findstaff,Production Worker  - Printing Industry,"Kilsyth, VIC",$33 /hourly,2026-08-12,jora,new,https://au.jora.com/job/Production-Worker-e5ab146eb3712d8fb5b3130ea152bade
5358,20,SustainRecruit,Project Manager - Wealth Management,"Melbourne, VIC",,2026-08-12,jora,new,https://au.jora.com/job/Project-Manager-c20ce5074f86c1c7e2784ef4b168983f
5369,20,Specsavers,Optical Assistant Part Time  (min 25hrs per week),"Chermside, QLD",,2026-08-12,jora,new,https://au.jora.com/job/Optical-Assistant-9b63ef77c6df21ab73fbc08e95523ba1
4825,20,Healthcare Australia,Operations Consultant,"Osborne Park, WA, (Remote)",,2026-08-11,jora,new,https://au.jora.com/job/Operations-Consultant-47fb1fc3d94083f3b1b435069fab6d0a
4894,20,V/Line,Services Officer/Reserve Conductor Bendigo,"Bendigo, VIC",$45 /hourly,2026-08-11,jora,new,https://au.jora.com/job/Services-Officer-e8870cb3d1ba13abe0eb95dbf2998749
4898,20,TidyDen,Cleaner,"Sunshine Coast, QLD",,2026-08-11,jora,new,https://au.jora.com/job/Cleaner-7e37c699066883002c86521db9045b98
4899,20,TidyDen,Cleaner,"Cairns, QLD",,2026-08-11,jora,new,https://au.jora.com/job/Cleaner-c623d81169f9d094f0c4ad11707fe2e8
4960,20,ETM Group,Warehouse Pick Packers - Brendale,"Brendale, QLD",,2026-08-11,jora,new,https://au.jora.com/job/Warehouse-Pick-Packers-8042872152d3eca6176e9730ba4e926c
4965,20,ProQuest Recruitment & Training,Afternoon & Day shift Warehouse Storeman,"Tullamarine, VIC",$33 - $37 /hourly,2026-08-11,jora,new,https://au.jora.com/job/Afternoon-Day-shift-9772e3dacb586f894aa70b842f64f4a9
4973,20,City of Onkaparinga,Community Connections Officer (Central North West),"Noarlunga Centre, SA","$103,000 - $107,000 /yearly",2026-08-11,jora,new,https://au.jora.com/job/Connections-Officer-04a6b9e50fc3cc28324f2b69d85c2144
5062,20,a&co Recruitment Partners,Finance Manager,"Fremantle, WA",,2026-08-11,jora,new,https://au.jora.com/job/Finance-Manager-a8daf813f7e28bdf46e2494c2d63beee
5064,20,Recruitment 24/7,Machine Operator with Forklift Licence,"Darra, QLD",$38 /hourly,2026-08-11,jora,new,https://au.jora.com/job/Machine-Operator-677c79828df718f4fcbd5449c63c1672
5097,20,Auto & General,Partner Performance Coordinator,"Toowong, QLD",,2026-08-11,jora,new,https://au.jora.com/job/Performance-Coordinator-079d5afd4004bf12e8cd60c0bee4135e
5104,20,Talent Web Recruitment,Accounts ClerkJust posted!,"Sydney, NSW",,2026-08-11,jora,new,https://au.jora.com/job/Accounts-ClerkJust-posted-ed956b728875de42e06567ac7f17a920
5114,20,Department of Education Victoria,Intervention Co-ordinator,"Canterbury, VIC",,2026-08-11,jora,new,https://au.jora.com/job/Intervention-Co-ordinator-a5ac6b0a179877460ef6cb26425f435c
5139,20,Gracefab PTY LTD,Part Time Warehouse Coordinator,"Croydon South, VIC",$30 - $33 /hourly,2026-08-11,jora,new,https://au.jora.com/job/Warehouse-Coordinator-e78018384adfa58c7540550a05bf96e0
5169,20,Decode Group,Marketing Intern,"Sydney, New South Wales",,2026-08-11,linkedin,new,https://www.linkedin.com/jobs/view/4452197409
4567,20,Taipei Fubon Bank,Finance & Administrative Officer,"Sydney CBD, NSW",,2026-08-10,jora,new,https://au.jora.com/job/Finance-Administrative-Officer-e2428e9358a7c887c54971ba585ab07c
4720,20,STARTEK,Customer Service Consultant - Energy Distribution - Work from Home,"Docklands, VIC, (Remote)",$27 /hourly,2026-08-10,jora,new,https://au.jora.com/job/Customer-Service-Consultant-debeb70c065b70d02739b9c3a987fc18
4771,20,People Connect ICT Solutions,Artificial Intelligence Engineer,"Canberra, Australian Capital Territory",,2026-08-10,linkedin,new,https://www.linkedin.com/jobs/view/4451374600
4023,20,Acteon Group,Office Administrator,"Perth, WA",,2026-08-08,jora,new,https://au.jora.com/job/Office-Administrator-f9f340eae698c439f2df8a0cfa9a950e
4076,20,Lawson Elliott Recruitment,Financial Controller,"Brisbane, QLD","$145,000 - $155,000 /yearly",2026-08-08,jora,new,https://au.jora.com/job/Financial-Controller-d23e70a331cfbc2e1b0b468472d180c0
4085,20,Australasia Pacific Play Therapy Association,Membership Administration Officer,"Sydney CBD, NSW, (Remote)",$28 /hourly,2026-08-08,jora,new,https://au.jora.com/job/Administration-Officer-d335e60054b20ee106feb5d36f66fe5b
3323,20,Above Benchmark,Professional Mystery Shopper with a pet - Prospect Area,"Adelaide, SA",,2026-08-07,jora,new,https://au.jora.com/job/Mystery-Shopper-64ddd558bfa283f19645d60ef4c78ce4
3690,20,Barings,Database Analyst,Greater Sydney Area,,2026-08-07,linkedin,new,https://www.linkedin.com/jobs/view/4450088121
3835,20,Anglicare Sydney,Integration Developer,"Macquarie Park, New South Wales",,2026-08-07,linkedin,new,https://www.linkedin.com/jobs/view/4441949289
4131,20,Lookahead,Lead Frontend Developer,"Sydney, New South Wales",,2026-08-07,linkedin,new,https://www.linkedin.com/jobs/view/4450085676
4163,20,Super Retail Group,Pricing Analyst,Greater Sydney Area,,2026-08-07,linkedin,new,https://www.linkedin.com/jobs/view/4441178417
4267,20,randstad digital australia,AI Developer,"Belconnen, Australian Capital Territory",,2026-08-07,linkedin,new,https://www.linkedin.com/jobs/view/4450089716
4506,20,Pandora,Casual Customer Experience Assistant (Contract),"North Sydney, New South Wales",,2026-08-07,linkedin,new,https://www.linkedin.com/jobs/view/4450093506
2815,20,seek.com.au,FRONT DESK RECEPTIONIST,"South Melbourne, VIC",$35 - $40 /hourly,2026-08-06,jora,new,https://au.jora.com/job/Front-Desk-Receptionist-59337575ce724e47d6347a8f581843e2
3160,20,Lawson Elliott Recruitment,Financial Accountant,"Sydney CBD, NSW","$110,000 - $120,000 /yearly",2026-08-06,jora,new,https://au.jora.com/job/Financial-Accountant-3d79d284b958bf1641907e93b788d36b
3527,20,Orica,Software & Data Internship,"Brisbane, Queensland",,2026-08-06,linkedin,new,https://www.linkedin.com/jobs/view/4450002721
3528,20,Orica,Technology Product & Robotics Internship,New South Wales,,2026-08-06,linkedin,new,https://www.linkedin.com/jobs/view/4449799915
2766,20,TACTIC,Creating Stunning and Effective Email Templates,"Sydney, New South Wales",,2026-08-05,linkedin,new,https://www.linkedin.com/jobs/view/4447309501
2916,20,Unknown,High Velocity Account Executive (Fixed Term Contractor / Internship - 12 months),"Sydney, NSW",,2026-08-05,indeed,new,https://au.indeed.com/viewjob?jk=8f7a4908cc31677e
4130,20,Aircall,High Velocity Account Executive (Fixed Term Contractor / Internship - 12 months),Greater Sydney Area,,2026-08-05,linkedin,new,https://www.linkedin.com/jobs/view/4449146509
2229,20,Diligent,Solutions Engineer / Pre Sales Consultant (Risk & Audit),"Sydney, New South Wales",,2026-08-04,linkedin,new,https://www.linkedin.com/jobs/view/4440036621
2252,20,AMP,"Product Manager, Retirement Solutions","Sydney, New South Wales",,2026-08-04,linkedin,new,https://www.linkedin.com/jobs/view/4448276144
2641,20,Tata Consultancy Services,Data Modeler,Greater Sydney Area,,2026-08-04,linkedin,new,https://www.linkedin.com/jobs/view/4448825270
2061,20,Base Compute,Founding ML Engineer,"Melbourne, Victoria",,2026-08-03,linkedin,new,https://www.linkedin.com/jobs/view/4447680755
1587,20,Kapital Consulting,Trading Engineer,"Sydney, New South Wales",,2026-07-31,linkedin,new,https://www.linkedin.com/jobs/view/4446980704
1772,20,Noumi,Commercialisation Project Manager,"Ingleburn, New South Wales",,2026-07-31,linkedin,new,https://www.linkedin.com/jobs/view/4443214793
1864,20,Arinco,Azure Platform Consultant,"Sydney, New South Wales",,2026-07-31,linkedin,new,https://www.linkedin.com/jobs/view/4447282503
1355,20,THE ICONIC,Junior Maintenance Technician (Rotating Roster Dayworker & Shiftworker),"Yennora, New South Wales",,2026-07-30,linkedin,rejected,https://www.linkedin.com/jobs/view/4444541970
1420,20,The HR Ally,ISAM developer,"Sydney, New South Wales",,2026-07-30,linkedin,new,https://www.linkedin.com/jobs/view/4444186916
1600,20,Insight,Azure Cloud Platform Architect,"Brisbane, Queensland",,2026-07-30,linkedin,new,https://www.linkedin.com/jobs/view/4428779422
1279,20,JD Ross Energy,Data Analyst,"Sydney, New South Wales",,2026-07-29,linkedin,new,https://www.linkedin.com/jobs/view/4446031235
1003,20,Metro Finance,Quality Assurance Engineer - 6m Contract,"Sydney, New South Wales",,2026-07-28,linkedin,new,https://www.linkedin.com/jobs/view/4446162660
1056,20,pay.com.au,AI Automation Engineer,"Melbourne, Victoria",,2026-07-28,linkedin,new,https://www.linkedin.com/jobs/view/4442019029
1103,20,Fujitsu,Associate Consultant,"Barton, Australian Capital Territory",,2026-07-28,linkedin,new,https://www.linkedin.com/jobs/view/4441946010
1163,20,Zone IT Solutions,Automation Test Engineer,"Sydney, New South Wales",,2026-07-28,linkedin,new,https://www.linkedin.com/jobs/view/4446186479
1254,20,Riot Games,"QA Engineer II – VALORANT Foundations, Engine","Melbourne, Victoria, (Remote)",,2026-07-28,linkedin,new,https://www.linkedin.com/jobs/view/4444426318
1400,20,XPT Software,AI specialist / Generative AI design,"Sydney, New South Wales",,2026-07-28,linkedin,new,https://www.linkedin.com/jobs/view/4446069332
936,20,CareCone Group,Data insights Analyst,"Sydney, New South Wales",,2026-07-27,linkedin,new,https://www.linkedin.com/jobs/view/4445917359
953,20,ECA Global,Trainer and Assessor (Graduate Diploma of Engineering),"Millers Point, New South Wales",,2026-07-27,linkedin,new,https://www.linkedin.com/jobs/view/4444886380
768,20,Ecommerce Guide,"Customer Support Specialist, Bilingual English & Japanese","Sydney, New South Wales, (Remote)",,2026-07-26,linkedin,new,https://www.linkedin.com/jobs/view/4445365377
991,20,Susquehanna International Group,C++ Developer - Market Data & Signals,"Sydney, New South Wales",,2026-07-25,linkedin,new,https://www.linkedin.com/jobs/view/4406722217
596,20,Innovior,Business Consultant - Technical,"North Sydney, New South Wales",,2026-07-24,linkedin,new,https://www.linkedin.com/jobs/view/4427923388
812,20,Monoova,Payment Solutions Engineer,"Sydney, New South Wales",,2026-07-24,linkedin,new,https://www.linkedin.com/jobs/view/4444056707
365,20,Curtin University,Data Analyst,"Perth, Western Australia",,2026-07-23,linkedin,new,https://www.linkedin.com/jobs/view/4444457229
408,20,Woolworths Group,Assistant Product Marketing Manager,"Sydney, New South Wales, (Remote)",,2026-07-23,linkedin,new,https://www.linkedin.com/jobs/view/4442700485
636,20,CreditorWatch,Developer Experience Engineer (AI-DLC),"Sydney, New South Wales",,2026-07-23,linkedin,new,https://www.linkedin.com/jobs/view/4443802119
647,20,Riot Games,"QA Engineer II – VALORANT Foundations, Engine","Sydney, New South Wales, (Remote)",,2026-07-23,linkedin,new,https://www.linkedin.com/jobs/view/4444429282
700,20,University of Sydney,Solution Architect,"Sydney, New South Wales",,2026-07-23,linkedin,new,https://www.linkedin.com/jobs/view/4441096322
405,20,Cartology - Part of the Woolworths Group,Product Sales Manager,"Surry Hills, New South Wales, (Remote)",,2026-07-22,linkedin,new,https://www.linkedin.com/jobs/view/4436512559
575,20,Ventia,Ventia Graduate Program-Asset Management,"North Sydney, New South Wales",,2026-07-22,linkedin,rejected,https://www.linkedin.com/jobs/view/4439112952
4328,20,Randstad,Accounts Receivable and GL Processing Officer,"Sydney, NSW",$42 /hourly,,jora,new,https://au.jora.com/job/Processing-Officer-2d9dce72bfe3ce2302e3dd371767a899
4538,20,Business NSW,Data Support and Test Engineer,"Sydney CBD, NSW","$82,500 /yearly",,jora,new,https://au.jora.com/job/Data-Support-and-77c07cf861d4094dcfcaca9db4f1156b
5193,19,"Department of Customer Services, Open Data and Small and Family Business",Customer Service Advisor (Cross Channel),"Westbrook, QLD",,2026-08-12,jora,new,https://au.jora.com/job/Customer-Service-Advisor-2fd8499110a204da3a5e9252c797371e
5226,19,"Department of Families, Fairness & Housing VIC",Housing Customer Service Officer,"Traralgon, VIC",,2026-08-12,jora,new,https://au.jora.com/job/Housing-Customer-Service-6d838ea411127682ce51e7e08d1abeae
5233,19,Busy At Work,Administration Officer,"Brisbane, QLD",,2026-08-12,jora,new,https://au.jora.com/job/Administration-Officer-bac7199e113f62ee8efde267f0462343
5306,19,Coast and Country Water Tanks,Delivery & Production Team Member – Entry Level,"Morisset, NSW",$26 /hourly,2026-08-12,jora,new,https://au.jora.com/job/Production-Team-Member-2cff52c5b7014e87cca76890cbb5c4c2
5308,19,turfngo,Office admin,"Freemans Reach, NSW",,2026-08-12,jora,new,https://au.jora.com/job/Office-admin-84216a15e6d6d1bc1ee71a74126a2a57
5341,19,Queensland Department of Education,Administration Officer - Robina State High School,"Gold Coast, QLD","$78,541 - $87,148 /yearly",2026-08-12,jora,new,https://au.jora.com/job/Administration-Officer-e50c970749bd567ff8528ee9a6c2abd6
5373,19,Lowes Petroleum Service,Depot Administrator,"Gladstone, QLD",,2026-08-12,jora,new,https://au.jora.com/job/Depot-Administrator-7e7f4bc3dd45319b395bbd2b449c7732
4816,19,Government schools,Teacher Aide,"Melbourne Northern Suburbs, VIC",,2026-08-11,jora,new,https://au.jora.com/job/Teacher-Aide-cd8cff1680ce565f8a3e1009f4fbd778
4829,19,Pet Circle,Forklift Driver,"Brisbane, QLD",,2026-08-11,jora,new,https://au.jora.com/job/Forklift-Driver-1ffc15e6a0910b3539eb3ba51ebf1fd2
4886,19,Vanderlande,Control Room Operator,"Sydney, NSW, (Remote)",,2026-08-11,jora,new,https://au.jora.com/job/Control-Room-Operator-f47e78a5ff06e51bb6bb2babd9862d34
4895,19,Transport for NSW,Business Systems & Compliance Coord,"Eveleigh, NSW","$150,295 - $167,114 /yearly",2026-08-11,jora,new,https://au.jora.com/job/Business-Systems-Compliance-d247dad07fb50cfb2d1d56350542bbed
4937,19,Government schools,Teacher Aide,"Melbourne Northern Suburbs, VIC",,2026-08-11,jora,new,https://au.jora.com/job/Teacher-Aide-9608a0c64dbf9514ebafa5768c1c0d8c
4961,19,Saul Recruitment,L2 MSP Support Engineer - Aussie MSP/MSSP - Azure/Modern Workplace/Security!,"Sydney, NSW, (Remote)","$80,000 - $85,000 /yearly",2026-08-11,jora,new,https://au.jora.com/job/Support-Engineer-d8c77a502f29e14b62a99922c34fd151
4968,19,Queensland X-Ray,Bookings Officer,"Highgate Hill, QLD",,2026-08-11,jora,new,https://au.jora.com/job/Booking-Officer-0e84fb8d09a3150652b1ddb7c885b394
5008,19,Hays Recruitment,Pick Packer,"Townsville, QLD",$35 /hourly,2026-08-11,jora,new,https://au.jora.com/job/Pick-Packer-18dc9ceecb13c696d417bbc4ad9a2b1c
5029,19,The Next Step Recruitment Company,"Health, Safety & Wellbeing Advisor","Sydney, NSW",,2026-08-11,jora,new,https://au.jora.com/job/Health-Safety-Wellbeing-411a92070c30d8b91a2524eef6fdf439
5033,19,Government schools,Integration Aide,"Melbourne Northern Suburbs, VIC",,2026-08-11,jora,new,https://au.jora.com/job/Integration-Aide-55bc35d16d249f7e3d1d3637b9118006
5080,19,Envirochoice Food Packaging Australia,Part-Time Customer Service Representative,"Malaga, WA",,2026-08-11,jora,new,https://au.jora.com/job/Customer-Service-Representative-428420300b5dbcb681dd7a9fc4c9710c
5108,19,Roy Morgan Research,Field Interviewer - Western Sydney,"Sydney, NSW",$37 - $40 /hourly,2026-08-11,jora,new,https://au.jora.com/job/Field-Interviewer-18ca06c0d40327aaf5695e8afa33c30e
5127,19,Western Sydney University,Badanami Student Success Officer,"Parramatta, NSW","$97,693 - $104,713 /yearly",2026-08-11,jora,new,https://au.jora.com/job/Student-Success-Officer-a629dc626bfe8ac5e901487b06f8c342
5154,19,McNally Jones Staff,Office Administrator/Accounts Person,"Sydney CBD, NSW",,2026-08-11,jora,new,https://au.jora.com/job/Office-Administrator-4b6319cf167ecb618738a87d9581573b
5156,19,Department of Education Victoria,Teacher Aide,"Watsonia, VIC",,2026-08-11,jora,new,https://au.jora.com/job/Teacher-Aide-7a5d6d43dd72599945a469e34c39710f
4395,19,Reward Hospitality,Customer Service Officer - Yatala,"Surfers Paradise, QLD, (Remote)",,2026-08-10,jora,new,https://au.jora.com/job/Customer-Service-Officer-fafe541ec550dfd2397b70ac0584190e
4489,19,TrooCoo,Group Category Manager - Equipment & Fleet,"Milton, QLD","$180,000 - $200,000 /yearly",2026-08-10,jora,new,https://au.jora.com/job/Category-Manager-f391b12a7e4b86989bf2d96444ca0d34
4542,19,Perigon Group,Commercial Analyst,"Sydney, NSW","$100,000 - $120,000 /yearly",2026-08-10,jora,new,https://au.jora.com/job/Commercial-Analyst-11595848673d00e465349956ef3c1fe2
4727,19,Star Aviation Services,Western Sydney International Airport - Ramp Crew Leader,"Luddenham, NSW",,2026-08-10,jora,new,https://au.jora.com/job/Crew-Leader-a4361e06416421d7776b46f42d5aff3a
4783,19,Australian Government,AGS Law Clerks - Affirmative Measures Indigenous,"Sydney, NSW",,2026-08-10,indeed,new,https://au.indeed.com/viewjob?jk=97b7bf1fecedcbf9
4785,19,Excelerate Consulting,Administration & Events Coordinator (10am - 2pm),"Sydney, NSW, (Remote)",,2026-08-10,indeed,new,https://au.indeed.com/viewjob?jk=e8b736e2a84baef1
4171,19,Lion Careers,Title: Supply Planner,"Sydney, NSW",,2026-08-09,jora,new,https://au.jora.com/job/Supply-Planner-be67200f6ee5f5a894c1fa959db061f4
4228,19,TrooCoo,"Manager - Finance, Planning and Analysis","Brisbane, QLD",,2026-08-09,jora,new,https://au.jora.com/job/Manager-Finance-Planning-1253536085baffc696b30f144a4b1f29
4298,19,Oban Group,Service Coordinator,"Applecross, WA",,2026-08-09,jora,new,https://au.jora.com/job/Service-Coordinator-8e1517e43fd27802ddeaf06841b0a58f
4335,19,New Tech Logistics,Receive & Dispatch Clerk 5X4,"Archerfield, QLD",,2026-08-09,jora,new,https://au.jora.com/job/Receive-Dispatch-Clerk-8120f90db25dc884508e6b528808c744
4341,19,UGL,Injury Management Advisor - Major Infrastructure & Transport Projects,"North Sydney, NSW",,2026-08-09,jora,new,https://au.jora.com/job/Injury-Management-Advisor-4dc9b640ae264c6442e1fcb2306588e8
4360,19,Australian Government,AGS Law Clerks - Affirmative Measures Indigenous,"Sydney, NSW",,2026-08-09,indeed,new,https://au.indeed.com/viewjob?jk=377cd1bb0fe7f265
4778,19,Australian Maritime Safety Authority,AI and Automation Lead,"Canberra, Australian Capital Territory, (Remote)",,2026-08-09,linkedin,new,https://www.linkedin.com/jobs/view/4450986667
3877,19,MKS TRADING WA PTY LTD,Accounts clerk,"Roebuck, WA","$70,000 - $80,000 /yearly",2026-08-08,jora,new,https://au.jora.com/job/Accounts-Clerk-63be4bfbdf13b1ffe5213a1b9f0f8501
3888,19,Select Aust Sydney,APS4 Executive Assistant,"Deakin, ACT",,2026-08-08,jora,new,https://au.jora.com/job/Executive-Assistant-b4123f60ca482e900619124d429b6631
3661,19,Dream Home Decor,Platform Engineer,(Remote),,2026-08-07,linkedin,new,https://www.linkedin.com/jobs/view/4450070471
3203,19,NSW Government,Talent Architect,"Sydney, NSW",,2026-08-06,indeed,new,https://au.indeed.com/viewjob?jk=60d62691091b9658
3439,19,Transport for NSW,Data Analyst Maritime,"Rozelle, NSW",,2026-08-06,indeed,new,https://au.indeed.com/viewjob?jk=d4755a7f6b4ea154
4162,19,Deloitte,Graduate | 2026 Workforce Management (Melbourne/Sydney/Brisbane/Canberra),"Sydney, New South Wales",,2026-08-06,linkedin,new,https://www.linkedin.com/jobs/view/4450246125
2447,19,Scentre Group (Owner of Westfield destinations in Aus and NZ),Product Manager Brandspace,"Sydney, New South Wales",,2026-08-05,linkedin,new,https://www.linkedin.com/jobs/view/4448937962
2458,19,Landcom,Sales Manager - Project Land Development,"Sydney, New South Wales",,2026-08-05,linkedin,new,https://www.linkedin.com/jobs/view/4448937653
2733,19,Commonwealth Bank,"Assistant Product Manager, x15ventures","Sydney, New South Wales",,2026-08-05,linkedin,new,https://www.linkedin.com/jobs/view/4449495667
2884,19,Sitemate,Product Design Manager,"Sydney, New South Wales, (Remote)",,2026-08-05,linkedin,new,https://www.linkedin.com/jobs/view/4449635352
2903,19,Sitemate,Product Design Manager,"Sydney, NSW, (Remote)",,2026-08-05,indeed,new,https://au.indeed.com/viewjob?jk=02d438ed0b5dee43
2039,19,American Express,"Assistant Manager, Application Optimisation","Sydney, New South Wales",,2026-08-03,linkedin,new,https://www.linkedin.com/jobs/view/4447953323
2291,19,Qoria,AI / ML Engineer,"Perth, Western Australia",,2026-08-03,linkedin,new,https://www.linkedin.com/jobs/view/4448305790
1849,19,Hire Feed,C# Developer (Remote),(Remote),,2026-08-02,linkedin,new,https://www.linkedin.com/jobs/view/4447884092
1793,19,Hire Feed,C# Developer (Remote),(Remote),,2026-08-01,linkedin,new,https://www.linkedin.com/jobs/view/4447798006
1897,19,Ace Talent Recruitment,Structural Engineering Internship,"Sydney, New South Wales",,2026-08-01,linkedin,new,https://www.linkedin.com/jobs/view/4447783403
1461,19,Prysmian,IT Intern,"Dee Why, New South Wales",,2026-07-31,linkedin,new,https://www.linkedin.com/jobs/view/4447235701
1462,19,Prysmian,IT Intern,"Liverpool, New South Wales",,2026-07-31,linkedin,new,https://www.linkedin.com/jobs/view/4447235700
1450,19,Objective Corporation,Junior Software Support Analyst,"Sydney, New South Wales, (Remote)",,2026-07-30,linkedin,new,https://www.linkedin.com/jobs/view/4438606407
1713,19,ASX,Delivery Transformation Manager - Tooling,"Sydney, New South Wales",,2026-07-30,linkedin,new,https://www.linkedin.com/jobs/view/4444553277
1727,19,Administrative Review Tribunal,Member Support Officer - Legal - Sydney,"Sydney, New South Wales, (Remote)",,2026-07-30,linkedin,new,https://www.linkedin.com/jobs/view/4446935783
1270,19,Dovetail,Tech Lead Manager - Data Platform,"Sydney, New South Wales, (Remote)",,2026-07-29,linkedin,new,https://www.linkedin.com/jobs/view/4434810620
1430,19,Interactive,Data Architect / Engineer,"Sydney, New South Wales",,2026-07-29,linkedin,new,https://www.linkedin.com/jobs/view/4436530686
848,19,WSP in Australia,NSW Summer Internship,"Sydney, New South Wales",,2026-07-27,linkedin,new,https://www.linkedin.com/jobs/view/4445671092
871,19,WideSky,Data Product Manager,"Cremorne, Victoria",,2026-07-27,linkedin,new,https://www.linkedin.com/jobs/view/4444892488
965,19,White Bay,Technical Implementation Consultant,"Sydney, New South Wales",,2026-07-27,linkedin,new,https://www.linkedin.com/jobs/view/4414455418
601,19,Kirin,AI 动漫虚拟人全栈工程师 / Full-Stack Engineer – AI Anime Avatars,"Sydney, New South Wales",,2026-07-25,linkedin,new,https://www.linkedin.com/jobs/view/4445292152
676,19,Talento Naranja Banregio,Data Analys,"Sydney, New South Wales",,2026-07-25,linkedin,new,https://www.linkedin.com/jobs/view/4444637534
529,19,Swinburne University of Technology,Curriculum Implementation Specialist,"Melbourne, Victoria",,2026-07-24,linkedin,new,https://www.linkedin.com/jobs/view/4444045669
638,19,Software Co 🚀,Forward Deployed Engineer,"Sydney, New South Wales",,2026-07-24,linkedin,new,https://www.linkedin.com/jobs/view/4444302683
347,19,Experis Australia,Product Manager,"Canberra, Australian Capital Territory, (Remote)",,2026-07-23,linkedin,new,https://www.linkedin.com/jobs/view/4443484802
348,19,Elysium Digital,Product Manager,"Canberra, Australian Capital Territory",,2026-07-23,linkedin,new,https://www.linkedin.com/jobs/view/4444229426
652,19,Eaton,Project Control Engineer,"Mascot, New South Wales, (Remote)",,2026-07-23,linkedin,new,https://www.linkedin.com/jobs/view/4432394403
730,19,Tech Holding,"Program Manager, Digital Products | On-site in Sydney | Contract or Full-Time","Sydney, New South Wales",,2026-07-23,linkedin,new,https://www.linkedin.com/jobs/view/4443079686
137,19,CareCone Group,Product Manager,(Remote),,2026-07-22,linkedin,new,https://www.linkedin.com/jobs/view/4443307729
241,19,Latitude IT,Digital Product Manager,"Sydney, New South Wales",,2026-07-22,linkedin,new,https://www.linkedin.com/jobs/view/4443105534
4579,19,Queensland University of Technology,School Administration Officer,"Kelvin Grove, QLD","$95,981 - $108,257 /yearly",,jora,new,https://au.jora.com/job/School-Administration-Officer-5a8a72187614901b7a3b63d6bb77e1da
4730,19,Employment type:,Budget Officer,"East Perth, WA, (Remote)",,,jora,new,https://au.jora.com/job/Budget-Officer-9accec84e0e1e4973526a32b9533b8a7
5290,19,Farrell Transport Group,Casual Data Entry / Administration Clerk,"Pimpama, QLD",,,jora,new,https://au.jora.com/job/Administration-Clerk-a0c083c573b5405d84c60fde9f6ace3d
5301,19,seek.com.au,Compliance Officer,"Brisbane, QLD",,,jora,new,https://au.jora.com/job/Compliance-Officer-9c029598ac5ec951c6fbfb5a535ba3e9
5211,18,Guardian Media Group,Morning news editor,"Sydney, NSW",,2026-08-12,jora,new,https://au.jora.com/job/News-Editor-f144d5462ef43086bb24d1b0846d03be
5212,18,Maffra and Districts Landcare Network,Community Facilitator,"Gippsland, VIC",$43 - $50 /hourly,2026-08-12,jora,new,https://au.jora.com/job/Community-Facilitator-6ceef98bf153b10f3574fdf66114f0e3
5217,18,Public Transport Authority of Western Australia,Passenger Assistant,"Perth, WA",,2026-08-12,jora,new,https://au.jora.com/job/Passenger-Assistant-bc32158404fc6f4a48fe92fe8d2f7216
5224,18,NSW Health,Administration Officer,"St Leonards, NSW",,2026-08-12,jora,new,https://au.jora.com/job/Administration-Officer-2409d7430468a8bf80117af29272b3bb
5229,18,City of Rockingham,Community Development Officer (Early Years and Children),"Perth, WA","$94,367 /yearly",2026-08-12,jora,new,https://au.jora.com/job/Community-Development-Officer-f0e798583f59738be60cbadf534b3652
5246,18,Shire Of Serpentine Jarrahdale,Coordinator Library Services,"Armadale, WA, (Remote)","$102,650 /yearly",2026-08-12,jora,new,https://au.jora.com/job/Coordinator-Library-Services-800f34833e898e782cb3af457716559c
5303,18,South Australian Housing Trust,ASO2 Maintenance Administration Officer,"Adelaide, SA","$66,442 - $69,504 /yearly",2026-08-12,jora,new,https://au.jora.com/job/Maintenance-Administration-Officer-b898e946c15ca03c5e0681b7169d8efc
5340,18,Bartons,Automotive Warranty Clerk,"Capalaba, QLD",,2026-08-12,jora,new,https://au.jora.com/job/Warranty-Clerk-3973a70948affe5467625b059b6e6e86
5344,18,City of Canterbury Bankstown Council,Crew Leader Gardens,"Bankstown, NSW","$80,351 /yearly",2026-08-12,jora,new,https://au.jora.com/job/Crew-Leader-6e1580798d283856436459c6fb92f89e
4801,18,Select Aust Sydney,Customer Service Insurance Call Centre,"Parramatta, NSW","$65,237 /yearly",2026-08-11,jora,new,https://au.jora.com/job/Customer-Service-Insurance-17087dcd2996092b78a278a259407e2f
4806,18,Majer Recruitment,Site Ops | Facilities Coordinator | Sydney,"Sydney, NSW",,2026-08-11,jora,new,https://au.jora.com/job/Facilities-Coordinator-1e39a1a86b721caadd2170f9f7769748
4819,18,Su Australia,Fundraising Administration Assistant,"Brisbane, QLD",,2026-08-11,jora,new,https://au.jora.com/job/Fundraising-Administration-Assistant-10b932c632cd532a711fd94e5d4e414b
4826,18,Department of the Premier & Cabinet SA,Manager Service Innovation and Delivery,"Adelaide, SA","$130,046 - $134,956 /yearly",2026-08-11,jora,new,https://au.jora.com/job/Manager-bf82e818d57127ada41e190020bf93e2
4830,18,Programmed / PERSOLKELLY,Pickers - RF Scanning Experience Essential,"Sydney, NSW",$41 /hourly,2026-08-11,jora,new,https://au.jora.com/job/Picker-666fac1aefb705bcb80501cbbf062f2b
4831,18,Maranoa Regional Council,Plant Operator / Labourer (Multiple Roma Based Positions),"Roma, QLD, (Remote)",,2026-08-11,jora,new,https://au.jora.com/job/Operator-Labourer-bd666a5c8506f356190ee9820169fc31
4837,18,Victoria Racing Club,Membership and Customer Sales and Services Officer,"Flemington, VIC",,2026-08-11,jora,new,https://au.jora.com/job/Membership-and-Customer-27467799c18fa282eb8061e251e47392
4843,18,Scripture Union Queensland,Fundraising Administration Assistant,"Brisbane, QLD",,2026-08-11,jora,new,https://au.jora.com/job/Fundraising-Administration-Assistant-2eaf9f129f6fb74994062ee85b43bcab
4903,18,South Australia Police,Facilities Support Officer,"Adelaide, SA","$74,095 - $78,694 /yearly",2026-08-11,jora,new,https://au.jora.com/job/Facilities-Support-Officer-b6aa6e44add17cda3fc2c913215cd1d4
4908,18,Black Hawk Metals Pty Ltd,Store person,"Acacia Ridge, QLD",$28 - $35 /hourly,2026-08-11,jora,new,https://au.jora.com/job/Store-person-57babb16318fe63ce52c334deaf2c9c4
4940,18,Department for Infrastructure and Transport SA,Team Leader Customer Experience,"Adelaide, SA","$92,122 - $102,456 /yearly",2026-08-11,jora,new,https://au.jora.com/job/Team-Leader-Customer-fc495e633b13b3b91f16173aceef2766
4988,18,Programmed Maintenance Services,Full time dump truck traineeship,"Gunnedah, NSW",$39 /hourly,2026-08-11,jora,new,https://au.jora.com/job/Full-time-dump-8f66b83683ff547669087e24b45ca532
4991,18,City of Port Adelaide Enfield,Community Centre Support Officer,"Kilburn, SA","$77,269 /yearly",2026-08-11,jora,new,https://au.jora.com/job/Community-Centres-Support-Officer-00512a207fd86ea8a41525dbd455b7b8
5014,18,Talent Web Recruitment,Group Accounting ManagerJust posted!,"Sydney, NSW",,2026-08-11,jora,new,https://au.jora.com/job/Group-Accounting-ManagerJust-0c6a47606416ef4a4f9cb1b3c167432d
5023,18,Azora Finance Group,Collections Officer | Customer Service,"Darlinghurst, NSW",,2026-08-11,jora,new,https://au.jora.com/job/Collections-Officer-03d61304163af858f3eedab72e24ccd5
5026,18,Event Cinemas,Conference & Events Sales Manager- Event Cinemas George Street,"Sydney CBD, NSW","$80,000 - $100,000 /yearly",2026-08-11,jora,new,https://au.jora.com/job/Event-Sales-Manager-354be54ee35be00b10ce345e118da345
5031,18,Programmed / PERSOLKELLY,Production Worker,"Sydney North Shore, NSW",$34 /hourly,2026-08-11,jora,new,https://au.jora.com/job/Production-Worker-0bc2aafc651bf1c2793b91d40797d529
5083,18,ABN Group,Administration Assistant,"Perth, WA",,2026-08-11,jora,new,https://au.jora.com/job/Administration-Assistant-5aeb5db159b0d0555232f0a26e098caf
5084,18,T2 Tea,Brew Bar Team Member - Westfield Sydney - New Flagship Store!,"Sydney, NSW",,2026-08-11,jora,new,https://au.jora.com/job/Team-Member-35bc831948249edfee502a4292be5e57
5087,18,Walk In Clinic for Animals,Customer Care Representative,"Dickson, ACT",,2026-08-11,jora,new,https://au.jora.com/job/Customer-Care-Representative-58b0c779862354f64ae0e853c8c13e74
5098,18,Re.turn It (victoria) PTY LTD,Team Member,"Melbourne, VIC",,2026-08-11,jora,new,https://au.jora.com/job/Team-Member-2f87c2dd49396652d1233da5a3fd6986
5113,18,Stafflink Workforce Management,Labourer - Concrete Precast Yard,"Wacol, QLD",,2026-08-11,jora,new,https://au.jora.com/job/Labourer-Concrete-Precast-4d423dc630dd3e4ba1c9b8a55f47187a
5120,18,City of Rockingham,Community Development Officer (Early Years and Children),"Rockingham, WA","$94,367 /yearly",2026-08-11,jora,new,https://au.jora.com/job/Community-Development-Officer-264b953a78d08b383f206a7ddcc75c5d
5121,18,Programmed Maintenance Services,Quality Officer,"North Rocks, NSW",,2026-08-11,jora,new,https://au.jora.com/job/Quality-Officer-f38a8c863a93825fc794f144c39ef512
5122,18,FourQuarters Recruitment,Customer Remediation Case Manager,"Springvale, VIC",$48 - $55 /hourly,2026-08-11,jora,new,https://au.jora.com/job/Remediation-Case-Manager-983ee16f735435f36914c442af7fb166
5138,18,Ivory Group,Cleaner,"Sydney Western Suburbs, NSW",$37 /hourly,2026-08-11,jora,new,https://au.jora.com/job/Cleaner-1b5d15d50666754f73d3f888bff6951d
4392,18,Flexi Tracks,Content Creator - Video Editor,"Brisbane, QLD",$35 - $45 /hourly,2026-08-10,jora,new,https://au.jora.com/job/Content-Creator-d4e57252ef9acbc9b26da3eee4a4f7c3
4400,18,Sens Coffee Co. Southport,Barista,"Southport, QLD",,2026-08-10,jora,new,https://au.jora.com/job/Barista-8de16e0deee96d04898239c91c53f1d1
4411,18,NAB,Notify Me - NAB Internships,"Adelaide, SA",,2026-08-10,jora,new,https://au.jora.com/job/Notify-Me-NAB-aa69e25f9ca93293f7a67d5d5f1dbb6d
4457,18,Dells Angels,Domestic Assistant / Cleaner (Casual & Part-time Roles,"Townsville, QLD",$31 - $34 /hourly,2026-08-10,jora,new,https://au.jora.com/job/Domestic-Cleaner-4b5d2c98b6b6313320736542bbb99fb4
4475,18,JobRadars - AU,Warehouse Team Member,"Fremantle, WA",$32 - $35 /hourly,2026-08-10,jora,new,https://au.jora.com/job/Warehouse-Team-Member-980028240c3518fe44141179f9fed33c
4532,18,Aspiring Minds Child Psychology,Casual Receptionist/Administrative Assistant,"Neutral Bay, NSW",$35 /hourly,2026-08-10,jora,new,https://au.jora.com/job/Casual-Receptionist-Administrative-353ab9c9f3ce7ed6a33c49babc2ff38d
4541,18,C3 Talent,Accounts Payable Specialist,"Brisbane, QLD",,2026-08-10,jora,new,https://au.jora.com/job/Accounts-Payable-Specialist-1ebf0e6c0bcfe7ffcd0f193c09d885d7
4554,18,BBQ Factory,Warehouse/Delivery Driver - Casual,"Silverwater, NSW",$35 - $38 /hourly,2026-08-10,jora,new,https://au.jora.com/job/Delivery-Driver-d545bca7f4e6e13d295531ff7993bdf7
4560,18,The Lurline Randwick,Front office,"Sydney CBD, NSW",,2026-08-10,jora,new,https://au.jora.com/job/Front-office-4bb2980283563b0762be486596d7be4c
4630,18,Adactin,Business Analyst,"Darwin, Northern Territory",,2026-08-10,linkedin,new,https://www.linkedin.com/jobs/view/4451114012
4656,18,STRILAB | WAR LAB,Graduate Data Analyst / Junior Data Analyst / Data Analyst,"New South Wales, (Remote)",,2026-08-10,linkedin,new,https://www.linkedin.com/jobs/view/4449516959
4677,18,Synaco,Recycling Sorter,"South Perth, WA",,2026-08-10,jora,new,https://au.jora.com/job/Recycling-Sorter-6ea2436263ac388a8f5122f6c7a571e4
4696,18,Australian Prudential Regulation Authority,APRA 2026/27 Summer Internship Program,"Sydney, NSW","$80,000 /yearly",2026-08-10,jora,new,https://au.jora.com/job/APRA-2026-27-4d1f475f29d5d3325d6d128d2ecdbdc5
4706,18,LocalAgentFinder,"Customer Service & Agent Support (3 days per week, phone-based)","Saint Kilda, VIC",,2026-08-10,jora,new,https://au.jora.com/job/Agent-d15e42cf526cf3376162a262abb9241c
4710,18,Space Plus,Warehouse & Delivery Assistant,"Rosebery, NSW",$37 - $39 /hourly,2026-08-10,jora,new,https://au.jora.com/job/Warehouse-and-Delivery-Assistant-fe1c9a3d3ae382ff24e871ad195029b5
4716,18,Event Services Australia,Event Workforce Coordinator,"Perth, WA",$34 - $38 /hourly,2026-08-10,jora,new,https://au.jora.com/job/Workforce-Coordinator-5a762d4b2df3d1dfae923c3de954a245
4788,18,Toolijooa Environmental Restoration,Bush Regenerators,"Normanhurst, NSW",,2026-08-10,indeed,new,https://au.indeed.com/viewjob?jk=3cc01898bad2bf79
4852,18,Founders Edge,Videography Intern,"Sydney, New South Wales",,2026-08-10,linkedin,new,https://www.linkedin.com/jobs/view/4450981887
4868,18,Foot Locker,Sales Associate - Casual,"Sydney, New South Wales",,2026-08-10,linkedin,new,https://www.linkedin.com/jobs/view/4344234779
4174,18,MedicalJobsAustralia,Executive Assistant,"Derwent Bridge, TAS",,2026-08-09,jora,new,https://au.jora.com/job/Executive-Assistant-06fb63986884658cf95bee11823aa1ab
4177,18,vfv interiors,Property Stylist & Operations Coordinator (Casual | 20–25 hours per week),"Victoria Park, WA",$38 /hourly,2026-08-09,jora,new,https://au.jora.com/job/Operations-Coordinator-485540c33528206bdcb6b5ff81ee3220
4179,18,MedicalJobsAustralia,Park Interpretation Officer,"Derwent Bridge, TAS",,2026-08-09,jora,new,https://au.jora.com/job/Interpretation-Officer-1eaf9c3fd4afe1e68bf2d90ad7c58b78
4183,18,Service Seeking,General Gardening | Surrey Hills,"Surrey Hills, VIC",,2026-08-09,jora,new,https://au.jora.com/job/General-Gardening-%7C-703ac0041a6a8df27606dbcec0038a38
4184,18,Blacktown City Council,Child Care Assistant x 9 (Part-time),"Sydney, NSW",,2026-08-09,jora,new,https://au.jora.com/job/Child-Care-Assistant-a0862e7f0457a3ace3c46e32b7acfbac
4188,18,Balranald Shire Council,Tourism Officer (Casual),"Balranald, NSW",,2026-08-09,jora,new,https://au.jora.com/job/Tourism-Officer-1846ef73c88803b26bb1e380516a7652
4197,18,Blacktown City Council,Parks and Gardens Worker x 2,"Sydney, NSW",,2026-08-09,jora,new,https://au.jora.com/job/Garden-Worker-bc66ecb5fba535123c54b1a938310968
4199,18,MedicalJobsAustralia,Ward Clerk,"Derwent Bridge, TAS",,2026-08-09,jora,new,https://au.jora.com/job/Ward-Clerk-241cd83d9ec94b6fae226bdea4f53da9
4214,18,Service Seeking,Home Handiwork,"Melbourne, VIC",,2026-08-09,jora,new,https://au.jora.com/job/Home-Handiwork-adce5ec8d1fff826cae86e3684deebc1
4220,18,MedicalJobsAustralia,Home Liaison Officer,"Derwent Bridge, TAS",,2026-08-09,jora,new,https://au.jora.com/job/Liaison-Officer-fc185714f97a1769a9379592e04a35e0
4224,18,MedicalJobsAustralia,School Attendance Officer,"Derwent Bridge, TAS",,2026-08-09,jora,new,https://au.jora.com/job/School-Attendance-Officer-ab7aeb506ea9ee7ae8eba14264509917
4234,18,MedicalJobsAustralia,Financial Analyst,"Derwent Bridge, TAS",,2026-08-09,jora,new,https://au.jora.com/job/Financial-Analyst-3068a83550e0641d0dcb1c5aa3143dd4
4271,18,4Cyte Pathology,Pathology Collector (Phlebotomist),"Townsville, QLD",$29 - $39 /hourly,2026-08-09,jora,new,https://au.jora.com/job/Phlebotomist-850ab6bd8f7ee73a3406679ae8bd2918
4287,18,seek.com.au,Header Drivers Required,"Clermont, QLD","$145,000 - $182,000 /yearly",2026-08-09,jora,new,https://au.jora.com/job/Driver-e2bbbbe74b8b1dc9690da37e332b93e3
4297,18,L&R Tori Group PTY LTD,Cleaner,"Perth, WA",$27 - $33 /hourly,2026-08-09,jora,new,https://au.jora.com/job/Cleaner-97e8473d02677c191e250d681640620f
4301,18,Accent Group Limited,Leasing Administrator,"Cremorne, VIC","$90,000 - $100,000 /yearly",2026-08-09,jora,new,https://au.jora.com/job/Leasing-Administrator-d95b4b764e4d908c11cd84a5ed752abd
4303,18,The Herbal Extract Company,Packaging Assistant,"Minto, NSW",,2026-08-09,jora,new,https://au.jora.com/job/Packaging-Assistant-890f1503f7fdc03f3ea99e0f92e354a4
4309,18,Service Seeking,General Gardening | Dandenong,"Melbourne, VIC",,2026-08-09,jora,new,https://au.jora.com/job/General-Gardening-%7C-9d01e813a38898b7adb80a2aabd9a0d3
4319,18,Baker Recruitment,Property Manager,"Hunters Hill, NSW","$100,000 /yearly",2026-08-09,jora,new,https://au.jora.com/job/Property-Manager-2f387704d1c443c4803943d48bcfa8e6
4504,18,Hatch,Sales & Marketing Coordinator,"Sydney, New South Wales, (Remote)",,2026-08-09,linkedin,new,https://www.linkedin.com/jobs/view/4450944762
3857,18,WA Police,Customer Service Operator,"Perth, WA","$80,000 /yearly",2026-08-08,jora,new,https://au.jora.com/job/Customer-Service-Operator-eea547e1bc48980f67c345f0b648b8ae
3879,18,Department Of Justice,Field Officer - Ballarat,"Ballarat, VIC",$42 /hourly,2026-08-08,jora,new,https://au.jora.com/job/Field-Officer-84d7bb0ad45144fd49c83a2e16ebca27
3909,18,Lagardere AWPL Travel Retail,Cafe Assistant,"City of West Torrens, SA",,2026-08-08,jora,new,https://au.jora.com/job/Cafe-Assistant-f6f1ac68c4dd95d6379f8a85b2d94daf
3942,18,V/Line,Customer Experience Officer,"Officer, VIC","$100,183 - $105,716 /yearly",2026-08-08,jora,new,https://au.jora.com/job/Customer-Experience-Officer-ef6dde2205d4fcdf354832b1526c866f
3949,18,sgrvmb pty ltd trading as Russell Falls Holiday Cottages,Hotel and Guest services Mangager,"National Park, TAS","$76,515 - $85,000 /yearly",2026-08-08,jora,new,https://au.jora.com/job/Hotel-and-Guest-cdbebba70252fc811caaa9cc9dc1e9e9
3953,18,Clarence Valley Council,Holiday Park Housekeeper/Facilities Cleaner,"Upper Orara, NSW",$29 - $35 /hourly,2026-08-08,jora,new,https://au.jora.com/job/Facility-Cleaner-cc44b4682e7e26d78aeadd76fa52966c
3970,18,Corrections Victoria,Field Officer - Ballarat,"Ballarat, VIC",$42 /hourly,2026-08-08,jora,new,https://au.jora.com/job/Field-Officer-7bb72072c14b2b00d072349e88019024
3990,18,APG Workforce,Promotional Gift Bag Packers | Ingleburn | Immediate Starts,"Ingleburn, NSW",$33 /hourly,2026-08-08,jora,new,https://au.jora.com/job/Packer-d241d218f354eb10020a512ea3709f9b
4012,18,Horizon Power,Customer Services Officer,"Broome, WA",,2026-08-08,jora,new,https://au.jora.com/job/Customer-Services-Officer-2400f8f15612cc4518839d2d23e23908
4024,18,Allens,Boardroom Waiter,"Sydney, NSW",,2026-08-08,jora,new,https://au.jora.com/job/Boardroom-Waiter-e546a8d852e9810f0de2f05120636130
4103,18,DFV Australia,Customer Experience Specialist,"Moss Vale, NSW",,2026-08-08,jora,new,https://au.jora.com/job/Customer-Experience-Specialist-20ff044f750aeb35e6974191997aa5fa
4119,18,Key & Card AG - Einfach. Genial. Digital.,Back-End Developer,"Back Creek, New South Wales, (Remote)",,2026-08-08,linkedin,new,https://www.linkedin.com/jobs/view/4451069340
3553,18,Botanique & Cosmétique 🌿,Data Analys,"Sydney, New South Wales",,2026-08-07,linkedin,new,https://www.linkedin.com/jobs/view/4450679762
3555,18,Create & Influence,Operations Analyst,"Sydney, New South Wales",,2026-08-07,linkedin,new,https://www.linkedin.com/jobs/view/4450029130
3668,18,Metso,Product Manager V&H,"Sydney, New South Wales",,2026-08-07,linkedin,new,https://www.linkedin.com/jobs/view/4448714371
3669,18,Metso,Product Manager V&H,"Newcastle, New South Wales",,2026-08-07,linkedin,new,https://www.linkedin.com/jobs/view/4448710619
3831,18,Key & Card AG - Einfach. Genial. Digital.,Back-End Developer,"Back Creek, New South Wales, (Remote)",,2026-08-07,linkedin,new,https://www.linkedin.com/jobs/view/4448757817
3920,18,Ebury,Business Developer / FX Sales Associate,"Sydney, NSW",,2026-08-07,indeed,new,https://au.indeed.com/viewjob?jk=f63bcff1bd2646c9
2897,18,Legaline Platform,AI Engineer / Generative AI Engineer / Machine Learning Engineer,"New South Wales, (Remote)",,2026-08-06,linkedin,new,https://www.linkedin.com/jobs/view/4448067772
3017,18,BJAK,Back End Developer,(Remote),,2026-08-06,linkedin,new,https://www.linkedin.com/jobs/view/4449984402
3099,18,Emmbr,Product Manager - Acquisition / Retention,"Sydney, New South Wales, (Remote)",,2026-08-06,linkedin,new,https://www.linkedin.com/jobs/view/4450207038
3204,18,Hyatt,Pastry Chef,"Sydney, NSW",,2026-08-06,indeed,new,https://au.indeed.com/viewjob?jk=5f9bb21e7eac334a
3272,18,Key & Card AG - Einfach. Genial. Digital.,Back-End Developer,"Back Creek, New South Wales, (Remote)",,2026-08-06,linkedin,new,https://www.linkedin.com/jobs/view/4450220553
3350,18,Shift,Frontend Engineer - React/Typescript,"North Sydney, New South Wales",,2026-08-06,linkedin,new,https://www.linkedin.com/jobs/view/4438485722
3833,18,Anaplan,Junior Level 3 Support Analyst,"Sydney, New South Wales",,2026-08-06,linkedin,new,https://www.linkedin.com/jobs/view/4450217323
2537,18,American Express,"Assistant Manager, Lending Products A/NZ","Sydney, New South Wales",,2026-08-05,linkedin,new,https://www.linkedin.com/jobs/view/4448945661
2609,18,City of Sydney,Smart Productivity Engineer,"Sydney, New South Wales",,2026-08-05,linkedin,new,https://www.linkedin.com/jobs/view/4448975752
2709,18,Siemens Energy,Internship (Grid Solutions),"Sydney, New South Wales",,2026-08-05,linkedin,new,https://www.linkedin.com/jobs/view/4439836774
2724,18,Key & Card AG - Einfach. Genial. Digital.,Back-End Developer,"Back Creek, New South Wales, (Remote)",,2026-08-05,linkedin,new,https://www.linkedin.com/jobs/view/4449481461
2734,18,Lendi Group,Product Manager,"Sydney, New South Wales",,2026-08-05,linkedin,new,https://www.linkedin.com/jobs/view/4431450995
2737,18,PepsiCo,Assistant Brand Manager - Doritos,"Chatswood, New South Wales",,2026-08-05,linkedin,new,https://www.linkedin.com/jobs/view/4438080664
2747,18,Transport for NSW,Procurement Officer,"Mascot, NSW",,2026-08-05,indeed,new,https://au.indeed.com/viewjob?jk=fdc7b9d08a43ea77
2328,18,Kira,Mobile Application Developer - AI Neobank App,(Remote),,2026-08-04,linkedin,new,https://www.linkedin.com/jobs/view/4448274684
3444,18,Westpac Group,Engineer Data/ETL-Informatica,"Sydney, New South Wales",,2026-08-04,linkedin,new,https://www.linkedin.com/jobs/view/4432203245
1962,18,Suncorp Group,Technology Intern,"Sydney, New South Wales",,2026-08-03,linkedin,new,https://www.linkedin.com/jobs/view/4445898262
1963,18,Suncorp Group,Technology Intern,"Melbourne, Victoria",,2026-08-03,linkedin,new,https://www.linkedin.com/jobs/view/4445889356
1964,18,Suncorp Group,Technology Intern,"Brisbane, Queensland",,2026-08-03,linkedin,new,https://www.linkedin.com/jobs/view/4446204190
2101,18,Hire Feed,Backend Developer - C#/.NET (Remote),(Remote),,2026-08-03,linkedin,new,https://www.linkedin.com/jobs/view/4448150043
2336,18,26 Degrees,"Analyst, Liquidity","Sydney, New South Wales",,2026-08-03,linkedin,new,https://www.linkedin.com/jobs/view/4436280501
2493,18,Richemont,"Seasonal Sales Associate, Chloe, Sydney , Casual","Sydney, NSW",,2026-08-03,indeed,new,https://au.indeed.com/viewjob?jk=bfef8efe3a626929
1850,18,Hire Feed,Backend Developer - C#/.NET (Remote),(Remote),,2026-08-02,linkedin,new,https://www.linkedin.com/jobs/view/4447894018
1588,18,Quantum Energía,ERP Consultant / API Developer,(Remote),,2026-08-01,linkedin,new,https://www.linkedin.com/jobs/view/4447401873
1535,18,Cipher Recruitment,L3 Engineer - MSP,"Sydney, New South Wales, (Remote)",,2026-07-31,linkedin,new,https://www.linkedin.com/jobs/view/4445078764
1659,18,Akkodis,AI Engineer,"Canberra, Australian Capital Territory",,2026-07-30,linkedin,new,https://www.linkedin.com/jobs/view/4446726382
1686,18,TAL Australia,Actuarial Analyst,"Sydney, New South Wales",,2026-07-30,linkedin,new,https://www.linkedin.com/jobs/view/4446737992
1197,18,FTI Consulting,"2027 Graduate Program, Data & Analytics","Sydney, New South Wales",,2026-07-29,linkedin,new,https://www.linkedin.com/jobs/view/4446530465
1303,18,Pine Services Group,Software Developer,(Remote),,2026-07-29,linkedin,new,https://www.linkedin.com/jobs/view/4446838078
1314,18,Australian Energy Market Operator (AEMO),Engineer System Planning,"Sydney, New South Wales, (Remote)",,2026-07-29,linkedin,new,https://www.linkedin.com/jobs/view/4437005225
1351,18,FTI Consulting,"2027 Graduate Program, Restructuring & Insolvency","Sydney, New South Wales",,2026-07-29,linkedin,new,https://www.linkedin.com/jobs/view/4446534311
1521,18,Relevance AI,AI Deployment Strategist,"Sydney, New South Wales",,2026-07-28,linkedin,new,https://www.linkedin.com/jobs/view/4436289800
845,18,White Bay,Quality Assurance Engineer,"Sydney, New South Wales",,2026-07-27,linkedin,new,https://www.linkedin.com/jobs/view/4444868753
938,18,IAG,Data & Reporting Specialist,"Sydney, New South Wales, (Remote)",,2026-07-27,linkedin,new,https://www.linkedin.com/jobs/view/4445915067
540,18,uniquehire,Platform Engineer,Greater Sydney Area,,2026-07-24,linkedin,new,https://www.linkedin.com/jobs/view/4444783437
723,18,Optus,Product Enablement Manager,"Macquarie Park, New South Wales, (Remote)",,2026-07-24,linkedin,new,https://www.linkedin.com/jobs/view/4444922703
488,18,Citadel Securities,C++ Software Engineer,Greater Sydney Area,,2026-07-23,linkedin,new,https://www.linkedin.com/jobs/view/4281723425
122,18,Clear.ai,Product Manager - Freight Forwarding & Supply Chain,"Chatswood, New South Wales",,2026-07-22,linkedin,new,https://www.linkedin.com/jobs/view/4442619076
355,18,CareCone Group,Platform Engineer - GCP,"Sydney, New South Wales",,2026-07-22,linkedin,new,https://www.linkedin.com/jobs/view/4443749038
356,18,CareCone Group,Platform Engineer GCP,"Sydney, New South Wales",,2026-07-22,linkedin,new,https://www.linkedin.com/jobs/view/4443741021
3,18,San Francisco Unified School District,Family Liaison - SF Public Montessori Elementary School (R20)(26-27SY),"San Francisco, CA",$34 - $42 /hourly,2026-07-21,indeed,new,https://www.indeed.com/viewjob?jk=b57fdb4b8cd64f5d
406,18,HomeMade,Assistant Brand Manager,"Sydney, New South Wales, (Remote)",,2026-07-21,linkedin,new,https://www.linkedin.com/jobs/view/4440463927
409,18,Mable,Assistant Brand Manager,"Sydney, New South Wales, (Remote)",,2026-07-21,linkedin,new,https://www.linkedin.com/jobs/view/4440414139
452,18,Umbrella Club,Cloud Engineer,"Melbourne, Victoria",,2026-07-21,linkedin,new,https://www.linkedin.com/jobs/view/4442273104
3890,18,City of Ballarat,Animal Attendant,"Ballarat, VIC","$63,629 - $65,786 /yearly",,jora,new,https://au.jora.com/job/Animal-Attendant-678edf249f07ff8c70afe28e0ee7365a
4077,18,Club Motel and apartments Wagga Wagga,Receptionist & Housekeeper roles- Casual to permanent opportunities,"Wagga Wagga, NSW",$33 - $48 /hourly,,jora,new,https://au.jora.com/job/Receptionist-11e9e78ad2f55735f8c959757be50120
4539,18,Toll People,Administrator,"Brisbane, QLD",$38 /hourly,,jora,new,https://au.jora.com/job/Administrator-26a4011779be167272be6b9ed22c903e
4597,18,seek.com.au,Aged Care Rostering Assistant and Recruitment Consultant,"Sydney CBD, NSW",,,jora,new,https://au.jora.com/job/Recruitment-Consultant-0dfd340fb1a009378d753ba5f502df56
5102,18,High attention to detail with strong self-management and problem-solving skills.,ao4 learning and development officer,"Brisbane, QLD",$55 - $60 /hourly,,jora,new,https://au.jora.com/job/Learning-and-Development-Officer-8641620a182dd669f03c97a4d2239ef6
5111,18,Government schools,Teacher Aide,"Greater Bendigo, VIC",,,jora,new,https://au.jora.com/job/Teacher-Aide-b5921816a7e24f13edb6e1dc78a02fc9
5131,18,Hays Recruitment,Digital Producer,"Sydney, NSW",,,jora,new,https://au.jora.com/job/Digital-Producer-b3d3adf3c3e614f363be30345f5c7707
4808,17,Cement Australia,Customer Service Coordinator,"Pinkenba, QLD, (Remote)","$73,392 /yearly",2026-08-11,jora,new,https://au.jora.com/job/Customer-Service-Coordinator-4c6d10a04c88088ad26515253805d122
5079,17,University of Queensland Union,Payroll & Finance Officer,"Saint Lucia, QLD",,2026-08-11,jora,new,https://au.jora.com/job/Payroll-Finance-Officer-002383ad715383fced4e07310370eba5
4372,17,Korn Ferry,Executive Assistant,"Sydney, NSW",,2026-08-10,jora,new,https://au.jora.com/job/Executive-Assistant-c65c9b83429ad9b5730b487c33969d8e
4386,17,Queensland Health,Pathology Assistant Phlebotomist,"Nambour, QLD",,2026-08-10,jora,new,https://au.jora.com/job/Pathology-Assistant-3c1a84f3aab366d52eff8cf0ac61bf93
4421,17,Catholic Education Tasmania,Teacher Assistant Opportunities,"New Town, TAS","$63,461 - $80,772 /yearly",2026-08-10,jora,new,https://au.jora.com/job/Teacher-Assistant-Opportunities-8bbdf8cc763f9d8deeaeb0d4e960cefb
4422,17,Department of Transport and Main Roads QLD,Spatial Science Officer,"Buderim, QLD","$102,817 - $111,975 /yearly",2026-08-10,jora,new,https://au.jora.com/job/Science-Officer-43478e5986699cb4680d18824a13f7d2
4464,17,Government schools,Inclusion Support - Growing our Future,"Melbourne, VIC",,2026-08-10,jora,new,https://au.jora.com/job/Inclusion-Support-Growing-750141c3be9d0273af0d9c0d56cd1156
4535,17,Government schools,Teacher Aide,"Melbourne Northern Suburbs, VIC",,2026-08-10,jora,new,https://au.jora.com/job/Teacher-Aide-bded531b36ebe1e6bb64a38d2164e99f
4551,17,Government schools,Teachers Assistant - Ongoing,"Melbourne Northern Suburbs, VIC",,2026-08-10,jora,new,https://au.jora.com/job/Teachers-Assistant-Ongoing-2e0da5bf6dd5a7b3f35e4dd7ee264fc8
4575,17,Winning Group,DC Team Member,"Woodville South, SA",,2026-08-10,jora,new,https://au.jora.com/job/Team-Member-9cdf376957629e9ad123cda81b22a378
4585,17,Department of Education Victoria,Teacher Aide / Classroom Support - 2026 Start,"Melbourne, VIC",,2026-08-10,jora,new,https://au.jora.com/job/Teacher-Aide-Classroom-fe65501f6f961d0f8392746e7a3ee618
4616,17,Fusion5,Graduate Technical Consultant - Microsoft,"Sydney, New South Wales",,2026-08-10,linkedin,new,https://www.linkedin.com/jobs/view/4451378436
4683,17,Government schools,Integration Aide,"Melbourne Western Suburbs, VIC",,2026-08-10,jora,new,https://au.jora.com/job/Integration-Aide-0a0e80f1ae39b5b535339f71fff5ce27
4694,17,Government schools,Inclusion Aide - Ed Support Level 1-Range 2,"Melbourne Northern Suburbs, VIC",,2026-08-10,jora,new,https://au.jora.com/job/Inclusion-Aide-3f0d121b4ca05064569b60fdcfacb975
4715,17,Government schools,Student Wellbeing Officer,"Melbourne Western Suburbs, VIC",,2026-08-10,jora,new,https://au.jora.com/job/Student-Wellbeing-Officer-865d734596606e9ad6fb67a174c6b3ec
4729,17,Government schools,Integration Aide,"Gippsland, VIC",,2026-08-10,jora,new,https://au.jora.com/job/Integration-Aide-61a5f6bc5fbb87497aa323ecfc2ee14f
4849,17,Fusion5,Graduate Functional Consultant - Microsoft,"Sydney, New South Wales",,2026-08-10,linkedin,new,https://www.linkedin.com/jobs/view/4451391054
4189,17,Korn Ferry,Executive Assistant,"Sydney, NSW",,2026-08-09,jora,new,https://au.jora.com/job/Executive-Assistant-a7e587ef8d0b8ccc8d08661f715c7861
4288,17,Emeritus Research,Operations Coordinator (Scheduling & Resource Planning),"Camberwell, VIC","$90,000 - $110,000 /yearly",2026-08-09,jora,new,https://au.jora.com/job/Operations-Coordinator-7139134db3aecc4ae4afa32815055d3e
4290,17,Target Australia,Buying Assistant - Apparel,"Chadstone, VIC",,2026-08-09,jora,new,https://au.jora.com/job/Buying-Assistant-b236f2eb65655fcb5a74998e197828eb
3864,17,Sociable Tech,IT Coordinator / Customer Support Officer,"Silverwater, NSW","$80,001 - $100,000 /yearly",2026-08-08,jora,new,https://au.jora.com/job/Customer-Support-Officer-1009ce28b9928f52c0e22350a489bee2
3873,17,Department of Education,Education Assistant - Special Needs,"Perth, WA",,2026-08-08,jora,new,https://au.jora.com/job/Education-Assistant-Special-5376b7d0d644d47e19cd2ed51a48d5a9
3844,17,Strategic Partners Australia,Artificial Intelligence Engineer,"Canberra, Australian Capital Territory",,2026-08-07,linkedin,new,https://www.linkedin.com/jobs/view/4448724387
4253,17,FedEx Australia,Business Applications Analyst,"Mascot, New South Wales",,2026-08-06,linkedin,new,https://www.linkedin.com/jobs/view/4450234949
2435,17,Umbrella Club,Solutions Specialist,"Sydney, New South Wales",,2026-08-05,linkedin,new,https://www.linkedin.com/jobs/view/4448935817
2152,17,August,System Developer,"Richmond, Victoria",,2026-08-04,linkedin,new,https://www.linkedin.com/jobs/view/4446285793
2461,17,Adactin,AI Prompt Engineer,Unknown,,2026-08-04,linkedin,new,https://www.linkedin.com/jobs/view/4446297202
2502,17,Transport for NSW,Associate Procurement Manager,"Mascot, NSW",,2026-08-04,indeed,new,https://au.indeed.com/viewjob?jk=a56b84334fe30fec
2718,17,Legora,Technical Platform Expert - Sydney,"Sydney, New South Wales",,2026-08-04,linkedin,new,https://www.linkedin.com/jobs/view/4437296901
1961,17,Ausgrid,2026 Engineering Summer Internship Program,"Sydney, New South Wales",,2026-08-03,linkedin,new,https://www.linkedin.com/jobs/view/4447688635
1969,17,Ausgrid,2026 Engineering Summer Internship Program,"Newcastle, New South Wales",,2026-08-03,linkedin,new,https://www.linkedin.com/jobs/view/4447685690
2084,17,ALO,Sales Associate (Part-Time & Casual) - Sydney CBD,"Sydney, New South Wales",,2026-08-03,linkedin,new,https://www.linkedin.com/jobs/view/4448179590
2102,17,LAB3,Engineer - Modern Workplace (Managed Services),"Melbourne, Victoria, (Remote)",,2026-08-03,linkedin,new,https://www.linkedin.com/jobs/view/4447910419
2455,17,ZOODESIGN,Implementation Manager (Canva Enterprise),(Remote),,2026-08-03,linkedin,new,https://www.linkedin.com/jobs/view/4447909282
2500,17,OpenText,Commercial Solutions Sales Executive (Sydney) - Cyber Security,"North Sydney, NSW",,2026-08-03,indeed,new,https://au.indeed.com/viewjob?jk=c5ac9ec7c7224c20
2512,17,Transport for NSW,"Procurement Risk, Audit & Complaints Off","Mascot, NSW",,2026-08-03,indeed,new,https://au.indeed.com/viewjob?jk=6febd06655c822cf
1805,17,Toyota Motor Corporation Australia,2027 Graduate: Engineering & Information Technology,"Altona North, Victoria",,2026-08-02,linkedin,new,https://www.linkedin.com/jobs/view/4445832687
2030,17,swipejobs,Digital Project Manager,"North Sydney, New South Wales",,2026-08-02,linkedin,new,https://www.linkedin.com/jobs/view/4447660647
1710,17,Ace Talent Recruitment,Embedded Engineering Internship,"Sydney, New South Wales",,2026-08-01,linkedin,new,https://www.linkedin.com/jobs/view/4447782386
1451,17,Tribus,HFT Developer,"Sydney, New South Wales",,2026-07-31,linkedin,new,https://www.linkedin.com/jobs/view/4447236665
1563,17,Blackwoods,"Functional Insights Analyst - Macquarie Park, NSW","Macquarie Park, New South Wales, (Remote)",,2026-07-31,linkedin,new,https://www.linkedin.com/jobs/view/4447247998
1579,17,Rockstar Games,Graphics Programmer,"Sydney, New South Wales",,2026-07-31,linkedin,new,https://www.linkedin.com/jobs/view/4446983707
1582,17,PaperCut Software,Product Engineer,"Melbourne, Victoria",,2026-07-31,linkedin,new,https://www.linkedin.com/jobs/view/4445057984
1326,17,Preacta,Back End Developer,"Sydney, New South Wales",,2026-07-30,linkedin,new,https://www.linkedin.com/jobs/view/4446455335
1419,17,Hanes Brands Australasia,R+D Developer,"Pyrmont, New South Wales",,2026-07-30,linkedin,new,https://www.linkedin.com/jobs/view/4446891684
1684,17,NSW Department of Communities and Justice,Analyst,"Parramatta, New South Wales, (Remote)",,2026-07-30,linkedin,new,https://www.linkedin.com/jobs/view/4445034286
1750,17,PropertyMe,Junior IT Admin,"Sydney, New South Wales, (Remote)",,2026-07-30,linkedin,new,https://www.linkedin.com/jobs/view/4446748060
1751,17,Havas Host,Junior IT Support Analyst,"Sydney, New South Wales, (Remote)",,2026-07-30,linkedin,new,https://www.linkedin.com/jobs/view/4436523779
1160,17,CareCone Group,C++ Developer,"Sydney, New South Wales",,2026-07-29,linkedin,new,https://www.linkedin.com/jobs/view/4446522812
1271,17,Colliers,Junior Geospatial Developer | Property & Economics,"Sydney, New South Wales",,2026-07-29,linkedin,new,https://www.linkedin.com/jobs/view/4428005772
1272,17,Hawksworth,Databricks Solution Architect - $225k + super - Global Consultancy,"Sydney, New South Wales",,2026-07-29,linkedin,new,https://www.linkedin.com/jobs/view/4446083204
1513,17,Hawksworth,Databricks Engineer (AI Delivery) - $190k + super - Global Consultancy,"Melbourne, Victoria",,2026-07-29,linkedin,new,https://www.linkedin.com/jobs/view/4444191133
1536,17,Hays,Test Lead,"Sydney, New South Wales",,2026-07-29,linkedin,new,https://www.linkedin.com/jobs/view/4446539963
896,17,weave. Recruitment,Founding Engineer - AI Native,"Sydney, New South Wales",,2026-07-26,linkedin,new,https://www.linkedin.com/jobs/view/4442376748
662,17,Mogi I/O : OTT/Podcast/Short Video Apps for you,"Game Developer – Python, Panda3D & C++",(Remote),,2026-07-25,linkedin,new,https://www.linkedin.com/jobs/view/4445312755
833,17,Crossing Hurdles,Content Specialist (Vietnamese) | $11/hr Remote,(Remote),,2026-07-25,linkedin,new,https://www.linkedin.com/jobs/view/4377205261
503,17,Stake,Front End Engineer,"Sydney, New South Wales",,2026-07-24,linkedin,new,https://www.linkedin.com/jobs/view/4444915058
688,17,Renaissance InfoSystems,Data Test Analyst/ETL Test Analyst,"Sydney, New South Wales",,2026-07-24,linkedin,new,https://www.linkedin.com/jobs/view/4444770661
810,17,CSIRO,Undergraduate Vacation Studentships - Information Management and Technology,"Sydney, New South Wales",,2026-07-24,linkedin,new,https://www.linkedin.com/jobs/view/4444086693
388,17,Trendspek,"Technical Solutions Engineer, Reality Capture","Greater Sydney Area, (Remote)",,2026-07-23,linkedin,new,https://www.linkedin.com/jobs/view/4443810243
747,17,Netwealth - See Wealth Differently (ASX:NWL),Product Manager,"Melbourne, Victoria",,2026-07-23,linkedin,new,https://www.linkedin.com/jobs/view/4422545186
77,17,Conscious Mommy,Software Engineer,"Melbourne, Victoria",,2026-07-22,linkedin,new,https://www.linkedin.com/jobs/view/4443752384
120,17,Commonwealth Bank,"Assistant Product Manager Institutional Lending, Pricing & ESG - 12 Month Contract","Sydney, New South Wales",,2026-07-22,linkedin,new,https://www.linkedin.com/jobs/view/4442984817
209,17,Learnosity,Product Manager Assessment,"Sydney, New South Wales",,2026-07-22,linkedin,new,https://www.linkedin.com/jobs/view/4443177453
212,17,Learnosity,Product Manager Maternity Cover,"Sydney, New South Wales",,2026-07-22,linkedin,new,https://www.linkedin.com/jobs/view/4443177455
98,17,Rmkble,AI Solutions Engineer (ProcessPath),"Perth, Western Australia",,2026-07-21,linkedin,new,https://www.linkedin.com/jobs/view/4443092058
101,17,Rmkble,AI Solutions Engineer (ProcessPath),"Melbourne, Victoria",,2026-07-21,linkedin,new,https://www.linkedin.com/jobs/view/4443073823
124,17,Australian Broadcasting Corporation (ABC),Product Manager | SEO and Distribution,"Sydney, New South Wales, (Remote)",,2026-07-20,linkedin,new,https://www.linkedin.com/jobs/view/4442568597
5205,17,Macquarie Grammar School,School Accounts Officer (Part Time),"Sydney CBD, NSW",,2026-07-13,jora,new,https://au.jora.com/job/Accounts-Officer-90670abe730ad1eb1c11e78d1584e573
3868,17,City of Ballarat,Animal Attendant (Casual),"Ballarat, VIC",$40 /hourly,,jora,new,https://au.jora.com/job/Animal-Attendant-09ffa037cf69e35ffc1ae925f650eb57
3887,17,Mitchell Shire Council,Aquatic Supervisor,"Melbourne, VIC","$66,700 - $76,100 /yearly",,jora,new,https://au.jora.com/job/Aquatic-Supervisor-89b922c368263852b24844f2f1aaa0fe
3893,17,WKFC - Blacktown,Customer Service Officer,"Parramatta, NSW",,,jora,new,https://au.jora.com/job/Customer-Service-Officer-6a6ceb6670817489721a35a914b62b0d
3902,17,"News Corp Australia Sydney, AUS",Campaign and Experience Executive,"Sydney, NSW",,,jora,new,https://au.jora.com/job/Experience-Executive-511107fd683d2a0fb3d4eaaa7e10f7a5
4209,17,Randstad,Data Entry Officers - Government,"Adelaide, SA",$37 - $40 /hourly,,jora,new,https://au.jora.com/job/Data-Entry-Officer-894b14f3ffdf6a8cbb96259da4cc7c01
4322,17,Chrysalis Healthcare Pty Ltd,Clinical Manager - Positive Behaviour Support Outreach Services,"Perth, WA, (Remote)","$110,000 - $140,000 /yearly",,jora,new,https://au.jora.com/job/Clinical-Manager-f4d2bca81683f31cf8145b8e9886c3ab
5025,17,Cochranes Transport,Freight Handler PM,"Gillman, SA",,,jora,new,https://au.jora.com/job/Freight-Handler-182f9359d8d01359b81a0d82cee54979
5070,17,Department of Government Services,Payroll Officer,"Melbourne, VIC","$81,496 - $98,955 /yearly",,jora,new,https://au.jora.com/job/Payroll-Officer-b1280bb21a3954b4770f5a69ca90b277
5106,17,Justice Connect,Practical Legal Training Students - Homeless Law,"Melbourne, VIC",,,jora,new,https://au.jora.com/job/Practical-Legal-Training-d8f657df54ac184411e5d16ae9308d5d
5158,17,Pearl Recruitment Group,Warehouse Assistants,"Perth, WA",$37 /hourly,,jora,new,https://au.jora.com/job/Warehouse-Assistant-26d84421778be9239a07b1ee9467ee44
5231,17,Category 5 Labour Management,Boiler Superintendent,"Millmerran, QLD",,,jora,new,https://au.jora.com/job/Superintendent-638e7e4d30da73806a491b56135b2719
5307,17,The Fresh Collective,Event Coordinator - The Fresh Collective,"Sydney CBD, NSW",,,jora,new,https://au.jora.com/job/Event-Coordinator-The-ad53ff3a9bb880bfacfc8838c43f9870
5194,16,McCain Foods,Payroll Officer,"Melbourne, VIC",,2026-08-12,jora,new,https://au.jora.com/job/Payroll-Officer-b2f41514efc04fba2101080efe04ef25
5198,16,JP Smith Recruitment,Financial Controller,"Dalby, QLD",,2026-08-12,jora,new,https://au.jora.com/job/Financial-Controller-1a23f849fae3fe8859970ebe54d5d9f7
5199,16,Cairns and Hinterland Hospital and Health Service,"Administration Officer, Ward POLO (General Medicine) - Cairns Hospital","Cairns, QLD",,2026-08-12,jora,new,https://au.jora.com/job/Administration-Officer-8b36dcdc0f8af3587db649ff24a557f6
5221,16,Optus,Operations & Master Data Manager,"Sydney, NSW",,2026-08-12,jora,new,https://au.jora.com/job/Master-Data-Manager-c70c1410031cb2d2094fc295ffc4e1af
5234,16,Spirit Care,Accounts & Payments Officer,"Gregory Hills, NSW, (Remote)",$38 - $45 /hourly,2026-08-12,jora,new,https://au.jora.com/job/Payments-Officer-d9419c476b0dad2c9aacb41f743d3045
5322,16,Hays Recruitment,Council Tractor Operator – Parks,"Sydney Western Suburbs, NSW",,2026-08-12,jora,new,https://au.jora.com/job/Tractor-Operator-a30dd19ea9ed9a96ea9cff5144861bb5
5353,16,Brudine Veterinary Hospital,Veterinary Receptionist,"Charnwood, ACT",,2026-08-12,jora,new,https://au.jora.com/job/Veterinary-Receptionist-88a5fa335361801bac024ad0f96d2860
4815,16,TRP Recruitment,CALLING ALL FIT AND STRONG PICKERS - AM $35ph - Western Suburbs,"Melbourne, VIC",$33 - $37 /hourly,2026-08-11,jora,new,https://au.jora.com/job/Picker-32a5a5bac1363ad4a3a9638feeb01c0f
4891,16,EducationHQ,EOI - Administration Officer - Mount Gravatt State High School,"Brisbane, QLD",,2026-08-11,jora,new,https://au.jora.com/job/Administration-Officer-1d4abe866cef4f865d957d4926a0f6d2
4980,16,Orica,Trainee MMU Operator - Murrawombie,"Dubbo, NSW",,2026-08-11,jora,new,https://au.jora.com/job/Trainee-MMU-Operator-322bac8b19d318cdcab0b400e5d0ed01
5149,16,FourQuarters Recruitment,Assistant Accountant,"Perth, WA",,2026-08-11,jora,new,https://au.jora.com/job/Assistant-Accountant-ea6807a15aa28315c3f778c93e00fc0e
4370,16,Downer,Meter Reader - Goulburn,"Glenquarry, NSW",,2026-08-10,jora,new,https://au.jora.com/job/Meter-Reader-6847567165015e1ccb230ba9c035263b
4371,16,Mulgrave Dental Group,Front Desk / Dental Receptionist,"Mulgrave, VIC",,2026-08-10,jora,new,https://au.jora.com/job/Dental-Receptionist-1867a4471c612fec971b3b9449077a39
4382,16,Latrobe City Council,Customer Focus Agent,"Traralgon, VIC","$73,617 - $78,471 /yearly",2026-08-10,jora,new,https://au.jora.com/job/Agent-bf45f996b1e7bd2b49a1ed6eba3d1b75
4383,16,Woolworths Supermarkets,Store Team Member,"South Mackay, QLD",,2026-08-10,jora,new,https://au.jora.com/job/Store-Team-Member-d6a6e4111cff7c974d5ee38acbfd7f15
4393,16,Colab Resources,Pick Packers,"Welshpool, WA",,2026-08-10,jora,new,https://au.jora.com/job/Pick-Packers-6123efac80ba7642befaabf64413d71f
4399,16,Blue Wren Holdings,Customer Service & Job Coordinator,"Surfers Paradise, QLD",,2026-08-10,jora,new,https://au.jora.com/job/Job-Coordinator-3fe3adcaa5ff3f8ff488ad9612bb29f6
4406,16,Council Jobs,Development And Wellbeing Administration Officer,"Rockingham, WA","$74,035 - $80,838 /yearly",2026-08-10,jora,new,https://au.jora.com/job/Administration-Officer-44bc526bffd75aa0aeac9858067d2a12
4417,16,ManpowerGroup,Netball Umpire,"Alexandria, NSW",$34 - $35 /hourly,2026-08-10,jora,new,https://au.jora.com/job/Netball-Umpire-28b4a2411b933008e5aac4b9e61e0a83
4463,16,Scent Central,"Field Service Team Member –  Friendly Workplace, Clean Natural Scenting","Hornsby, NSW","$60,000 - $70,000 /yearly",2026-08-10,jora,new,https://au.jora.com/job/Service-Team-Member-a5300efe7fb47e47343b9b7c983e8cab
4467,16,Rapid Response First Aid,Administrator & Accounts Officer,"Maroochydore, QLD",,2026-08-10,jora,new,https://au.jora.com/job/Accounts-Officer-6907c3bc16a0bcdc41012b921afd99ac
4471,16,Department of Transport and Main Roads QLD,Temp Project Officer,"Brisbane, QLD","$90,868 - $99,582 /yearly",2026-08-10,jora,new,https://au.jora.com/job/Project-Officer-5c2a1fc78ec4861607f7f84573868687
4492,16,Experis,Netball Umpire,"Alexandria, NSW",$34 - $35 /hourly,2026-08-10,jora,new,https://au.jora.com/job/Netball-Umpire-2a81ba833d68f59f6c6becb92d2d3556
4570,16,Australian National University,Research Support Officer,Australian Capital Territory,"$89,760 - $97,918 /yearly",2026-08-10,jora,new,https://au.jora.com/job/Research-Support-Officer-d272dc584c07d098579fa3f5b8762a4b
4573,16,Mamamia.com.au,Commercial Finance Manager,"Sydney, NSW",,2026-08-10,jora,new,https://au.jora.com/job/Commercial-Finance-Manager-856ceaf4ec84dccba8185ae54d56b7de
4577,16,Trojan Recruitment Group,Food Production Workers,"Adelaide, SA",,2026-08-10,jora,new,https://au.jora.com/job/Food-Production-Worker-f9043e57f41b8beb994a3ea5567c8160
4583,16,SOSICOP PTY LTD,Australia Post Parcel Delivery Drivers,"Bondi, NSW","$7,000 - $9,000 /monthly",2026-08-10,jora,new,https://au.jora.com/job/Delivery-Driver-f6f4b3c11b6a02db1f7c609200052090
4664,16,Temp Recruitment CS/GOAL/NRG/SWP,Pick Packer,"Banyo, QLD",$33 /hourly,2026-08-10,jora,new,https://au.jora.com/job/Pick-Packer-2531af3b5714c945c65b9945dbabb65a
4671,16,"Department of Energy, Environment and Climate Action VIC",Technical Assistant,"Melbourne Northern Suburbs, VIC","$62,104 - $79,753 /yearly",2026-08-10,jora,new,https://au.jora.com/job/Technical-Assistant-7c02c727d76a28164f984f574a4f7944
4700,16,Government schools,Classroom Education Support Range 1-3,"Melbourne Northern Suburbs, VIC",,2026-08-10,jora,new,https://au.jora.com/job/Classroom-Education-Support-7b152251d85178084032886fa6a672c9
4708,16,JP Smith,Temp Accounts Payable,"Pittsworth, QLD",,2026-08-10,jora,new,https://au.jora.com/job/Temp-Accounts-Payable-7e92a33acfc374c69c4c965a5723b493
4714,16,"Department of Families, Fairness & Housing VIC",Manager,"Geelong, VIC","$142,790 - $191,084 /yearly",2026-08-10,jora,new,https://au.jora.com/job/Manager-12835d9f78fe20b5e6f1b88bdce65d7d
4718,16,Robert Half,AML Compliance Officer,"Sydney, NSW","$120,000 - $130,000 /yearly",2026-08-10,jora,new,https://au.jora.com/job/AML-Compliance-Officer-24e4dc4e423db1e14b591102c8f1ad8b
4723,16,TradeTools,Casual Store Assistant,"Stapylton, QLD",$28 /hourly,2026-08-10,jora,new,https://au.jora.com/job/Casual-Store-Assistant-70589d94704b758018c700258bf22257
4728,16,South Metropolitan Health Service - South Metropolitan Health Service,HIMS Officer,"Fremantle, WA","$76,807 - $81,776 /yearly",2026-08-10,jora,new,https://au.jora.com/job/Officer-db81fd111655cbe54269c9b39aab6fba
4861,16,Park Hyatt,Information Systems Coordinator,"Sydney, New South Wales, (Remote)",,2026-08-10,linkedin,new,https://www.linkedin.com/jobs/view/4442578702
4175,16,Unitywater,Portfolio Delivery Manager- Transformation and Change,"Sunshine Acres, QLD",,2026-08-09,jora,new,https://au.jora.com/job/Portfolio-Delivery-Manager-970c4b70eb7e809b13f2c1cf317a18a8
4192,16,Blue Mountains City Council,Records & Information Transformation Officer (2 year temporary; part-time),"Sydney, NSW, (Remote)","$92,709 /yearly",2026-08-09,jora,new,https://au.jora.com/job/Officer-6e5c4ffc906e1a6d4701dad068615743
4211,16,McInnes Wilson Lawyers,Administration Assistant | Part-Time | Disputes & Insolvency,"Brisbane, QLD",,2026-08-09,jora,new,https://au.jora.com/job/Administration-Assistant-%7C-3036033aa04cfc9eb3dc3816b3bae368
4215,16,Blue Mountains City Council,Weeds Education Officer (3 years temp; part-time),"Sydney, NSW","$79,483 /yearly",2026-08-09,jora,new,https://au.jora.com/job/Education-Officer-f0b7ccc581e8b808f3781ad79675a0bc
4230,16,Woolworths Supermarkets,Store Team Member,"Lutwyche, QLD",,2026-08-09,jora,new,https://au.jora.com/job/Store-Team-Member-0683fd0be3cc1054e26612f4064a5747
4275,16,Woolworths Supermarkets,Fruit and Veg Team Member,"Caringbah, NSW",,2026-08-09,jora,new,https://au.jora.com/job/Team-Member-be8975065f4d9b988ebadf048130986b
4276,16,Woolworths Supermarkets,Dispatch Team Member,"Caringbah, NSW",,2026-08-09,jora,new,https://au.jora.com/job/Dispatch-Team-Member-2d77be1d878974e976a6b8c38ac4034b
4278,16,Target Australia,Design Assistant FTC,"Chadstone, VIC",,2026-08-09,jora,new,https://au.jora.com/job/Design-Assistant-5fc438b9d41eb6e69724d218f07aabfc
4289,16,Pinnacle Sales Group PTY LTD,Ready to Leave Hospitality or Retail? Mon–Fri Customer Experience Role,"Surry Hills, NSW",$38 - $47 /hourly,2026-08-09,jora,new,https://au.jora.com/job/Ready-to-Leave-bb858c3f952cfbe5471182c2fb58ea76
4293,16,Target Australia,Design Assistant FTC,"Chadstone, VIC",,2026-08-09,jora,new,https://au.jora.com/job/Design-Assistant-743e9fa6f1248d3504643ca7c7791ef9
4302,16,Allison House Student Accommodation Inc,Boarding Supervisor,"Broken Hill, NSW, (Remote)","$65,000 - $80,000 /yearly",2026-08-09,jora,new,https://au.jora.com/job/Boarding-Supervisor-8bbcd42c7f476285c7f825929fa51d16
4305,16,GROVE ESTATE WINES PTY LTD,CELLAR DOOR ASSISTANT,"Young, NSW",,2026-08-09,jora,new,https://au.jora.com/job/Cellar-Door-Assistant-09441e825ef2482e5962f2094bdf7431
4310,16,Ivory Group,Junior Estimator/Estimator,"Sydney, NSW, (Remote)",,2026-08-09,jora,new,https://au.jora.com/job/Estimator-abba7121f10d20f870031a9a8a1a71c2
4312,16,Woolworths Supermarkets,Store Team Member,Victoria,,2026-08-09,jora,new,https://au.jora.com/job/Store-Team-Member-f53cba87245e721e9dbb6777fc1bfb07
4318,16,Select Aust Sydney,EAM Business Analyst - Process and Systems,"Brisbane, QLD",,2026-08-09,jora,new,https://au.jora.com/job/Business-Analyst-5cfb32432296e143061032e12052dd4a
4321,16,Randstad,Accounts Payable Officer,"Deer Park, VIC",,2026-08-09,jora,new,https://au.jora.com/job/Accounts-Payable-Officer-cc985b5cf98e0a57bc2059ac14f72c45
3856,16,Department of Education,Library Officer,"Perth, WA","$70,000 /yearly",2026-08-08,jora,new,https://au.jora.com/job/Library-Officer-1038700e954609d5a0b52e528350db8d
3881,16,MedicalJobsAustralia,Housing Officer,"Derwent Bridge, TAS",,2026-08-08,jora,new,https://au.jora.com/job/Housing-Officer-f86e593f1ad3a566eaa522c94654774c
3895,16,Uniting Victoria and Tasmania,Program Support Officer,"Horsham, VIC",,2026-08-08,jora,new,https://au.jora.com/job/Program-Support-Officer-570112b85d5a526eb8721a3f15732236
3923,16,Curis Recruitment,Flu Vaccination Clinics | Casual Shifts | Sydney,"Sydney, NSW",$55 /hourly,2026-08-08,jora,new,https://au.jora.com/job/Flu-Vaccination-Clinics-b83a8ded1b9da638d8194c223eccb35e
3939,16,Hays Recruitment,Customer Service Officer,"Cairns, QLD",,2026-08-08,jora,new,https://au.jora.com/job/Customer-Service-Officer-5d09193ba17f898863f3b23126e36fd1
3941,16,Marriott International,Commissionaire,"Sydney, NSW",,2026-08-08,jora,new,https://au.jora.com/job/Commissionaire-fd59ba640ad5a7d830b74577fbc64b93
3971,16,Curis Recruitment,Emergency RN with Triage | Fabulous Country NSW Location | Agency contract,New South Wales,$68 /hourly,2026-08-08,jora,new,https://au.jora.com/job/Emergency-RN-with-79f53ccf7f31f10419b06e7e09ca5283
4011,16,Good People HR,Quality Control (QC) Officer - Food | Pharmaceutical | FMCG Manufacturing,"Melbourne, VIC",,2026-08-08,jora,new,https://au.jora.com/job/Quality-Control-QC-cbecbc23396585dd9368218b88fb646b
4018,16,Sime,HR Advisor,"Brisbane, QLD",,2026-08-08,jora,new,https://au.jora.com/job/HR-Advisor-17c6e677818c5a141b2ee9c117fe9354
4153,16,Australian Government,AGS Law Clerks - Affirmative Measures Indigenous,"Sydney, NSW",,2026-08-08,indeed,new,https://au.indeed.com/viewjob?jk=ba919c6f1d1d2e92
3536,16,Woolworths Group,Strategy Associate,"Surry Hills, New South Wales, (Remote)",,2026-08-07,linkedin,new,https://www.linkedin.com/jobs/view/4450010750
3670,16,Shift,Product Manager,"North Sydney, New South Wales",,2026-08-07,linkedin,new,https://www.linkedin.com/jobs/view/4448755004
3755,16,Australian Government,AGS Law Clerks - Affirmative Measures Indigenous,"Sydney, NSW",,2026-08-07,indeed,new,https://au.indeed.com/viewjob?jk=a2705fe16d6e4576
4744,16,Mounties Group,"Digital Marketing Intern Mount Pritchard, NSW","Mount Pritchard, New South Wales",,2026-08-07,linkedin,new,https://www.linkedin.com/jobs/view/4449231150
3288,16,Australian Government,AGS Law Clerks - Affirmative Measures Indigenous,"Sydney, NSW",,2026-08-06,indeed,new,https://au.indeed.com/viewjob?jk=ebc31900bcbefcda
3436,16,Eucalyptus,"Operations Associate, AI","Sydney, New South Wales",,2026-08-06,linkedin,new,https://www.linkedin.com/jobs/view/4385657210
3535,16,Kira,Technical Product Manager,(Remote),,2026-08-06,linkedin,new,https://www.linkedin.com/jobs/view/4449347682
3546,16,Ventia,Project Engineering Advisor,"Arndell Park, NSW",,2026-08-06,indeed,new,https://au.indeed.com/viewjob?jk=370a08d2f00e7a5f
2425,16,DXC Technology,Analyst - Data Engineering,"Macquarie Park, New South Wales",,2026-08-05,linkedin,new,https://www.linkedin.com/jobs/view/4448929848
2437,16,CyberCX,Consultant - Bid Proposal & Solutions,"Sydney, New South Wales",,2026-08-05,linkedin,new,https://www.linkedin.com/jobs/view/4448948314
2470,16,Synechron,iOS Developer,"Sydney, New South Wales",,2026-08-05,linkedin,new,https://www.linkedin.com/jobs/view/4447316985
2535,16,American Express,"Assistant Product Manager, Lending Capabilities - A/NZ","Sydney, New South Wales",,2026-08-05,linkedin,new,https://www.linkedin.com/jobs/view/4448951566
2727,16,Monash University,Junior Telephony Developer,"Melbourne, Victoria",,2026-08-05,linkedin,new,https://www.linkedin.com/jobs/view/4440903571
2750,16,Australian Government,AGS Law Clerks - Affirmative Measures Indigenous,"Sydney, NSW",,2026-08-05,indeed,new,https://au.indeed.com/viewjob?jk=3e9b5c7d2fc4f599
2146,16,Key & Card AG - Einfach. Genial. Digital.,Back-End Developer,"Back Creek, New South Wales, (Remote)",,2026-08-04,linkedin,new,https://www.linkedin.com/jobs/view/4449082177
2187,16,NAB,NAB 2026-2027 Technology StarCamp Program,"Melbourne, Victoria",,2026-08-04,linkedin,new,https://www.linkedin.com/jobs/view/4436050640
2452,16,Talent,Program Manager,"North Sydney, New South Wales, (Remote)",,2026-08-04,linkedin,new,https://www.linkedin.com/jobs/view/4446297380
1943,16,Ampstek,Frontend Developer,"Sydney, New South Wales",,2026-08-03,linkedin,new,https://www.linkedin.com/jobs/view/4447678186
1972,16,Southern Cross Austereo,Casual Assistant Network Operations Coordinator,"Millers Point, New South Wales, (Remote)",,2026-08-03,linkedin,new,https://www.linkedin.com/jobs/view/4447673901
2031,16,Sonder,Group Product Manager,"Sydney, New South Wales, (Remote)",,2026-08-03,linkedin,new,https://www.linkedin.com/jobs/view/4437225795
2034,16,Calleo,Product Manager,"Melbourne, Victoria",,2026-08-03,linkedin,new,https://www.linkedin.com/jobs/view/4448113819
2044,16,Sydney Water,Digital Business Programs - Team Ld - Digital Products & Del,"Harris Park, New South Wales, (Remote)",,2026-08-03,linkedin,new,https://www.linkedin.com/jobs/view/4448159476
2114,16,Purpose Bureau,Sustainability Analyst,"Sydney, New South Wales",,2026-08-03,linkedin,new,https://www.linkedin.com/jobs/view/4445877207
2133,16,eTeam,Project Coordinator,"Sydney, New South Wales",,2026-08-03,linkedin,new,https://www.linkedin.com/jobs/view/4448153257
2138,16,UNSW,Research Fellow- Centre for Big Data Research in Health,"Sydney, New South Wales",,2026-08-03,linkedin,new,https://www.linkedin.com/jobs/view/4445861607
2254,16,Mercer,Digital Product Manager – Adviser & Employer,"Sydney, New South Wales, (Remote)",,2026-08-03,linkedin,new,https://www.linkedin.com/jobs/view/4448625883
2265,16,Newell Brands,Associate Brand Manager,"Scoresby, Victoria",,2026-08-03,linkedin,new,https://www.linkedin.com/jobs/view/4431651754
2327,16,Jobgether,Product Engineer,(Remote),,2026-08-03,linkedin,new,https://www.linkedin.com/jobs/view/4447903191
2510,16,Endeavour Group,Category Implementation Manager,"Barangaroo, NSW",,2026-08-03,indeed,new,https://au.indeed.com/viewjob?jk=482ecfefa07373bf
2759,16,UNSW,Research Fellow- Centre for Big Data Research in Health,"Adelaide, South Australia",,2026-08-03,linkedin,new,https://www.linkedin.com/jobs/view/4445864539
2761,16,UNSW,Research Fellow- Centre for Big Data Research in Health,"Melbourne, Victoria",,2026-08-03,linkedin,new,https://www.linkedin.com/jobs/view/4445884096
2763,16,UNSW,Research Fellow- Centre for Big Data Research in Health,"Canberra, Australian Capital Territory",,2026-08-03,linkedin,new,https://www.linkedin.com/jobs/view/4445868418
2008,16,CreditorWatch,AI Product Builder (Manager),"Sydney, New South Wales",,2026-08-02,linkedin,new,https://www.linkedin.com/jobs/view/4437700402
1766,16,Whatnot,"Marketing Associate, Australia","Greater Sydney Area, (Remote)",,2026-08-01,linkedin,new,https://www.linkedin.com/jobs/view/4389849153
1809,16,Colliers,Colliers Engineering & Design Graduate & Internship NSW 2026,"Sydney, New South Wales",,2026-08-01,linkedin,new,https://www.linkedin.com/jobs/view/4380179707
1528,16,BJAK,Back End Developer,(Remote),,2026-07-31,linkedin,new,https://www.linkedin.com/jobs/view/4447254766
1590,16,Public Sector People,Web Developer,"Sydney, New South Wales",,2026-07-31,linkedin,new,https://www.linkedin.com/jobs/view/4447504501
1616,16,Epiroc,Product Manager,"Perth, Western Australia",,2026-07-31,linkedin,new,https://www.linkedin.com/jobs/view/4437982761
1694,16,Anaplan,Junior Level 3 Support Analyst,"Sydney, New South Wales",,2026-07-31,linkedin,new,https://www.linkedin.com/jobs/view/4420278073
1721,16,Commonwealth Superannuation Corporation,Support Analyst - Salesforce (Hybrid/Remote/Permanent),"Sydney, New South Wales, (Remote)",,2026-07-31,linkedin,new,https://www.linkedin.com/jobs/view/4447503545
1921,16,News Corp Australia,Content Producer and Uploader,"Surry Hills, New South Wales",,2026-07-31,linkedin,new,https://www.linkedin.com/jobs/view/4443113365
1318,16,Gorgias,Solutions Consultant (APAC),"Sydney, New South Wales",,2026-07-30,linkedin,new,https://www.linkedin.com/jobs/view/4444508265
1402,16,GTMfund,Solutions Consultant (APAC),"Sydney, New South Wales",,2026-07-30,linkedin,new,https://www.linkedin.com/jobs/view/4447015371
1455,16,Key & Card AG - Einfach. Genial. Digital.,Back-End Developer,"Back Creek, New South Wales, (Remote)",,2026-07-30,linkedin,new,https://www.linkedin.com/jobs/view/4447200864
1549,16,Jobgether,RPG/AS400 & JD Edwards EnterpriseOne Developer,(Remote),,2026-07-30,linkedin,new,https://www.linkedin.com/jobs/view/4444535859
1869,16,The Hatchery (Hub),Marketing Manager,"Sydney, New South Wales",,2026-07-30,linkedin,new,https://www.linkedin.com/jobs/view/4446935625
1356,16,Autograph Collection,Barista,"Sydney, New South Wales, (Remote)",,2026-07-29,linkedin,new,https://www.linkedin.com/jobs/view/4446559524
1095,16,Rheinmetall,Summer Internship Program 2026/2027,"Brisbane, Queensland",,2026-07-28,linkedin,new,https://www.linkedin.com/jobs/view/4445461718
910,16,Kira,Mobile Application Developer - AI Neobank App,(Remote),,2026-07-27,linkedin,new,https://www.linkedin.com/jobs/view/4444885791
1057,16,xAmplify,"Consultant, AI & Data","Sydney, New South Wales",,2026-07-27,linkedin,new,https://www.linkedin.com/jobs/view/4444859469
1216,16,xAmplify,"Consultant, AI & Data","Canberra, Australian Capital Territory",,2026-07-27,linkedin,new,https://www.linkedin.com/jobs/view/4444858440
763,16,Talenza,DevSecOps SME,"Sydney, New South Wales",,2026-07-25,linkedin,new,https://www.linkedin.com/jobs/view/4441882446
487,16,XPT Software Australia,Quantexa Engineer,"Sydney, New South Wales",,2026-07-24,linkedin,new,https://www.linkedin.com/jobs/view/4444794031
649,16,Certus Recruitment Group,L3 Engineer - MSP,"Sydney, New South Wales, (Remote)",,2026-07-24,linkedin,new,https://www.linkedin.com/jobs/view/4444608487
211,16,GamblingCareers.com,Product Manager ANZ,"North Ryde, New South Wales",,2026-07-23,linkedin,new,https://www.linkedin.com/jobs/view/4443458162
605,16,NextGen,Business Analyst,"North Sydney, New South Wales",,2026-07-23,linkedin,new,https://www.linkedin.com/jobs/view/4444291574
606,16,NextGen,Business Analyst,"Sydney, New South Wales",,2026-07-23,linkedin,new,https://www.linkedin.com/jobs/view/4444432376
118,16,Aristocrat,Product Manager ANZ,"Macquarie Park, New South Wales",,2026-07-22,linkedin,new,https://www.linkedin.com/jobs/view/4442954445
391,16,DataAnnotation,Front-End Developer - AI Trainer,Unknown,,2026-07-22,linkedin,new,https://www.linkedin.com/jobs/view/4304436350
379,16,XPT Software,Quantexa Engineer,"Sydney, New South Wales",,2026-07-21,linkedin,new,https://www.linkedin.com/jobs/view/4443126831
113,16,DataAnnotation,DevOps Engineer - AI Trainer,Unknown,,2026-07-20,linkedin,new,https://www.linkedin.com/jobs/view/4304430406
115,16,DataAnnotation,Web Developer - AI Trainer,Unknown,,2026-07-20,linkedin,new,https://www.linkedin.com/jobs/view/4304430483
176,16,fluid/sa: South Africa's First Consultants for Amazon Selling,Web Developer,"Sydney, New South Wales",,2026-07-19,linkedin,new,https://www.linkedin.com/jobs/view/4439672394
5210,16,seek.com.au,"AP Officer - up to $85,000 + Super (Immediate Start)","Sydney CBD, NSW","$85,000 /yearly",2026-07-14,jora,new,https://au.jora.com/job/AP-Officer-up-9844b61644595d06136f686c5fd3345b
3889,16,NSW Health,Patient Liaison Admissions Officer,"Sydney Northern Beaches, NSW",$43 - $44 /hourly,,jora,new,https://au.jora.com/job/Admissions-Officer-6724bffb9b73d33519149b04b03d9047
3904,16,"Woden, AU #job-location.job-location-inline { display: inline; }",Associate Dispenser | OPSM | C | ACT | Woden,"Woden, ACT",,,jora,new,https://au.jora.com/job/Associate-Dispenser-%7C-c2b1cb81374c44a8cb9cae9af13d5c0b
4082,16,Community Pharmacy,Pharmacy Assistant / Dispensary Technician - NORTHCOTE - Part Time or Casual,"Northcote, VIC",$29 - $36 /hourly,,jora,new,https://au.jora.com/job/Pharmacy-Dispensary-Technician-4d721b13de60eaac6a0f93f8003b9de3
4110,16,Save Our Service,Casual Educators - Sutherland Shire,"Sutherland, NSW",,,jora,new,https://au.jora.com/job/Educator-d5767510b55a18abb59148d90d07c03a
4182,16,Programmed / PERSOLKELLY,Parcel Sorters/Unloaders!,"Kenwick, WA",$32 /hourly,,jora,new,https://au.jora.com/job/Parcel-Sorter-905421c08af5606f2ac67c37475839c9
4187,16,Western Downs Regional Council,Arts & Cultural Officer,"Dalby, QLD, (Remote)",,,jora,new,https://au.jora.com/job/Cultural-Officer-8fe3c975cffb8894302cf4fe0c4d6cf0
4330,16,Adica Insurance,Customer Service Officer,"Melbourne, VIC, (Remote)",,,jora,new,https://au.jora.com/job/Customer-Service-Officer-0bd90795bfa6ea0ea634c6413862c575
4839,16,Apprenticeship Careers Australia,Business Administration Traineeship - Customer Engagement,"Adelaide, SA",,,jora,new,https://au.jora.com/job/Business-Administration-Traineeship-27f0f1fdd136080acb284bfcb1174555
4881,16,The Warehouse Group,Order Picker,"Heathwood, QLD",$33 - $40 /hourly,,jora,new,https://au.jora.com/job/Order-Picker-963f2120ac599b9a7049b4370b1c3bd9
5024,16,Belgravia Group,Guest Experience Officer,"Lidcombe, NSW",,,jora,new,https://au.jora.com/job/Guest-Experience-Officer-a00ec70048a6bc2ab0803e89d4fdb805
5153,16,HR Partners,claims consultant | pet insurance | brisbane inner city,"Bardon, QLD","$76,800 /yearly",,jora,new,https://au.jora.com/job/Claims-Consultant-2a3edbd757b49162783ad7490ca40f4e
5204,16,Royal Women's Hospital,Clinical Intake Assistant,"Parkville, VIC",,,jora,new,https://au.jora.com/job/Intake-Assistant-a4131504f7a60e96f6d0a4afb1e16c77
5363,16,Bidfood,National Account Manager,"Collingwood, VIC",,,jora,new,https://au.jora.com/job/National-Account-Manager-c9b6d1835a94dce6bf7cb9696a1d5e97
5187,15,Fuse Recruitment,4 X Production labourers – Carole Park - $36 p/hr + Daily Overtime (Day shift),"Goodna, QLD",$36 /hourly,2026-08-12,jora,new,https://au.jora.com/job/Production-Labourer-517802a2a2a5acb3762bfe6a3c13b7e7
5202,15,Domino's Pizza,Delivery Driver,"Bowen, QLD",,2026-08-12,jora,new,https://au.jora.com/job/Delivery-Driver-c09ae52df7f0c58197058d626eeaf20f
5206,15,Services Australia,ASP3 Service Officer,"Shepparton, VIC",,2026-08-12,jora,new,https://au.jora.com/job/ASP3-Service-Officer-b513cfd2c3300f15e6d164bddce70ee9
5213,15,Domino's Pizza,Delivery Rider - Conder,"Conder, ACT",,2026-08-12,jora,new,https://au.jora.com/job/Delivery-Rider-a1de29b0cb9a72d3b84c75c653cc712e
5219,15,Petbarn,Casual Sales Assistant - Petbarn Newcastle West,"Newcastle West, NSW",,2026-08-12,jora,new,https://au.jora.com/job/Sales-Assistant-25081e08e48f75bc8bacbc6b483d8434
5220,15,Petbarn,Casual Sales Assistant - Petbarn Joondalup Honeybush,"Joondalup, WA",,2026-08-12,jora,new,https://au.jora.com/job/Sales-Assistant-bed9a2213ef4bc40a01fe7bed8945e41
5227,15,Domino's Pizza,In Store Team Member Junior Position,"Bowen, QLD",,2026-08-12,jora,new,https://au.jora.com/job/In-Store-Team-c3f16e1d86fd144bf75345ee10b28860
5232,15,Kirra Consulting,Part-Time/Casual Senior Bookkeeper,"Eastwood, SA, (Remote)",$40 - $45 /hourly,2026-08-12,jora,new,https://au.jora.com/job/Bookkeeper-267c845bf8574b2809ced87b458d9529
5256,15,Domino's Pizza,In Store Team Member - ROXBURGH PARK,"Roxburgh Park, VIC",,2026-08-12,jora,new,https://au.jora.com/job/In-Store-Team-cb02c3c71b6791b0e5b6a4951b2c259b
5258,15,Domino's Pizza,Delivery Driver - Gladesville,"Gladesville, NSW",,2026-08-12,jora,new,https://au.jora.com/job/Delivery-Driver-4bf47c886bf00389d8a2973e72d64a55
5302,15,Inter Industrial,Factory hand - Bindery Assistant / Print Finishing day and afternoon,"Truganina, VIC",$33 - $40 /hourly,2026-08-12,jora,new,https://au.jora.com/job/Bindery-Assistant-4b0790a1b85dfce0224eafa5c01079a0
5320,15,Workpac Group,Production Worker,"Windsor Gardens, SA",$34 /hourly,2026-08-12,jora,new,https://au.jora.com/job/Production-Worker-2dcd5f356d5d1e1d95f0d24d29180684
5328,15,CB Technology,Business Development Manager – Office Technology & Managed Print,"Newcastle, NSW",,2026-08-12,jora,new,https://au.jora.com/job/Business-Development-Manager-26ca9e40fc67c6251c67dc0296be4dce
5330,15,NT Department of Health,Applied Business Support Officer,"Darwin, NT","$99,519 - $110,953 /yearly",2026-08-12,jora,new,https://au.jora.com/job/Business-Support-Officer-4070624342dcb13ff0572cb5be77d4f1
5338,15,Goolburri Aboriginal Health Advancement,Administration Assistant,"Toowoomba, QLD",,2026-08-12,jora,new,https://au.jora.com/job/Administration-Assistant-aaa1153bdc0f8a03cc9a01db1e7a5b93
5348,15,Queensland Department of Education,Youth Support Coordinator - Mackay State High School,"Mackay, QLD","$78,541 - $87,148 /yearly",2026-08-12,jora,new,https://au.jora.com/job/Youth-Support-Coordinator-b72780dfcc3222cbd64934beaaef4384
5359,15,Donnybrook Community Resource Centre,Customer Service Officer,"Donnybrook, WA",,2026-08-12,jora,new,https://au.jora.com/job/Customer-Service-Officer-02a76d2abe692078be6b85bce56a1d1b
5360,15,Clarks Logan City Bus Service,Storeman,"Loganlea, QLD",$32 /hourly,2026-08-12,jora,new,https://au.jora.com/job/Storeman-7ff1e60bd24ef4efc056ed5145f50b30
4802,15,Srhoj Farming,FARM HAND,"Dimbulah, QLD",$33 /hourly,2026-08-11,jora,new,https://au.jora.com/job/FARM-HAND-1982b83d34e0e4438bb3863c816d3015
4809,15,Pet Circle,Forklift Driver,"Melbourne, VIC",,2026-08-11,jora,new,https://au.jora.com/job/Forklift-Driver-43e09f91bea4276e4c1634c0711f5b74
4812,15,Robert Half,Finance Business Partner,"Sydney, NSW",,2026-08-11,jora,new,https://au.jora.com/job/Finance-Business-Partner-f728ce1f662cf1a5d02be3a5644626ef
4828,15,Hays Recruitment,Accounts Receivable Officer,"Southport, QLD",,2026-08-11,jora,new,https://au.jora.com/job/Accounts-Receivable-Officer-728d10a12efe709709470524e3d2efff
4835,15,C3 Talent,Accounts Payable Specialist,"Brisbane, QLD",,2026-08-11,jora,new,https://au.jora.com/job/Accounts-Payable-Specialist-1c0bb453a28741c45adf37e797a25484
4836,15,AXR Recruitment,"Financial Accountant (Contract Initially, Sydney CBD)","Sydney, NSW",,2026-08-11,jora,new,https://au.jora.com/job/Financial-Accountant-33d5087f37125b12d4fd4f3b1fc990bf
4838,15,EIR Labour Hire,Yard Hand,"Edinburgh, SA",$37 /hourly,2026-08-11,jora,new,https://au.jora.com/job/Yard-Hand-5de49b017b5d2513cc5eca6924871ad3
4888,15,Pharmacy Express,Pharmacy Assistant,"Fairy Meadow, NSW",,2026-08-11,jora,new,https://au.jora.com/job/Pharmacy-Assistant-e137d4e28014abad10b4e5d7cd194ddc
4922,15,Henderson Restaurant Group,SANDWICH ARTISTS,"Ulverstone, TAS",,2026-08-11,jora,new,https://au.jora.com/job/Sandwich-Artist-521989bedba083d3937a8a4667280dec
4941,15,Department of Corrections NT,"Administrative Officer 7 - Remuneration Package $138,289 - $148,633 (including salary $117,356 - $126,251)","Darwin, NT","$117,356 - $126,251 /yearly",2026-08-11,jora,new,https://au.jora.com/job/Administrative-Officer-7-e0ad5b8e2829eeeea8cd16e96962cbf5
4962,15,Frontline Construction,Customer Service Consultant,"Brisbane, QLD",$30 - $31 /hourly,2026-08-11,jora,new,https://au.jora.com/job/Customer-Service-Consultant-74939b177225d3038d2899e95094f917
4963,15,Talent Connect Australia,Customer Service Consultant,"Sydney, NSW","$65,000 - $70,000 /yearly",2026-08-11,jora,new,https://au.jora.com/job/Customer-Service-Consultant-ce38e4ed759577f80b49f0690648a8be
4966,15,DTG Talent Solutions,Process Worker/Light Assembly,"Granville, NSW",,2026-08-11,jora,new,https://au.jora.com/job/Process-Worker-371698cd0826d3dd2e0bec5b5f25c4f0
4967,15,G D Recruitment,Poultry Processing worker,"Shanes Park, NSW",$34 /hourly,2026-08-11,jora,new,https://au.jora.com/job/Worker-b90ec768763e23e7dacb3c12d143ace3
4969,15,Express Employment Professionals,Process Worker & Offsider,"Sydney, NSW",,2026-08-11,jora,new,https://au.jora.com/job/Process-Worker-df60e35ce2b98e6800e154209ba2b51f
4971,15,"City of Norwood, Payneham & St Peters",Office & Administration Coordinator,"Glynde, SA","$85,323 /yearly",2026-08-11,jora,new,https://au.jora.com/job/Administration-Coordinator-83847b520e2a25cc56c9c18524c1a43c
4982,15,Orica,Trainee MMU Operator - Parkes,"Parkes, NSW",,2026-08-11,jora,new,https://au.jora.com/job/Trainee-MMU-Operator-0f61a7b7d94d65b6b26df01d5499c814
4989,15,Virgin Australia,Airport Baggage Handler,"Brisbane, QLD",,2026-08-11,jora,new,https://au.jora.com/job/Baggage-Handler-2f12a10dcab69b273a00a018e7d869d5
4990,15,Allan Hall Business Advisors,Storeperson/Driver,"Condell Park, NSW",,2026-08-11,jora,new,https://au.jora.com/job/Storeperson-5df779574a728512beef687c6398abd9
4995,15,Sharp and Carter,Payroll & Accounts Officer,"Melbourne, VIC, (Remote)","$80,000 - $90,000 /yearly",2026-08-11,jora,new,https://au.jora.com/job/Payroll-Accounts-Officer-f9b73061425c871e8b74f41668a48de4
5000,15,Omni Recruit,Warehouse Pick Packers,"Edinburgh, SA",$39 /hourly,2026-08-11,jora,new,https://au.jora.com/job/Warehouse-Pick-Packers-b5963d99443fb3403aaa8e32965e3014
5005,15,Stockland,Customer Care Officer,"Burleigh Heads, QLD",,2026-08-11,jora,new,https://au.jora.com/job/Customer-Care-Officer-f4c763a18b33eaa0802a1f8196b112fb
5007,15,Strength in motion trading pty ltd,Membership Coordinator,"Bondi Beach, NSW",,2026-08-11,jora,new,https://au.jora.com/job/Membership-Coordinator-c8633cc31eb83b6df87e0416584e7dd1
5011,15,Wall Street,Merchandise Planning Assistant,"Melbourne, VIC",,2026-08-11,jora,new,https://au.jora.com/job/Merchandise-Planning-Assistant-74c36c9c9e8bf14988d19fc9040c6efc
5013,15,Envisage HR Solutions,Receptionist/Administration Assistant,"Geelong, VIC",,2026-08-11,jora,new,https://au.jora.com/job/Receptionist-Administration-Assistant-1c8cee148a2a792d323b0cf793d650cd
5035,15,Best Body Industries PTY LTD,Warehouse Picker and Packer,"Gateshead, NSW","$55,000 - $65,000 /yearly",2026-08-11,jora,new,https://au.jora.com/job/Warehouse-Picker-and-Packer-3cbe01a165afc1d2324464a888b8533d
5060,15,Prime Recruitment,Warehouse - Pick Packer,"Sydney, NSW",$35 /hourly,2026-08-11,jora,new,https://au.jora.com/job/Warehouse-Pick-Packer-dcb03b193593f0e96a421467403e6758
5067,15,SLH Group,Skilled or Ticketed Labourer,"Sydney, NSW",$35 - $45 /hourly,2026-08-11,jora,new,https://au.jora.com/job/Ticketed-Labourer-36bca31591a9dc1b0ab0c6d942de4e02
5068,15,Buildability Group,Labourers with Transport Required - Horsley Park,"Sydney, NSW",$38 - $40 /hourly,2026-08-11,jora,new,https://au.jora.com/job/Labourer-1d42692861c0272be09d5d7c61f3cea4
5075,15,Perigon Group,Accounts Payable Officer,"Sydney, NSW, (Remote)","$80,000 - $90,000 /yearly",2026-08-11,jora,new,https://au.jora.com/job/Accounts-Payable-Officer-41675bea8922becf61d88442df38abce
5093,15,MPAU Finance,Accounts Receivable Officer,"Melbourne, VIC",,2026-08-11,jora,new,https://au.jora.com/job/Accounts-Receivable-Officer-06c6021a49db19fbf2e1b1c585a098ba
5109,15,Stockland,Customer Care Officer,Queensland,,2026-08-11,jora,new,https://au.jora.com/job/Customer-Care-Officer-b760fb2fc30eca011c29e4ac07ab1c56
5157,15,MPAU Finance,Accounts Receivable Officer,"Melbourne, VIC",,2026-08-11,jora,new,https://au.jora.com/job/Accounts-Receivable-Officer-c670a12e2391a3620c042e9d87256ef8
5272,15,TasNetworks,Summer Student Program,"Hobart, Tasmania",,2026-08-11,linkedin,new,https://www.linkedin.com/jobs/view/4452188807
4364,15,Falcon Fleet Corp Pty Ltd,Office Manager,"Perth, WA","$85,000 /yearly",2026-08-10,jora,new,https://au.jora.com/job/Office-Manager-a355b2f938b065cb0bab3b90faf9d0ec
4682,15,All Saints Anglican Church,Parish Administration Assistant,"Chermside, QLD",$30 /hourly,2026-08-10,jora,new,https://au.jora.com/job/Parish-Administration-Assistant-8997e767c9e2176064387e42a9ca6e80
3817,15,Worthwhile Recruitment,Back Dock Process Worker,"Sydney, NSW",$32 /hourly,2026-08-08,jora,new,https://au.jora.com/job/Process-Worker-fedfc06599d7a7d71f0a215dcb1b5df5
3878,15,Silk Hospitality,Room Attendant - Manly Brookvale,"Sydney, NSW",,2026-08-08,jora,new,https://au.jora.com/job/Room-Attendant-0f761110feeb5bc8dd2d12d3c103f8be
3924,15,Hays Recruitment,Accounts Payable - Receipting,"Perth, WA",,2026-08-08,jora,new,https://au.jora.com/job/Accounts-Payable-Receipting-f3486c93bb9b4bf346ca106410f77851
3946,15,Perfect Pet Foods,Pick Packer (Casual),"Fremantle, WA",$33 /hourly,2026-08-08,jora,new,https://au.jora.com/job/Pick-Packer-Casual-89a57a6e1ac079b58643005173673988
3958,15,Squad.Id,Business Administration Trainee,"Wagga Wagga, NSW",$11 - $23 /hourly,2026-08-08,jora,new,https://au.jora.com/job/Business-Administration-Trainee-f801d19379c2b79240f2411aaff7c3ac
4013,15,Personally Recommended,"Mystery Shoppers Required - Adelaide CBD, Unley, Smithfield & Surrounding Areas","Adelaide, SA",,2026-08-08,jora,new,https://au.jora.com/job/Mystery-Shopper-c75768f2a35edc2b4dd4675468baf65c
4014,15,Mantra Group,Casual Hotel Receptionist/Guest Service Agent,"Mackay, QLD",,2026-08-08,jora,new,https://au.jora.com/job/Hotel-Receptionist-8e5dc9aa7263e39289e8dfa01d83c61a
4019,15,Service Seeking,Home Handiwork | Springvale South,"Springvale South, VIC",,2026-08-08,jora,new,https://au.jora.com/job/Home-Handiwork-%7C-aee9100d145dca20be9c651e55db89b3
4030,15,Service Seeking,Home Handiwork | Officer,"Melbourne, VIC",,2026-08-08,jora,new,https://au.jora.com/job/Officer-bf3e59894ffbc9da204e5ed55b928c88
4051,15,XMATE Sketch Lab: Xactimate Sketch Services and Roof Reports,Application Developer,(Remote),,2026-08-08,linkedin,new,https://www.linkedin.com/jobs/view/4450797823
4083,15,SCS Business Consultants,CUSTOMER SERVICE CONSULTANT,"Darlington, SA",,2026-08-08,jora,new,https://au.jora.com/job/CUSTOMER-SERVICE-CONSULTANT-465253ceb7b90a80958d0a075b04d11b
4084,15,JB Parttime,Delivery Driver For Colac Dairies,"Colac, VIC",$35 - $36 /hourly,2026-08-08,jora,new,https://au.jora.com/job/Delivery-Driver-d758c1fa63aae7703542a2633dddf2d9
4100,15,Service Seeking,Gutter Cleaning | Narre Warren South,"South Melbourne, VIC",,2026-08-08,jora,new,https://au.jora.com/job/Gutter-Cleaning-%7C-5d79cd572da0eea9fae09d53a6130cca
4106,15,Korn Ferry,"Associate, Technology","Sydney, NSW",,2026-08-08,jora,new,https://au.jora.com/job/Associate-Technology-bfb59a308200a8d771179041d26da4bb
4109,15,Service Seeking,General Gardening | Sandringham,"Sandringham, VIC",,2026-08-08,jora,new,https://au.jora.com/job/General-Gardening-%7C-b4190db5f9e5e86bf4ce57fc24daafc8
4205,15,Show Support,Casual General Labourer,"Brisbane, QLD",$33 - $43 /hourly,2026-08-08,jora,new,https://au.jora.com/job/General-Labourer-bd501fd3ce7b9e41ca27ca9712cf934c
3293,15,TAFE Queensland,International Engagement Officer,"Brisbane, QLD","$78,541 - $87,148 /yearly",2026-08-07,jora,new,https://au.jora.com/job/Engagement-Officer-76c223cf82147afaa93f03abc6be5a21
3565,15,seek.com.au,Warehouse Packer,"Truganina, VIC",$30 /hourly,2026-08-07,jora,new,https://au.jora.com/job/Warehouse-Packer-ad2449041dca5182ed4dcf06cfe8a477
4635,15,CERTECH,Product & Purchasing Manager,Greater Sydney Area,,2026-08-07,linkedin,new,https://www.linkedin.com/jobs/view/4450073202
4866,15,BMD Group,Receptionist,"Rydalmere, New South Wales",,2026-08-07,linkedin,new,https://www.linkedin.com/jobs/view/4450790499
2957,15,Crowne Plaza Hotels & Resorts,Room Attendant - Part Time Or Casual,"Sydney CBD, NSW",$27 - $33 /hourly,2026-08-06,jora,new,https://au.jora.com/job/Room-Attendant-98f086e5b96ce9b57de06ba854341867
3205,15,Marriott International,Night Manager,"Chippendale, NSW, (Remote)",,2026-08-06,indeed,new,https://au.indeed.com/viewjob?jk=ce8d3664fc93757e
3210,15,Toolijooa Environmental Restoration,Bush Regenerators – Sutherland Shire Area,"Miranda, NSW",,2026-08-06,indeed,new,https://au.indeed.com/viewjob?jk=eb92353db314b987
3228,15,Jean Hailes for Women's Health,Patient Services Officer $32ph plus Super & casual loading. Part Time or Casual,"Melbourne, VIC, (Remote)",$32 /hourly,2026-08-06,jora,new,https://au.jora.com/job/Patient-Services-Officer-9ac82f3a935b98ba072a8efe4d8e2765
3285,15,Australian Red Cross Lifeblood,Delivery and Change Coordinator,"Alexandria, NSW, (Remote)",,2026-08-06,indeed,new,https://au.indeed.com/viewjob?jk=dc16c73d99eca9fa
2043,15,ANZ,Analyst - Strategy,"Melbourne, Victoria",,2026-08-03,linkedin,new,https://www.linkedin.com/jobs/view/4448167469
2076,15,simplok,Delivery Manager - AI and Cloud Practice,"Sydney, New South Wales, (Remote)",,2026-08-03,linkedin,new,https://www.linkedin.com/jobs/view/4447909081
2123,15,Red Bull,APAC Legal Graduate 2027,"Sydney, New South Wales",,2026-08-03,linkedin,new,https://www.linkedin.com/jobs/view/4448162088
2488,15,Alo,Operations Associate (Full-Time) - Sydney CBD,"Sydney, NSW",,2026-08-03,indeed,new,https://au.indeed.com/viewjob?jk=4978c28306d46039
1668,15,Cipher Recruitment,Power Apps Developer,"Sydney, New South Wales, (Remote)",,2026-07-31,linkedin,new,https://www.linkedin.com/jobs/view/4445082614
1150,15,PaperCut Software,Associate Product Engineer,"Camberwell, Victoria",,2026-07-28,linkedin,new,https://www.linkedin.com/jobs/view/4443201355
1186,15,Jobs in Council,Team Leader Development Assessment,"Sydney, New South Wales",,2026-07-28,linkedin,new,https://www.linkedin.com/jobs/view/4443628416
1567,15,RLDatix,Cloud Solutions Analyst,"Melbourne, Victoria",,2026-07-28,linkedin,new,https://www.linkedin.com/jobs/view/4433985514
931,15,"NTT DATA, Inc.",Data Tester (GCP / Kafka / IBM DataStage),"Sydney, New South Wales",,2026-07-27,linkedin,new,https://www.linkedin.com/jobs/view/4444861957
940,15,"NTT DATA, Inc.",Data Tester (GCP / Kafka / IBM DataStage),"Melbourne, Victoria",,2026-07-27,linkedin,new,https://www.linkedin.com/jobs/view/4444872279
1010,15,ConnectWise,Intern,"Sydney, New South Wales, (Remote)",,2026-07-27,linkedin,new,https://www.linkedin.com/jobs/view/4442023490
785,15,Trimble Inc.,Product Manager,"Chatswood, New South Wales",,2026-07-26,linkedin,new,https://www.linkedin.com/jobs/view/4409129938
641,15,Breaker,Field Operations Engineer,"Sydney, New South Wales, (Remote)",,2026-07-24,linkedin,new,https://www.linkedin.com/jobs/view/4433156736
368,15,QBE Insurance,Consumer Graduate Program 2027,"Sydney, New South Wales",,2026-07-23,linkedin,new,https://www.linkedin.com/jobs/view/4443825343
374,15,QBE Insurance,Risk Graduate Program 2027,"Sydney, New South Wales",,2026-07-23,linkedin,new,https://www.linkedin.com/jobs/view/4443836256
376,15,Sitemate,Product Design Manager,"Sydney, New South Wales, (Remote)",,2026-07-23,linkedin,new,https://www.linkedin.com/jobs/view/4440887220
423,15,Sitemate,Product Design Manager,"Melbourne, Victoria, (Remote)",,2026-07-23,linkedin,new,https://www.linkedin.com/jobs/view/4440032566
531,15,Light & Wonder - iGaming,Graduate Mathematician,Greater Sydney Area,,2026-07-23,linkedin,new,https://www.linkedin.com/jobs/view/4436341975
679,15,Colliers,Analytics Engineer,"Sydney, New South Wales",,2026-07-23,linkedin,new,https://www.linkedin.com/jobs/view/4444425026
89,15,tekFinder,Artificial Intelligence Engineer,"Sydney, New South Wales",,2026-07-22,linkedin,new,https://www.linkedin.com/jobs/view/4442989465
59,15,Regis Aged Care,AI Business Strategy Lead,"Camberwell, Victoria",,2026-07-21,linkedin,new,https://www.linkedin.com/jobs/view/4425562126
96,15,FourQuarters Recruitment,Artificial Intelligence Engineer,"Melbourne, Victoria",,2026-07-20,linkedin,new,https://www.linkedin.com/jobs/view/4441796388
156,15,KFC South Pacific (Yum! Brands Subsidiary),Network Market Planner,"Frenchs Forest, New South Wales",,2026-07-20,linkedin,new,https://www.linkedin.com/jobs/view/4442024155
3892,15,The University of Western Australia,Student Transition Assistant,"Nedlands, WA","$80,293 - $85,291 /yearly",,jora,new,https://au.jora.com/job/Assistant-5aa9835cf94bc00f99d6d330baa318cc
4692,15,Employment type:,Education Assistant - Special Needs,"Viveash, WA",,,jora,new,https://au.jora.com/job/Education-Assistant-Special-c45d6291a1a9960c49d97cc2d5c035e9
4724,15,Employment type:,Education Assistant - Special Needs,"Piara Waters, WA",,,jora,new,https://au.jora.com/job/Education-Assistant-Special-aded0aee20d4907160197fbb3ca0cfd7
4936,15,Wilson Fishing,Supply and Distribution Manager,"Tingalpa, QLD","$80,000 - $95,000 /yearly",,jora,new,https://au.jora.com/job/Supply-and-Distribution-Manager-9ecd4d019eca28e73774e9f1ef6a94ed
5305,15,Australian Charities & Not-for-Profit Co,ACNC IT Helpdesk Officers – Various Roles,"Melbourne, VIC",,,jora,new,https://au.jora.com/job/ACNC-IT-Helpdesk-26a797b98e51e55c6f7119eeb6ed6fb4
4369,14,Rockhampton Regional Council,Safety Support Officer,"Rockhampton, QLD","$90,931 - $94,787 /yearly",2026-08-10,jora,new,https://au.jora.com/job/Safety-Support-Officer-dc6f4f0b368c1d9316fc6ceca626775b
4396,14,Autosports Group,Service Receptionist,"Doncaster, VIC",,2026-08-10,jora,new,https://au.jora.com/job/Service-Receptionist-f7d128774a51323ab166759fcfe04fca
4410,14,Australian Department of Defence,APS 4 - Explosive Custodian Officer,"Cairns, QLD","$81,868 - $89,377 /yearly",2026-08-10,jora,new,https://au.jora.com/job/Custodian-2d71bd10bc849c36ea023e65b2bfd2f5
4479,14,Westlawn Finance Limited,Broker Support / Junior Broker,"Birtinya, QLD",,2026-08-10,jora,new,https://au.jora.com/job/Broker-7feb13dda361ff99e9e9f9c4333603af
4545,14,Community Housing Limited,Housing Officer,"Nerang, QLD",,2026-08-10,jora,new,https://au.jora.com/job/Housing-Officer-f9b9eb0544a3d2dececd0f36fb78d0c7
4549,14,Labourforce,Warehouse Admin | Hemmant,"Hemmant, QLD",$36 /hourly,2026-08-10,jora,new,https://au.jora.com/job/Warehouse-Admin-%7C-3c3eef8b25f798456268beaa56a59444
4594,14,UnitingCare Lithgow,Business Operations Assistant | Lithgow,"Lithgow, NSW, (Remote)",,2026-08-10,jora,new,https://au.jora.com/job/Business-Operations-Assistant-1ac185f7fc6adbc0bf66f65ae0d4305a
4623,14,Baby Bunting,Storeroom Assistant,"Chatswood, New South Wales",,2026-08-10,linkedin,new,https://www.linkedin.com/jobs/view/4450991891
4680,14,ABC Licence Training,Accounts & Administration Officer,"South Bank, QLD","$60,000 - $75,000 /yearly",2026-08-10,jora,new,https://au.jora.com/job/Accounts-and-Administration-Officer-9b764ea52e0d020280aece5fb3b1a046
4719,14,Broadbean ATS,Administration Officer,"Brisbane, QLD",$31 - $32 /hourly,2026-08-10,jora,new,https://au.jora.com/job/Administration-Officer-ab4704f015d868475646a27b4144f8b8
4178,14,Costco,Member Service Assistant - Part-Time,"Canberra, ACT",,2026-08-09,jora,new,https://au.jora.com/job/Member-Service-Assistant-7da05d41a6e267ba811d8a1307123c41
4201,14,Costco,"Casuarina, WA - Food Court Assistant Part Time","Casuarina, WA",,2026-08-09,jora,new,https://au.jora.com/job/Food-Court-Assistant-9449f964ffb26e366d4b3ee4419e1f6b
4216,14,Tallboy and Moose,Operations and Finance Coordinator,"Preston, VIC","$70,000 - $80,000 /yearly",2026-08-09,jora,new,https://au.jora.com/job/Finance-Coordinator-3bc814aa03e3b79f73d0a0293d01af93
4221,14,Costco,"Casuarina, WA - Food Court Assistant Part Time","Casuarina, WA",,2026-08-09,jora,new,https://au.jora.com/job/Food-Court-Assistant-f680778ff03a3bba82bacde30cd01254
4227,14,Costco,Food Service Assistant - Part-Time,"Canberra, ACT",,2026-08-09,jora,new,https://au.jora.com/job/Food-Service-Assistant-128ea636c2eeb7b719ab1619312f4c70
4280,14,Symmetry Human Resources,Logistics Coordinator,"Derrimut, VIC",$38 /hourly,2026-08-09,jora,new,https://au.jora.com/job/Logistics-Coordinator-6a9a05d07e8b0b98fc790657a3c85570
4286,14,JP Recruitment Pty Limited,Operations Manager,"Malaga, WA","$110,000 - $130,000 /yearly",2026-08-09,jora,new,https://au.jora.com/job/Operations-Manager-babb9d191ac05126b95df392d998ecba
4313,14,Rentco Transport Equipment Rentals,Regional Business Development Manager,"Brisbane, QLD",,2026-08-09,jora,new,https://au.jora.com/job/Regional-Business-Development-Manager-5aee227beb67c6aeb3fdb94166215b03
3859,14,MACRO Recruitment,Part-Time Back Office Accounts Officer,"Central Coast, NSW, (Remote)",$35 - $43 /hourly,2026-08-08,jora,new,https://au.jora.com/job/Accounts-Officer-4f4eab53b067d2e826160d40aa1c2763
3891,14,Department Of Justice,Contact Centre Officer,"Melbourne, VIC","$81,496 - $98,955 /yearly",2026-08-08,jora,new,https://au.jora.com/job/Contact-Centre-Officer-3076bb61695269c3c64a20b0fda4d228
3894,14,City of Rockingham,Records Officer (Compliance),"Perth, WA","$75,999 /yearly",2026-08-08,jora,new,https://au.jora.com/job/Records-Officer-e680dbad59228200d9b22a2c3891add4
3922,14,Korn Ferry,Executive Assistant,"Sydney, NSW",,2026-08-08,jora,new,https://au.jora.com/job/Executive-Assistant-fe7201da67d9c8f62800a0faf92ea9ed
3956,14,Marriott International,Night Front Office All Rounder (Night Audit),"Sydney, NSW",,2026-08-08,jora,new,https://au.jora.com/job/Night-Front-Office-99c47a9bf88003541f11d599baa59101
3957,14,David Jones,Sales and Service Manager | Chermside,"Chermside, QLD",,2026-08-08,jora,new,https://au.jora.com/job/Sales-and-Service-Manager-706500c05eb818803e69563c3d0f9c35
3966,14,Zakhan Pty Ltd,ICT Business Development Manager,"Brisbane, QLD","$90,000 - $110,000 /yearly",2026-08-08,jora,new,https://au.jora.com/job/ICT-Business-Development-af1cb164b2a74f8f587db8a9c1849535
4027,14,Careers at Council,Records Officer (Compliance),"Perth, WA","$75,999 /yearly",2026-08-08,jora,new,https://au.jora.com/job/Records-Officer-c0f130312b232c8fd9b9063a7b9c1237
4028,14,Jarnac holdings Pty ltd,Office Manager,"Alexandria, NSW, (Remote)",,2026-08-08,jora,new,https://au.jora.com/job/Office-Manager-ce374af2f8ac6db863a3be6b56276726
4038,14,People Equity,Product Development Manager,"Brisbane, QLD",,2026-08-08,jora,new,https://au.jora.com/job/Product-Development-Manager-f81aaaf70681bf12996dfcf15bccb700
4074,14,City of Rockingham,Records Officer (Compliance),"Rockingham, WA","$75,999 /yearly",2026-08-08,jora,new,https://au.jora.com/job/Records-Officer-40e983813954f0be6080f18a7ecda6f0
4101,14,Mint Invest,Sales Consultant – Property Investment | $9-15K Per Deal + Leads,"Sydney CBD, NSW",,2026-08-08,jora,new,https://au.jora.com/job/Sales-Consultant-f5447232e414933605802760a01f336f
4238,14,Aristocrat,Graduate Game Designer/Mathematician,"Macquarie Park, New South Wales",,2026-08-08,linkedin,new,https://www.linkedin.com/jobs/view/4433452777
3101,14,cohealth,Product Manager Services,"Footscray, Victoria",,2026-08-06,linkedin,new,https://www.linkedin.com/jobs/view/4449354821
3109,14,Transport for NSW,CSE Officer,"Mascot, NSW",,2026-08-05,indeed,new,https://au.indeed.com/viewjob?jk=682fc3d28ed45206
2255,14,Latitude IT,Product Manager,"Sydney, New South Wales",,2026-08-04,linkedin,new,https://www.linkedin.com/jobs/view/4448272476
2446,14,BJAK,Technical Product Manager,"Sydney, New South Wales, (Remote)",,2026-08-04,linkedin,new,https://www.linkedin.com/jobs/view/4448835254
2506,14,Australian Government,AGS Law Clerks - Affirmative Measures Indigenous,"Sydney, NSW",,2026-08-04,indeed,new,https://au.indeed.com/viewjob?jk=ef6c4a7364e72d89
2073,14,TAL Australia,AI and Automation Lead,"Sydney, New South Wales",,2026-08-03,linkedin,new,https://www.linkedin.com/jobs/view/4448126677
2077,14,Hatch,Business Improvement Specialist @ Domain,"Sydney, New South Wales",,2026-08-03,linkedin,new,https://www.linkedin.com/jobs/view/4433920113
2122,14,Stantec,2027 Transport Planning Graduate,"St Leonards, New South Wales",,2026-08-02,linkedin,new,https://www.linkedin.com/jobs/view/4447882353
2524,14,Stantec,2027 Transport Planning Graduate,"St Leonards, NSW",,2026-08-02,indeed,new,https://au.indeed.com/viewjob?jk=5ce08f0de51d3032
1609,14,Thermo Fisher Scientific,Product Manager - Transplant Diagnostics,"Scoresby, Victoria",,2026-08-01,linkedin,new,https://www.linkedin.com/jobs/view/4445588434
1834,14,Voltaire,Founding AI Engineer,"Greater Sydney Area, (Remote)",,2026-08-01,linkedin,new,https://www.linkedin.com/jobs/view/4447490736
1489,14,BJAK,Technical Product Manager,"Sydney, New South Wales, (Remote)",,2026-07-31,linkedin,new,https://www.linkedin.com/jobs/view/4447270803
1544,14,New Era Technology,System Engineer,"Erina, New South Wales, (Remote)",,2026-07-31,linkedin,new,https://www.linkedin.com/jobs/view/4408038175
1620,14,BJAK,Technical Product Manager,(Remote),,2026-07-31,linkedin,new,https://www.linkedin.com/jobs/view/4446979197
1697,14,Transport for NSW,Business Performance Reporting Officer,"Macquarie Park, New South Wales",,2026-07-31,linkedin,new,https://www.linkedin.com/jobs/view/4447247960
1857,14,Insignia Financial,"Analyst, AM Distribution Data and Analytics","Sydney, New South Wales",,2026-07-31,linkedin,new,https://www.linkedin.com/jobs/view/4438875396
1890,14,Australian Catholic University,HR/Payroll Data Analyst,"Brisbane, Queensland",,2026-07-31,linkedin,new,https://www.linkedin.com/jobs/view/4447267874
1895,14,XPT Software Australia,Technical Test Lead,"Sydney, New South Wales",,2026-07-31,linkedin,new,https://www.linkedin.com/jobs/view/4446967352
1315,14,ASX,Network Engineer - Trading Platform (12 Month Day rate contract),"Sydney, New South Wales",,2026-07-30,linkedin,new,https://www.linkedin.com/jobs/view/4444197818
1787,14,Archadenia Music Academy,Administrator,"Sydney, New South Wales",,2026-07-30,linkedin,new,https://www.linkedin.com/jobs/view/4446466441
1354,14,Citi,Loan Doc & Proc Analyst 1,"Sydney, New South Wales",,2026-07-29,linkedin,new,https://www.linkedin.com/jobs/view/4446446640
1042,14,Minelab Metal Detectors,Product Manager,"Mawson Lakes, South Australia",,2026-07-28,linkedin,new,https://www.linkedin.com/jobs/view/4445472582
1063,14,Key & Card AG - Einfach. Genial. Digital.,Back-End Developer,"Back Creek, New South Wales, (Remote)",,2026-07-28,linkedin,new,https://www.linkedin.com/jobs/view/4443254655
868,14,DXC Technology - Australia and New Zealand,Genesys Cloud CX Contact Centre Architect - Sydney or Canberra,"Canberra, Australian Capital Territory",,2026-07-27,linkedin,new,https://www.linkedin.com/jobs/view/4445653482
874,14,Hatch,Product & Marketing Generalist (Founder Support),"Sydney, New South Wales",,2026-07-27,linkedin,new,https://www.linkedin.com/jobs/view/4432302818
973,14,Harvey,"Legal Engineer, Sydney","Sydney, New South Wales, (Remote)",,2026-07-27,linkedin,new,https://www.linkedin.com/jobs/view/4445141402
470,14,Parity Consulting,Commercial Product Manager (Custody & Corporate Trust),"Sydney, New South Wales",,2026-07-24,linkedin,new,https://www.linkedin.com/jobs/view/4444044642
678,14,Heidi,Data Analyst,"Sydney, New South Wales",,2026-07-24,linkedin,new,https://www.linkedin.com/jobs/view/4444926463
758,14,Nasdaq,Core Java Developer,"Sydney, New South Wales",,2026-07-24,linkedin,new,https://www.linkedin.com/jobs/view/4436705522
790,14,Dovetail,Product Marketing Manager,"Sydney, New South Wales, (Remote)",,2026-07-24,linkedin,new,https://www.linkedin.com/jobs/view/4414311162
977,14,Citi,"Summer Analyst Program - Markets - Summer Analyst, Sydney Australia (APAC) - 2026","Sydney, New South Wales",,2026-07-24,linkedin,new,https://www.linkedin.com/jobs/view/4407011780
346,14,Yolk Digital,Product Manager,"Canberra, Australian Capital Territory, (Remote)",,2026-07-23,linkedin,rejected,https://www.linkedin.com/jobs/view/4443487943
481,14,Australian Broadcasting Corporation (ABC),Trainee Software Developer,"Melbourne, Victoria",,2026-07-23,linkedin,new,https://www.linkedin.com/jobs/view/4426782185
502,14,Key & Card AG - Einfach. Genial. Digital.,Back-End Developer,"Back Creek, New South Wales, (Remote)",,2026-07-23,linkedin,new,https://www.linkedin.com/jobs/view/4444751475
278,14,Charles Elena,Lead AI Engineer,"Sydney, New South Wales",,2026-07-22,linkedin,new,https://www.linkedin.com/jobs/view/4442984577
513,14,The Australian National University,Scientific Programmer,"Canberra, Australian Capital Territory",,2026-07-22,linkedin,new,https://www.linkedin.com/jobs/view/4442979125
60,14,Heidi,"Deployed Product Manager, Health Systems","Sydney, New South Wales",,2026-07-21,linkedin,new,https://www.linkedin.com/jobs/view/4443374914
63,14,Heidi,"Deployed Product Manager, Health Systems","Melbourne, Victoria",,2026-07-21,linkedin,rejected,https://www.linkedin.com/jobs/view/4443388445
138,14,The Onset,Product Manager - Marketplace,"Melbourne, Victoria",,2026-07-21,linkedin,new,https://www.linkedin.com/jobs/view/4443303452
139,14,Hismile,Product Coordinator,Gold Coast,,2026-07-21,linkedin,new,https://www.linkedin.com/jobs/view/4442295168
171,14,Key & Card AG - Einfach. Genial. Digital.,Back-End Developer,"Back Creek, New South Wales, (Remote)",,2026-07-21,linkedin,new,https://www.linkedin.com/jobs/view/4443585358
3898,14,Select Aust Sydney,Customer Consultant,"Adelaide, SA",$39 /hourly,,jora,new,https://au.jora.com/job/Customer-Consultant-ad0d1c8a1a60c66ea0593204f9210977
4374,14,Gate Gourmet,Customer Support Specialist,"Mascot, NSW",,,jora,new,https://au.jora.com/job/Customer-Support-Specialist-bdf302b2388cf1e4c74a79fe7085962c
4531,14,KBH Solutions,Administration and Customer Support Officer,"Brisbane, QLD, (Remote)","$65,000 - $70,000 /yearly",,jora,new,https://au.jora.com/job/Customer-Support-Officer-a6df96b29029479a6ef6cc1807e58e98
4534,14,AWX,Field Officer - Mossman,"Mossman, QLD, (Remote)",$39 - $40 /hourly,,jora,new,https://au.jora.com/job/Field-Officer-0d9cf2f1a56157ba33fcb79bd53c6744
4697,14,MEGT,IT Field Technician,"Homebush, NSW, (Remote)",,,jora,new,https://au.jora.com/job/IT-Field-Technician-f6bfbf65849353356fcc420b3cfeddc1
4885,14,seek.com.au,Customer Service and Data Entry,"Epping, VIC",,,jora,new,https://au.jora.com/job/Customer-Service-and-2f0bc019c0d1a3096cb99a6d8f4646e9
4949,14,Australian Institute of Company Directors,Planning and Resourcing Partner,"Sydney CBD, NSW",,,jora,new,https://au.jora.com/job/Partner-9a88f072a85dee64fed2c62767e66f30
5105,14,Department of Communities WA,Legal Research Support Officer,"Perth, WA","$99,134 - $104,044 /yearly",,jora,new,https://au.jora.com/job/Research-Support-Officer-f1fa505ba4a9d2a84354ab92bf4a81d2
5239,14,Rio Tinto,Superintendent Production,"Weipa, QLD, (Remote)",,,jora,new,https://au.jora.com/job/Superintendent-28a1d4501f6c117183d6b56aace36a50
5317,14,Rubber Crumb PTY LTD,Warehouse and Yard Hand,"Bayswater, VIC",$38 - $39 /hourly,,jora,new,https://au.jora.com/job/Warehouse-and-Yard-0b8d5118d44d99e24e38c5d7da970ef0
5319,14,Parliament of Victoria,Tours and Customer Service Assistant,"East Melbourne, VIC","$72,189 - $79,753 /yearly",,jora,new,https://au.jora.com/job/Customer-Service-Assistant-d6938250de6270bddad37838bb75e713
4363,13,Recruit Inc Pte Ltd,CLEANER - FACTORY WAREHOUSE OFFICE,"Melbourne, VIC",$30 - $35 /hourly,2026-08-10,jora,new,https://au.jora.com/job/Cleaner-4586dabf454b2c83defe45b360550ec1
4368,13,Domino's Pizza,Delivery Driver August - VICTORIA POINT QLD,"Victoria Point, QLD",,2026-08-10,jora,new,https://au.jora.com/job/Delivery-Driver-46293061a4bb90989ebe9630a285638c
4373,13,Domino's Pizza,Delivery Driver,"Booragoon, WA",,2026-08-10,jora,new,https://au.jora.com/job/Delivery-Driver-e75d0a8c86df5b5f0022271b1a79b56d
4394,13,Savers,Production Team Members - Geelong,"Warrnambool, VIC",,2026-08-10,jora,new,https://au.jora.com/job/Production-Team-Member-b9e774c128735437efb4ac8436192619
4397,13,ZH Healthcare Group,Recruitment Officer – Healthcare,"Sippy Downs, QLD, (Remote)",$40 - $45 /hourly,2026-08-10,jora,new,https://au.jora.com/job/Recruitment-Officer-d275477aaa83994b55582f39b061eaf1
4403,13,Domino's Pizza,Delivery Driver,"Mascot, NSW",,2026-08-10,jora,new,https://au.jora.com/job/Delivery-Driver-7751ba94def77fc75ddc495c237228db
4407,13,Dan Murphy's,Customer Assistant - Dan Murphy’s Marden,"Adelaide, SA",,2026-08-10,jora,new,https://au.jora.com/job/Customer-Assistant-Dan-78601d733bbdbe8faeeddc1a746eed53
4415,13,Adelaide Wedding Hire,Events Set Up/Delivery driver,"Salisbury South, SA",$30 - $36 /hourly,2026-08-10,jora,new,https://au.jora.com/job/Delivery-Driver-c6683aa54f6dc7d5dc297b3d66b14145
4424,13,Industry Beans,Warehouse & Dispatch Team Member,"Coburg North, VIC",,2026-08-10,jora,new,https://au.jora.com/job/Warehouse-Dispatch-Team-e94bbb630eae72699c160eedaa09b55a
4462,13,Legal People,Owners Corporation Litigation Lawyer,"Melbourne, VIC",,2026-08-10,jora,new,https://au.jora.com/job/Litigation-Lawyer-82a27418711972e1150ba0d06d0b1a49
4482,13,Wade Sawmill,Loader Driver,"Maryborough, QLD","$70,000 - $80,000 /yearly",2026-08-10,jora,new,https://au.jora.com/job/Loader-Driver-65761a73d201129a5ce485634093c398
4484,13,JBS,Processing Labourers,"Scone, NSW",$26 /hourly,2026-08-10,jora,new,https://au.jora.com/job/Labourer-2728f8ec2da9e6bdeba2ac23472ab6ea
4540,13,ASAP Recruitment,IMMEDIATE START! Pick Packers Needed!,"Prestons, NSW",$32 - $33 /hourly,2026-08-10,jora,new,https://au.jora.com/job/IMMEDIATE-START-Pick-c1d8d51821aac4d1b63428a40dfd43c2
4557,13,C&H Recruitment,Storeperson Factory Hand,"Rockhampton, QLD",$35 - $36 /hourly,2026-08-10,jora,new,https://au.jora.com/job/Factory-Hand-60c194a7c7de23bc629c6745b5212570
4609,13,iSEAO Pty Ltd,AI Development Analyst,"Sydney, New South Wales",,2026-08-10,linkedin,new,https://www.linkedin.com/jobs/view/4450996147
4670,13,Ivory Group,Contract Administrator/Junior Project Manager,"Sydney, NSW",,2026-08-10,jora,new,https://au.jora.com/job/Project-Manager-8bcced585b17e1e89a297a6ffdd9f178
4672,13,Hays Recruitment,Customer Service Specialist,"Eveleigh, NSW",$38 /hourly,2026-08-10,jora,new,https://au.jora.com/job/Customer-Service-Specialist-01a1fea045e55d36e2aa10db9a5e8dd3
4678,13,EUGENEMAX PTY LTD,"Meat packer, General worker","Morningside, QLD",$33 /hourly,2026-08-10,jora,new,https://au.jora.com/job/General-Worker-dd882c976404563d6518322ec8c5a723
4705,13,NSW Health,Medical Laboratory Assistant - Pathology Collector/Phlebotomist,"Wollongong, NSW","$66,939 - $69,503 /yearly",2026-08-10,jora,new,https://au.jora.com/job/Medical-Laboratory-Assistant-c0830eb3996fcaad6a76c06c463bb2b9
4707,13,VT Services Contracting Pty Ltd,Operations Assistant,"Brisbane, QLD","$80,000 - $95,000 /yearly",2026-08-10,jora,new,https://au.jora.com/job/Operations-Assistant-0737e11cec4e690ded2a4fd17aff67f9
4709,13,Metro Trains Melbourne,Trainee Station Assistant,"Melbourne, VIC","$40 - $80,557 /hourly",2026-08-10,jora,new,https://au.jora.com/job/Station-Assistant-11dfda3bec20fd0c44db6e7464590e56
4731,13,Sydney Anglicans,Partnership Communications Assistant,"Sydney CBD, NSW",,2026-08-10,jora,new,https://au.jora.com/job/Communications-Assistant-5c58ce5b8f9175619e54875805e79c78
4847,13,Suncorp Group,Technology Graduate,"Sydney, New South Wales",,2026-08-10,linkedin,new,https://www.linkedin.com/jobs/view/4449584414
4853,13,Suncorp Group,Technology Graduate,"Brisbane, Queensland",,2026-08-10,linkedin,new,https://www.linkedin.com/jobs/view/4449574781
4170,13,IntoWork Australia,Assistant workers 6am-2pm shift - Asap start at Kemps Creek,"Sydney, NSW",$33 /hourly,2026-08-09,jora,new,https://au.jora.com/job/Assistant-fb3e3ce7243263c14ab600955fb701d7
4173,13,PT Automation Solutions,Corporate General Manager,"Nerang, QLD",,2026-08-09,jora,new,https://au.jora.com/job/Corporate-General-Manager-72f5f430a7349eba7ed6e5e22b022d64
4191,13,Linktal Recruitment,Warehouse Assistant/Production Operator,"Marrickville, NSW","$65,000 /yearly",2026-08-09,jora,new,https://au.jora.com/job/Warehouse-Production-Operator-dfafbe3b7e2a7c2c7f05f84701b2e799
4198,13,Guild Group,Gold Cross Marketing Manager,"Sydney CBD, NSW, (Remote)",,2026-08-09,jora,new,https://au.jora.com/job/Marketing-Manager-63cb82bd13791f571d6ee9a51a500f1a
4204,13,NPAworldwide,People & Culture Specialist,"Yatala, QLD",,2026-08-09,jora,new,https://au.jora.com/job/People-Culture-Specialist-a4adc417fd70c1a6d329d239f1691d99
4218,13,Shire of East Pilbara,Records Management Officer,"Newman, WA","$70,958 /yearly",2026-08-09,jora,new,https://au.jora.com/job/Records-Management-Officer-af92393e9e29fd71da9e3325892c0d13
4232,13,Wannon Water,Customer Support Officer,"Warrnambool, VIC","$72,170 - $76,019 /yearly",2026-08-09,jora,new,https://au.jora.com/job/Customer-Support-Officer-0991e0ae8340ae839dce5d23c8bf9e11
4273,13,PERFECTOUR PTY. LTD,Kitchen hand,"Tweed Heads West, NSW",,2026-08-09,jora,new,https://au.jora.com/job/Kitchen-Hand-ef5a9655abf0a696d2bbe6a06b442b51
4281,13,Trentham Pharmacy,Pharmacy Assistant,"Trentham, VIC",$34 - $38 /hourly,2026-08-09,jora,new,https://au.jora.com/job/Pharmacy-Assistant-028eaf58c83fe23875a0384489b1f60f
4282,13,Elite Supplements,Retail Manager - Elite Supps Warringah,"Brookvale, NSW","$65,000 - $80,000 /yearly",2026-08-09,jora,new,https://au.jora.com/job/Retail-Manager-Elite-79fe4bf032e86e1eca7bc130c2fe3411
4283,13,Concept Products,Trade Assistant/Trainee Installer,"Canning Vale, WA",,2026-08-09,jora,new,https://au.jora.com/job/Installer-88bbef329cbc107ef1ca8911a7a4d647
4291,13,Boat Hire Mandurah Pty Ltd,Marine Hire Crew,"Mandurah, WA",$35 - $40 /hourly,2026-08-09,jora,new,https://au.jora.com/job/Crew-ab033a14459e12b815cf18a2dc2a11ce
4296,13,Monster Hire,Yard Hand / Machinery Detailer,"Chinchilla, QLD",,2026-08-09,jora,new,https://au.jora.com/job/Detailer-012068032bcca3e82ba5e891ff1d6173
4299,13,Jindabyne Medical Practice,Operations & Reception Manager,"Jindabyne, NSW",$35 - $45 /hourly,2026-08-09,jora,new,https://au.jora.com/job/Reception-Manager-7fa5a736f7abf7771d848571657cfeb9
4311,13,Earlyhood Recruitment,Recruitment Consultant | $90k-$110k + super + commision,"Sydney, NSW, (Remote)","$90,000 - $110,000 /yearly",2026-08-09,jora,new,https://au.jora.com/job/Recruitment-Consultant-d7a29ddbffd6d171144e3e189d8512f3
4314,13,True Synergy,Business Support Officer,"Chirnside Park, VIC, (Remote)",,2026-08-09,jora,new,https://au.jora.com/job/Business-Support-Officer-bd865c7d336a257833e5ec16d9c3207e
4320,13,Sharon Bennie - Specialist Property Recruitment,Entry into Project Sales,"Sydney, NSW",,2026-08-09,jora,new,https://au.jora.com/job/Entry-into-Project-00a375505e1fd2c8472f9a1c658c1086
4323,13,Crest Building Pty. Ltd.,1st and/or 2nd Year Apprentice Carpenter,"Canberra, ACT",,2026-08-09,jora,new,https://au.jora.com/job/1st-and-or-d0e693a38ff88bc2b5f5848b127cd35d
4435,13,Unknown,Structural Engineer (Part-Time),(Remote),,2026-08-09,indeed,new,https://au.indeed.com/viewjob?jk=54fa948c8788bb81
4436,13,Unknown,Civil Engineer (Part-Time),(Remote),,2026-08-09,indeed,new,https://au.indeed.com/viewjob?jk=ee94382db391c2a7
3822,13,Ceragon Networks,Customer Support Engineer-Microwave,"North Sydney, NSW",,2026-08-08,jora,new,https://au.jora.com/job/Customer-Support-Engineer-74f749b1a6f57ba93efd3d27e53fa95d
3862,13,City of Sydney,Environmental Health Officer,"Sydney, NSW","$117,487 /yearly",2026-08-08,jora,new,https://au.jora.com/job/Environmental-Health-Officer-c136e05a212f6243d9ff80c9406c3043
3869,13,Raben Footwear,Retail Buyer,"Sydney, NSW",,2026-08-08,jora,new,https://au.jora.com/job/Retail-Buyer-c2fc5a5aaf6fd5814f18c727dad56f36
3947,13,Panda Mart Trading,General Accountant,"Five Ways, VIC",,2026-08-08,jora,new,https://au.jora.com/job/General-Accountant-f2d5f3a5410f46b99c426973e593cbbd
3948,13,Junk Specialist Sydney t/a 1800-GOT-JUNK?,Operations Manager,"Ashfield, NSW","$85,000 - $90,000 /yearly",2026-08-08,jora,new,https://au.jora.com/job/Operations-Manager-c403f310cabd4a2c2d16ce2e2838bcf1
3954,13,Mindrift Data Annotation Projects,Record Your Daily Routine & Get Paid - AI Training (Remote),"Moore Creek, NSW, (Remote)",$6 /hourly,2026-08-08,jora,new,https://au.jora.com/job/Record-Your-Daily-d716e70181a3e36a82b9290b90e505e6
3960,13,SA Health,Distribution Officer - Loxton Hospital,"Loxton, SA",,2026-08-08,jora,new,https://au.jora.com/job/Distribution-Officer-21c1e33cf71b4928abf0a21ed8b4ffdf
3969,13,Select Aust Sydney,Cleaner,"Virginia, QLD",$33 /hourly,2026-08-08,jora,new,https://au.jora.com/job/Cleaner-edf48cab103957f4a2b681f2a80d38af
3999,13,Animal Emergency Australia,Client Care Representative,"Surfers Paradise, QLD",$34 - $35 /hourly,2026-08-08,jora,new,https://au.jora.com/job/Client-Care-Representative-6b4eaa1d3ff51ef2cf855ccb92703a42
4037,13,ASIC,2027 Graduate Program - Regulation and Enforcement,"Sydney, NSW","$81,396 /yearly",2026-08-08,jora,new,https://au.jora.com/job/2027-Graduate-Program-665cf9913bda7b11bf9489fab60418db
4080,13,Woolworths Supermarkets,Store Team Member,"Fernvale, QLD",,2026-08-08,jora,new,https://au.jora.com/job/Store-Team-Member-36055ab9f440afd46b530e37f74bbb6d
4097,13,Woolworths Supermarkets,Store Team Member,"Lutwyche, QLD",,2026-08-08,jora,new,https://au.jora.com/job/Store-Team-Member-783e43545381db4bfe8fdf83898eb0f9
4108,13,Australia Wide Haulage,Forklift Operators,"Maddington, WA",,2026-08-08,jora,new,https://au.jora.com/job/Forklift-Operators-04b617abc3a755260f4862920b73cf05
4112,13,Pinnacle Sales Group PTY LTD,Customer Experience Representative | No Experience Required | Immediate Start,"Sydney CBD, NSW",$38 - $47 /hourly,2026-08-08,jora,new,https://au.jora.com/job/Customer-Experience-Representative-91d9c8870fa3ba4d2e31942beceae92f
4240,13,North Inlet Advisors,Summer Intern,"Summer Hill, New South Wales",,2026-08-08,linkedin,new,https://www.linkedin.com/jobs/view/4451084154
3333,13,Mars Recruitment,Part Time People & Culture Coordinator (Hybrid),"Melbourne, VIC",,2026-08-07,jora,new,https://au.jora.com/job/Part-Time-People-76ef2097f1cdb34fb6f51a6c505b6ba5
3570,13,HiTech Personnel,Multiple x Onsite Support Officers / Service Desk Analysts - Federal Govt!,"Sydney, NSW, (Remote)",,2026-08-07,jora,new,https://au.jora.com/job/Onsite-Support-Officer-d0bf2084bc827ef58a206662c925b325
3671,13,Pluralis Research,Founders Associate (Business Operations),"Sydney, New South Wales, (Remote)",,2026-08-07,linkedin,new,https://www.linkedin.com/jobs/view/4448742445
4505,13,Nine Mile,Marketing Lead,"Sydney, New South Wales",,2026-08-07,linkedin,new,https://www.linkedin.com/jobs/view/4450011570
4628,13,Pluralis Research,Founders Associate (Business Operations),"Melbourne, Victoria, (Remote)",,2026-08-07,linkedin,new,https://www.linkedin.com/jobs/view/4448740499
3007,13,Kira,Product Manager,(Remote),,2026-08-06,linkedin,new,https://www.linkedin.com/jobs/view/4449335174
3100,13,BJAK,Product Manager,(Remote),,2026-08-06,linkedin,new,https://www.linkedin.com/jobs/view/4449355828
3280,13,Syniti,Presales Solution Architect,Unknown,,2026-08-06,linkedin,new,https://www.linkedin.com/jobs/view/4449383571
4063,13,IMC Trading,Machine Learning Researcher - Modeller,"Sydney, New South Wales",,2026-08-06,linkedin,new,https://www.linkedin.com/jobs/view/4381820738
4160,13,ASC Pty Ltd,IT and Cyber Security Graduate Program,"Taperoo, South Australia",,2026-08-06,linkedin,new,https://www.linkedin.com/jobs/view/4449996717
2170,13,Irish Around Oz,API Gateway (Kong) Developer - Contract - Australia,"Sydney, New South Wales",,2026-08-05,linkedin,new,https://www.linkedin.com/jobs/view/4449415621
2406,13,Salt,Project Coordinator - SaaS Learning Platform,"Sydney, NSW",,2026-08-05,jora,new,https://au.jora.com/job/Project-Coordinator-689261c80e166a8d7404a8e8628fa514
2622,13,x15ventures,Assistant Product Manager,"Sydney, New South Wales",,2026-08-05,linkedin,new,https://www.linkedin.com/jobs/view/4447365377
2748,13,Transport for NSW,Precinct Integration Advisor,"Parramatta, NSW",,2026-08-05,indeed,new,https://au.indeed.com/viewjob?jk=86df47fd7695bbf4
2882,13,Harvey,"Innovation Product Manager, Australia","Sydney, New South Wales",,2026-08-05,linkedin,new,https://www.linkedin.com/jobs/view/4440207747
3016,13,Campari Group,Assistant Trade Marketing Manager - On Trade,"Sydney, NSW",,2026-08-05,indeed,new,https://au.indeed.com/viewjob?jk=b2a3428a2802c1b9
3019,13,Talent,Junior Database Engineer  (Oracle / Exadata),"Sydney, New South Wales, (Remote)",,2026-08-05,linkedin,new,https://www.linkedin.com/jobs/view/4447347211
2161,13,Rabobank Australia,2027 Rabo Graduate Program - Risk Graduate,"Millers Point, New South Wales, (Remote)",,2026-08-04,linkedin,new,https://www.linkedin.com/jobs/view/4448850689
2240,13,EML,Technical Solutions Consultant,"Millers Point, New South Wales",,2026-08-04,linkedin,new,https://www.linkedin.com/jobs/view/4449040397
2013,13,Hays,Program Manager,"Sydney, New South Wales",,2026-08-03,linkedin,new,https://www.linkedin.com/jobs/view/4447686899
2036,13,PERSOL APAC,Product Manager,"Melbourne, Victoria",,2026-08-03,linkedin,new,https://www.linkedin.com/jobs/view/4448129594
3883,13,Robert Half,Accounts Payable Officer,"Sydney CBD, NSW",,2026-08-01,jora,new,https://au.jora.com/job/Accounts-Payable-Officer-9cfb70d36c6c188166cb13d26f010de8
1545,13,AGC Interior,AppSheet Developer,"Sydney, New South Wales, (Remote)",,2026-07-31,linkedin,new,https://www.linkedin.com/jobs/view/4446715916
1572,13,Rabobank Australia,2027 Rabo Graduate Program - Technology Graduate,"Millers Point, New South Wales, (Remote)",,2026-07-31,linkedin,new,https://www.linkedin.com/jobs/view/4439034763
1601,13,Hapana,Product Manager,"Sydney, New South Wales",,2026-07-31,linkedin,new,https://www.linkedin.com/jobs/view/4447279968
1602,13,Zimmer Biomet,MyMobility Product Associate,"Sydney, New South Wales",,2026-07-31,linkedin,new,https://www.linkedin.com/jobs/view/4437985014
1603,13,Zimmer Biomet,MyMobility Product Associate,"Brisbane, Queensland",,2026-07-31,linkedin,new,https://www.linkedin.com/jobs/view/4437973675
1641,13,Prolific,AI Trainer – Aeronautical Engineers  - CAD/Python Expertise (Remote Advisory - Australia),"Sydney, New South Wales, (Remote)",,2026-07-31,linkedin,new,https://www.linkedin.com/jobs/view/4447598184
1643,13,Prolific,AI Trainer – Aerospace Engineers  - CAD/Python Expertise (Remote Advisory - Australia),"Sydney, New South Wales, (Remote)",,2026-07-31,linkedin,new,https://www.linkedin.com/jobs/view/4447525904
1646,13,Prolific,AI Trainer - Electrical Engineers - CAD/Python Expertise - (Remote Advisory - Australia),"Sydney, New South Wales, (Remote)",,2026-07-31,linkedin,new,https://www.linkedin.com/jobs/view/4447701243
1791,13,Crossing Hurdles,UI Developer | $50/hr Remote,(Remote),,2026-07-31,linkedin,new,https://www.linkedin.com/jobs/view/4446995750
1839,13,Crossing Hurdles,Frontend Developer | $50/hr Remote,(Remote),,2026-07-31,linkedin,new,https://www.linkedin.com/jobs/view/4446987822
1910,13,Greencross Pet Wellness Company,Assistant Category Manager,"North Ryde, New South Wales",,2026-07-31,linkedin,new,https://www.linkedin.com/jobs/view/4446981004
1911,13,Greencross Vet Hospital,Assistant Category Manager,"North Ryde, New South Wales",,2026-07-31,linkedin,new,https://www.linkedin.com/jobs/view/4445092297
1922,13,Hatch,Customer Service Representative (Casual),"Sydney, New South Wales",,2026-07-31,linkedin,new,https://www.linkedin.com/jobs/view/4447133309
4000,13,Robert Half,Accounts Payable Officer,"Sydney CBD, NSW","$80,000 - $85,000 /yearly",2026-07-31,jora,new,https://au.jora.com/job/Accounts-Payable-Officer-f16b1dc41ef51aca5eafcfd404212878
1363,13,igus Australia,(Unpaid) Robotics and Mechatronics Engineering Internship,"Sydney, New South Wales, (Remote)",,2026-07-30,linkedin,new,https://www.linkedin.com/jobs/view/4446499379
1384,13,NAB,"Consultant, AI Engineer","Melbourne, Victoria",,2026-07-30,linkedin,new,https://www.linkedin.com/jobs/view/4444528689
1410,13,Laser Clinics Australia,Product Portfolio Manager – Cosmetic Aesthetics,"North Sydney, New South Wales",,2026-07-30,linkedin,new,https://www.linkedin.com/jobs/view/4446724729
1480,13,WNS,Lead Technical Consultant,"Sutherland, New South Wales",,2026-07-30,linkedin,new,https://www.linkedin.com/jobs/view/4028305842
1687,13,TAL Australia,Pricing Analyst,"Sydney, New South Wales",,2026-07-30,linkedin,new,https://www.linkedin.com/jobs/view/4446744945
1688,13,"Australian Government Department of Health, Disability and Ageing",APS Level 6 - Data Analyst - Data Acquisition Section,"Darlington, New South Wales",,2026-07-30,linkedin,new,https://www.linkedin.com/jobs/view/4446495704
1838,13,Foot Locker,Sales Associate - Casual,"Parramatta, New South Wales",,2026-07-30,linkedin,new,https://www.linkedin.com/jobs/view/4435615283
1357,13,Corpay,Operations Associate,"Sydney, New South Wales",,2026-07-29,linkedin,new,https://www.linkedin.com/jobs/view/4315432553
1298,13,Heidi,"Technical Program Manager, Security & Compliance","Sydney, New South Wales",,2026-07-28,linkedin,new,https://www.linkedin.com/jobs/view/4443230779
969,13,Certus Recruitment Group,Power Apps Developer,"Sydney, New South Wales, (Remote)",,2026-07-27,linkedin,new,https://www.linkedin.com/jobs/view/4444885742
978,13,Johnson & Johnson MedTech,Snr Clinical & Sales Specialist,"North Ryde, New South Wales",,2026-07-26,linkedin,new,https://www.linkedin.com/jobs/view/4404025039
19,13,University of California - San Francisco,Nurse Practitioner - Advanced Heart Failure /Mechanical Circulatory Support,"San Francisco, CA",,2026-07-22,indeed,new,https://www.indeed.com/viewjob?jk=d2011170c986038c
2676,13,Cement Australia,Commercial Services Officer,"Darra, QLD",,,jora,new,https://au.jora.com/job/Commercial-Services-Officer-3dc0b68c8a5b7fdd9b6628691e382cd5
3270,13,seek.com.au,"Sales Assistant – If You Can Survive Retail, You’ll Thrive Here","Perth, WA",$32 - $34 /hourly,,jora,new,https://au.jora.com/job/Sales-Assistant-cd1112f07d376166fcff8ca4dc760e9c
3905,13,The University of Queensland,Administration Assistant,"Saint Lucia, QLD","$79,096 - $83,863 /yearly",,jora,new,https://au.jora.com/job/Administration-Assistant-789da0efc4364d9c1b26276030350ea1
3998,13,Gainsville Investments,Gainsville Furniture Sales Representative,"Southbank, VIC",$33 - $35 /hourly,,jora,new,https://au.jora.com/job/Sales-Representative-07f66a4e88448569de6fea1066e08a60
4327,13,Hays Recruitment,Accounts Assistant,"Sydney CBD, NSW","$80,000 /yearly",,jora,new,https://au.jora.com/job/Accounts-Assistant-287380c0632c6f35a0bbe216b608e9bd
4329,13,dnata Airport Services,"Customer Service,  Mishandled Baggage (Perth Airport)","Perth, WA",,,jora,new,https://au.jora.com/job/Customer-Service-Mishandled-763839257a1fa904c9c08ad47116fae9
4412,13,A and E Transport,Multi-drop Delivery Driver,"Maroochydore, QLD",$30 - $33 /hourly,,jora,new,https://au.jora.com/job/Delivery-Driver-5ddc657ff4ed8a5a53e0af6bccefafaf
4453,13,Department of Justice & Attorney General QLD,Legal Support Officer,"Brisbane, QLD","$77,354 - $85,833 /yearly",,jora,new,https://au.jora.com/job/Legal-Support-Officer-fc030e290966f57d6b868e8f5bb9dc6e
4454,13,DCL Recruitment,Administration Data Entry Coordinator,"Sydney, NSW","$75,000 /yearly",,jora,new,https://au.jora.com/job/Data-Entry-Coordinator-25186e7bc015877f598f35a41a928082
4473,13,Minear Group PtyLtd,WANT A CAREER IN REAL ESTATE? | Master Sales First,"Adelaide, SA",$35 /hourly,,jora,new,https://au.jora.com/job/WANT-A-CAREER-e0f6e76f69401ac6c690a592bf043652
4529,13,Personally Recommended,Mystery Shoppers Required - Toowoomba,"Toowoomba, QLD",,,jora,new,https://au.jora.com/job/Mystery-Shopper-dd41e4ac5240613027f3b8af09959f9e
4546,13,seek.com.au,Customer Service & Accounts Assistant | Meat Wholesale | Discounts on Meat,"Sydney Western Suburbs, NSW","$75,000 /yearly",,jora,new,https://au.jora.com/job/Accounts-Assistant-6829b9c79e5de1e5169337e6a39c60f2
4580,13,Labourforce,Pick packers required,"Truganina, VIC",,,jora,new,https://au.jora.com/job/Pick-packers-required-df768b87354389033ee67e5032e7728b
4588,13,Hays Recruitment,Customer Contact Centre Consultant,"Brisbane, QLD",,,jora,new,https://au.jora.com/job/Customer-Contact-Centre-552f5add141c499d94a3cccdce7c9661
4669,13,Hays Recruitment,Commercial Finance Manager,"Sydney North Shore, NSW","$160,000 /yearly",,jora,new,https://au.jora.com/job/Commercial-Finance-Manager-5cd101713820dca20767a6614c5b0c09
4681,13,P&C Partners Pty Ltd,Accounts Officer,"Brisbane, QLD","$85,000 - $105,000 /yearly",,jora,new,https://au.jora.com/job/Accounts-Officer-5902b26c492bf9ebd609f4bbfcd2e253
4823,13,WKFC - Riverwood,Support Worker in Sutherland,"Miranda, NSW",,,jora,new,https://au.jora.com/job/Support-Worker-9bfbfaf10a0e533cf1784431cd1d18b7
4904,13,Landlinks Environmental Services,Open Space Maintenance Crew Members,"Dandenong, VIC",$30 - $34 /hourly,,jora,new,https://au.jora.com/job/Maintenance-Crew-Member-ca0af4edbb4b243f1cd8b04230a1c4de
4916,13,AVADA Group,Traffic Controllers- TMIs and TC wanted!,"St George, QLD",,,jora,new,https://au.jora.com/job/Traffic-Controller-1c12abfe3d47bc63a08d369482cef2a4
4931,13,NH Foods Australia,Documentation Clerk,"North Sydney, NSW","$60,000 - $70,000 /yearly",,jora,new,https://au.jora.com/job/Documentation-Clerk-183012e095fa706bb3dec3d116c5faf2
4934,13,Impact Visual Solutions,Contract-based general labourer/board installer,"Bayswater, VIC",$30 - $35 /hourly,,jora,new,https://au.jora.com/job/General-Labourer-9907a51bbcdb8927f8e8bd451be4e42f
4950,13,RESIMAC,Analyst – Group Treasury,"Sydney CBD, NSW",,,jora,new,https://au.jora.com/job/Analyst-75cfc5eff8621bc6ca0a98cd0ce31d59
4952,13,Thomas Foods International,TFIA - Operator Coldstore CAV COL,"Cavan, SA",$27 /hourly,,jora,new,https://au.jora.com/job/Operator-1f7486e65ae80f130ad55cc53108919a
4976,13,Talent Web Recruitment,Accounts Clerk,"North Sydney, NSW",$40 /hourly,,jora,new,https://au.jora.com/job/Accounts-Clerk-dbbe8a15a5507b5ca7dc13e3e657e171
4985,13,Omni Recruit,Warehouse Allrounder,"Pooraka, SA",$35 - $40 /hourly,,jora,new,https://au.jora.com/job/Warehouse-Allrounder-e1de745f912e98cf67e9f7be917a62a4
5027,13,The Gamesmen,Warehouse Storeperson – Pick/Packer,"Riverwood, NSW",,,jora,new,https://au.jora.com/job/Warehouse-Storeperson-c08e063b733870a5c001e9bba2b80e5d
5074,13,Hudson,Technology Operations Manager,"Adelaide, SA","$200,000 /yearly",,jora,new,https://au.jora.com/job/Technology-Operations-Manager-e5289119d0ba35fe57e2c42ff6d03877
5101,13,Government schools,Intervention Co-ordinator,"Melbourne, VIC",,,jora,new,https://au.jora.com/job/Intervention-Co-ordinator-80cb2417c884930162672e683b749cba
5145,13,HR Partners,packer/filler,"Torrensville, SA",,,jora,new,https://au.jora.com/job/Filler-20ae3de94631182c58246df254afadb9
5197,13,Repco,Customer Sales & Service - Repco Toowoomba West - Casual,"Glenvale, QLD",,,jora,new,https://au.jora.com/job/Customer-Sales-Service-fe41c3ca36b09895639f9fa1cbfe5dc4
5288,13,Qube Recruitment Pty Ltd,TEMP - EA/TA/Admin,"Sydney, NSW",$35 - $65 /hourly,,jora,new,https://au.jora.com/job/TEMP-EA-TA-44ddfcd7a565f94015d207ad8ad1905b
5298,13,Keirden Dry Cleaners,Dry Cleaning - Presser,"North Lakes, QLD",$30 - $35 /hourly,,jora,new,https://au.jora.com/job/Presser-976cc00cd9d93dbbae9bfc2006715b73
5310,13,Hunter Recruitment Group,Grounds Crew,"Kurri Kurri, NSW",,,jora,new,https://au.jora.com/job/Ground-Crew-47e6cfb84d50e0c4fbdabbcda9e9b230
5321,13,Harvey Norman,Administration Clerk,"Mitchell Park, SA",,,jora,new,https://au.jora.com/job/Administration-Clerk-92cd5763d64cdc355e17b3fa4035c9e2
5362,13,People First Bank,"Member Experience Officer - Heritage Bank, Warwick Branch","Warwick, QLD",,,jora,new,https://au.jora.com/job/Experience-Officer-7df9738bbeb38741718beec7d6c02732
5223,12,Toll Group,Operations Manager - BOC SEQ,"Rocklea, QLD, (Remote)",,2026-08-12,jora,new,https://au.jora.com/job/Operations-Manager-8d580d3db620252bc24ea9ceef0abeb7
5236,12,Home Of Industrial Ideas,Service Planner,"Sydney, NSW",,2026-08-12,jora,new,https://au.jora.com/job/Service-Planner-c0f2b90b7bf0424d802b66488d16f324
5259,12,Kuatro Build Pty Ltd,Experienced accounts payable officer,"Bowral, NSW","$85,000 - $100,000 /yearly",2026-08-12,jora,new,https://au.jora.com/job/Accounts-Payable-Officer-cc36ddd6d8b22421eafd5da26efdb9af
4813,12,JK Personnel,Customer Service Associate,"Sydney, NSW",,2026-08-11,jora,new,https://au.jora.com/job/Customer-Service-Associate-f871e8b40bd05140a9c79f6a61924d94
4930,12,EducationHQ,Canteen Assistant - Yeronga State High School,"Brisbane, QLD",,2026-08-11,jora,new,https://au.jora.com/job/Canteen-Assistant-b935e969bb99ac8c3ee82bba77c5a2eb
4983,12,Sydney Design School,Accountant,"North Sydney, NSW","$75,000 - $90,000 /yearly",2026-08-11,jora,new,https://au.jora.com/job/Accountant-fbce6889fabd32fe52e220c81cbd1b1e
5082,12,Hassett People Solutions,Finance Analyst Contract,"Melbourne, VIC","$110,000 /yearly",2026-08-11,jora,new,https://au.jora.com/job/Finance-Analyst-Contract-709f9c3d250fa26b041a524252ed238a
3884,12,Falcon Fleet Corp Pty Ltd,Office Manager,"Perth, WA","$85,000 /yearly",2026-08-08,jora,new,https://au.jora.com/job/Office-Manager-193d2885f8b13d6d95f87d81c848ba28
2234,12,Moody's Corporation,Associate Product Consultant,"Sydney, New South Wales",,2026-08-04,linkedin,new,https://www.linkedin.com/jobs/view/4431723948
2503,12,Transport for NSW,Manager Procurement Assurance & Compliance,"Mascot, NSW",,2026-08-04,indeed,new,https://au.indeed.com/viewjob?jk=64b0aa442afcb3e0
1974,12,UNSW,Program Coordinator,"Sydney, New South Wales",,2026-08-03,linkedin,new,https://www.linkedin.com/jobs/view/4445869390
2490,12,Alo,Visual Lead - Sydney CBD,"Sydney, NSW",,2026-08-03,indeed,new,https://au.indeed.com/viewjob?jk=255e4b9c1d072002
2517,12,Transport for NSW,Bus Depot & Infrastructure Lead,"Mascot, NSW",,2026-08-02,indeed,new,https://au.indeed.com/viewjob?jk=9aeec6ab9b8f732e
1604,12,Transport for NSW,Product Analyst TfNSW Grade 7,"Parramatta, New South Wales",,2026-07-31,linkedin,new,https://www.linkedin.com/jobs/view/4447255974
1670,12,The HR Ally,ISAM Developer-Australia Only,"Sydney, New South Wales",,2026-07-31,linkedin,new,https://www.linkedin.com/jobs/view/4446973132
1734,12,ASC Pty Ltd,People & Culture Business Partner,"Taperoo, South Australia",,2026-07-31,linkedin,new,https://www.linkedin.com/jobs/view/4447280779
1735,12,ASC Pty Ltd,People & Culture Business Partner,"Wattleup, Western Australia",,2026-07-31,linkedin,new,https://www.linkedin.com/jobs/view/4447266973
1914,12,Auto & General Australia,"Lifestyle (Motorcycle, Pet and Travel) Product & Underwriting","Brisbane, Queensland, (Remote)",,2026-07-31,linkedin,new,https://www.linkedin.com/jobs/view/4437967508
1004,12,JAMS.TV Pty Ltd,ソフトウェアエンジニア・デベロッパーのインターン【シドニー】,"Millers Point, New South Wales",,2026-07-28,linkedin,new,https://www.linkedin.com/jobs/view/4445497487
1142,12,GHD,"GHD Graduate Program 2026/27 - Asset Management - Brisbane, Sydney, Perth","Sydney, New South Wales",,2026-07-28,linkedin,new,https://www.linkedin.com/jobs/view/4436534379
1207,12,Mattox Solution,Cloud Architect (AWS),"Sydney, New South Wales",,2026-07-28,linkedin,new,https://www.linkedin.com/jobs/view/4446312854
1570,12,GHD,"GHD Graduate Program 2026/27 - Asset Management - Brisbane, Sydney, Perth","Brisbane, Queensland",,2026-07-28,linkedin,new,https://www.linkedin.com/jobs/view/4436521999
880,12,BJAK,Technical Product Manager,"Sydney, New South Wales, (Remote)",,2026-07-27,linkedin,new,https://www.linkedin.com/jobs/view/4445922190
928,12,Renaissance InfoSystems,Data Modeller/AI & Data Analytics Architect,"Sydney, New South Wales",,2026-07-27,linkedin,new,https://www.linkedin.com/jobs/view/4442805225
1073,12,Ecommerce Guide,Entry Category Buyer - Own Brand @ Fashion Ecommerce,"Sydney, New South Wales, (Remote)",,2026-07-27,linkedin,new,https://www.linkedin.com/jobs/view/4445959475
889,12,LION Digital - UK,Project Manager – Digital Marketing Channels,"Greater Sydney Area, (Remote)",,2026-07-26,linkedin,new,https://www.linkedin.com/jobs/view/4442376606
482,12,"KBR, Inc.",Graduate LCNC Developer,"Brisbane, Queensland",,2026-07-24,linkedin,new,https://www.linkedin.com/jobs/view/4444072574
524,12,Peoplebank,Data Analyst/Data Scientist,"Canberra, Australian Capital Territory",,2026-07-24,linkedin,new,https://www.linkedin.com/jobs/view/4444779328
547,12,Heidi,"Product Manager, Apps","Melbourne, Victoria",,2026-07-24,linkedin,new,https://www.linkedin.com/jobs/view/4370502115
557,12,Aphex,Product Manager,Unknown,,2026-07-24,linkedin,new,https://www.linkedin.com/jobs/view/4416140746
206,12,Westpac Group,Product Manager,"Sydney, New South Wales",,2026-07-23,linkedin,new,https://www.linkedin.com/jobs/view/4444243605
214,12,OurPath,Product Development Manager - Energy Solutions,"Sydney, New South Wales",,2026-07-23,linkedin,new,https://www.linkedin.com/jobs/view/4442001364
369,12,IBM,Associate Business Transformation Consultant-Data Analytics,"Perth, Western Australia",,2026-07-23,linkedin,new,https://www.linkedin.com/jobs/view/4444298602
705,12,NSW State Emergency Service,"Solution Architect, Clerk Grade 9/10, State Headquarters Wollongong","Wollongong, New South Wales",,2026-07-23,linkedin,new,https://www.linkedin.com/jobs/view/4444264516
15,12,La Valencia Hotel- Spa Grand Opening,Barback - Luxury Property,"La Jolla, CA",,2026-07-22,indeed,new,https://www.indeed.com/viewjob?jk=81a742943b4e75d1
219,12,Valvoline Global Operations,Junior Product & Brand Manager,"Baulkham Hills, New South Wales",,2026-07-22,linkedin,new,https://www.linkedin.com/jobs/view/4435507195
371,12,bp,"Graduate - Supply, Trading & Shipping Programme - Australia 2027","Docklands, Victoria, (Remote)",,2026-07-21,linkedin,new,https://www.linkedin.com/jobs/view/4395577181
3951,12,Animal Welfare League QLD,Animal Attendant,"Coombabah, QLD",$28 - $29 /hourly,2026-07-09,jora,new,https://au.jora.com/job/Animal-Attendant-568942fc3bfcabfae1c6a644458c7ea7
3965,12,AWQLD Animal Welfare League Queensland,Animal Attendant,"Coombabah, QLD",$28 - $29 /hourly,2026-07-09,jora,new,https://au.jora.com/job/Animal-Attendant-1bb19d202c7a5442a1a0d81098559e32
3903,12,Mitchell Shire Council,Operations Supervisor (South),"Melbourne, VIC",$78 - $89 /yearly,,jora,new,https://au.jora.com/job/Operations-Supervisor-c8275a156beaa87ad7010ba365df2158
4666,12,Employment type:,Transport Liaison Officer,Western Australia,,,jora,new,https://au.jora.com/job/Liaison-Officer-7dfaef300c57199c87fd885541f0456f
4668,12,Engineering Trades Australia,FIFO Site Administrator,"Western Australia, (Remote)",,,jora,new,https://au.jora.com/job/Site-Administrator-42f303a4065adaadc9b620ae7201fbdb
4686,12,Randstad,Forklift Driver,"Melbourne, VIC",,,jora,new,https://au.jora.com/job/Forklift-Driver-582a5155b97c69aa11f8d638a3eb6dee
4923,12,Northern Star Resources,Site Administrator - Health & Safety,"Kalgoorlie, WA, (Remote)",,,jora,new,https://au.jora.com/job/Site-Administrator-98948cd71434a47258650b44144a0304
4944,12,Department for Infrastructure and Transport SA,Service Delivery Officer (multiple roles),"Elizabeth, SA","$71,589 - $76,033 /yearly",,jora,new,https://au.jora.com/job/Service-Delivery-Officer-2a3bc6c36a0d0e44a5ebe0952f857479
4948,12,Queensland X-Ray,Bookings Officer,"South Brisbane, QLD",,,jora,new,https://au.jora.com/job/Booking-Officer-83d4bdd32036295e6b58034eda8dc580
4977,12,Capital Logistics,Warehouse Storeperson,"Perth, WA","$70,000 - $75,000 /yearly",,jora,new,https://au.jora.com/job/Warehouse-Storeperson-2ce7682c0c9442251e0a6174afe107ef
4986,12,All Hallows' School,Administrative Assistant Pastoral Care,"Brisbane, QLD",,,jora,new,https://au.jora.com/job/Administrative-Assistant-Pastoral-eb2de8077c254dc06a2a088b71f8553c
4992,12,Hays Recruitment,Reception/Office Coordinator,"Sydney CBD, NSW","$70,000 - $75,000 /yearly",,jora,new,https://au.jora.com/job/Office-Coordinator-f3c735f4b17f132d744ae08756755931
4999,12,Nationwide Group,Operations Support Coordinator,"Silverwater, NSW",,,jora,new,https://au.jora.com/job/Operations-Support-Coordinator-1ed9f1f565066179b2c9df06fceb2751
5036,12,Compass Group,Operations Manager,"Melbourne, VIC",,,jora,new,https://au.jora.com/job/Operations-Manager-1004077144d0056ab12a80c1ac10a796
5072,12,Government schools,Student Support Worker,"Melbourne, VIC",,,jora,new,https://au.jora.com/job/Support-Worker-0021b75175ca29db21c581df99783b3d
5150,12,Korn Ferry,Executive Assistant,"Sydney, NSW",,,jora,new,https://au.jora.com/job/Executive-Assistant-171f615028058a1b027ca9aca9deb4af
5095,11,Kaplan Australia,"Editorial Assistant, JALT","Sydney, NSW, (Remote)",,2026-08-11,jora,new,https://au.jora.com/job/Editorial-Assistant-c3007b6752a9bb60f294789b8d9d1b92
5123,11,Stockland,Customer Service Specialist - MPC,"Melbourne, VIC",,2026-08-11,jora,new,https://au.jora.com/job/Customer-Service-Specialist-298a4b02db34b40acdc3fd4fcef0b721
5141,11,Asiatic Pantry,Office Manager,"Carrum, VIC","$80,000 - $90,000 /yearly",2026-08-11,jora,new,https://au.jora.com/job/Office-Manager-79505f4fdd03c11cc6dbab260ab65e91
4409,11,Trusted Hearing Pty Ltd,Receptionist/Front of House,"Doncaster East, VIC",$30 - $35 /hourly,2026-08-10,jora,new,https://au.jora.com/job/Receptionist-dc1c27b1b2ca6bc5c4e89ec4f3f23301
3934,11,Hays Recruitment,Customer Service,"Adelaide, SA",,2026-08-08,jora,new,https://au.jora.com/job/Customer-Service-ed35bbcac584e91e7b72ca452b84b784
3937,11,Police Bank,Customer Service Officer - kick start a career in Banking!,"Surry Hills, NSW",,2026-08-08,jora,new,https://au.jora.com/job/Customer-Service-Officer-46213d01431eef4dc202dab5dd4e5cb0
3978,11,Penelope Resources Pty Ltd,Moxy Dump Truck - Scraper- Compactor Operators,"Camden, NSW",$35 - $45 /hourly,2026-08-08,jora,new,https://au.jora.com/job/Compactor-Operator-485236174460b1d68d60095b9ba6f875
4009,11,Morgan Consulting,Procurement Officer,"Melbourne, VIC","$90,000 - $95,000 /yearly",2026-08-08,jora,new,https://au.jora.com/job/Procurement-Officer-6fc84df0503fabad1b7274b706fefaaf
4010,11,Dash Group,Recruitment Resourcer - Trades & Labour Hire,"Milton, QLD",,2026-08-08,jora,new,https://au.jora.com/job/Recruitment-Resourcer-d7152a5f52136c75145888c09891d377
4039,11,West Coast Orthopaedic Centre,Medical Secretary/PA,"Subiaco, WA",$38 - $45 /hourly,2026-08-08,jora,new,https://au.jora.com/job/Medical-Secretary-653c4238fc2f993a7852e8c2bfa4dcc3
4105,11,McCabe Transport,Accounts Assistant / Administration,"Unanderra, NSW, (Remote)",$32 - $40 /hourly,2026-08-08,jora,new,https://au.jora.com/job/Accounts-Assistant-ed56712d3d86fb75b4f174d955f0d94a
4113,11,Spano Holdings,Retail Assistant / Store Team Member,"Gold Coast, QLD",,2026-08-08,jora,new,https://au.jora.com/job/Retail-Assistant-Store-8179dadd828b4123efc624147f2a8047
4114,11,Royal Queensland Yacht Squadron,Accounts Officer,"Manly, QLD, (Remote)",,2026-08-08,jora,new,https://au.jora.com/job/Accounts-Officer-c82faf97a37a1fa786a9431da6fbdc9d
4146,11,Sonya Moda,Studio & Operations Coordinator,"Gregory Hills, New South Wales",,2026-08-08,linkedin,new,https://www.linkedin.com/jobs/view/4450569857
4156,11,AI Talent,Transport Engineer,"Barangaroo, NSW, (Remote)",,2026-08-08,indeed,new,https://au.indeed.com/viewjob?jk=682e209ecf93e6aa
4157,11,AI Talent,Geologist,"Barangaroo, NSW, (Remote)",,2026-08-08,indeed,new,https://au.indeed.com/viewjob?jk=9d1bf007e66e0946
3545,11,Macweld Fabrications ,Graduate Civil Engineer,"Mortdale, NSW",,2026-08-07,indeed,new,https://au.indeed.com/viewjob?jk=9fd824cc4918f189
3603,11,Diagnostic Services,SPECIMEN COLLECTORS (PHLEBOTOMISTS),"Hobart, TAS",$30 - $34 /hourly,2026-08-07,jora,new,https://au.jora.com/job/Specimen-Collector-82900add23a82902c173923d3069b70b
3635,11,Intro Recruitment Solutions,Project Management Support Officer,"Rockhampton, QLD",,2026-08-07,jora,new,https://au.jora.com/job/Project-Management-Support-Officer-8ac91db1a6e7d80a4354eb1631e41786
3704,11,Horner Recruitment,Business Support Officer - Local Government,"Melbourne, VIC",$35 - $50 /hourly,2026-08-07,jora,new,https://au.jora.com/job/Business-Support-Officer-b2517a9501df19ca438b73b986f6cd75
3709,11,Perigon Group,Finance Admin,"Sydney, NSW","$90,000 - $95,000 /yearly",2026-08-07,jora,new,https://au.jora.com/job/Finance-Admin-fd0f2d7617965de725c5fc8c328edf71
3832,11,MANN+HUMMEL,Product Management Intern,"Pymble, New South Wales",,2026-08-07,linkedin,new,https://www.linkedin.com/jobs/view/4448778039
3838,11,Mastercard,"Specialist, Product Management","St Leonards, New South Wales",,2026-08-07,linkedin,new,https://www.linkedin.com/jobs/view/4448766312
2817,11,Churches of Christ in Queensland,Casual Administration Officer,"Urraween, QLD",,2026-08-06,jora,new,https://au.jora.com/job/Administration-Officer-2b43336b045494f673c13b76e0adeca3
2959,11,Federal Circuit and Family Court of Australia,Client Service Officer,"Sydney, NSW",,2026-08-06,jora,new,https://au.jora.com/job/Client-Service-Officer-d84b29f7c93b1c369b5382ee72351916
3055,11,Eden Ritchie Recruitment,Project Support Officer,"Buderim, QLD",$51 /hourly,2026-08-06,jora,new,https://au.jora.com/job/Project-Support-Officer-194ffd0f11e8967469aa697c10bf6d4d
3184,11,VicRoads Registration and Licensing Services (RLS),Casual Customer Service Officer/ Licence Testing Officer,"Kennington, VIC",$32 /hourly,2026-08-06,jora,new,https://au.jora.com/job/Casual-Customer-Service-8705ff6a3337b1ae59b35d1a604de81a
2306,11,Hunter Philips Executive Search,Grid Connection Manager - Developer in Renewables,"Sydney, New South Wales",,2026-08-05,linkedin,new,https://www.linkedin.com/jobs/view/4449447292
2873,11,Kolvera.io,Technology / SaaS hiring demand in Australia,Greater Sydney Area,,2026-08-05,linkedin,new,https://www.linkedin.com/jobs/view/4449623883
2162,11,BDO in Australia,Graduate Program - Sydney,"Sydney, New South Wales",,2026-08-04,linkedin,new,https://www.linkedin.com/jobs/view/4439800837
2191,11,BDO in Australia,Vacation Program - Canberra,"Canberra, Australian Capital Territory",,2026-08-04,linkedin,new,https://www.linkedin.com/jobs/view/4439817297
2456,11,⍜ Telescope AI,Forward Deployed Product Manager,"Sunshine Coast, Queensland",,2026-08-04,linkedin,new,https://www.linkedin.com/jobs/view/4447302184
2509,11,Transport for NSW,Program Manager E,"Mascot, NSW",,2026-08-04,indeed,new,https://au.indeed.com/viewjob?jk=9d2bc4f0133f9b41
1947,11,ASIC,2027 GRADUATE PROGRAM,"Sydney, New South Wales",,2026-08-03,linkedin,new,https://www.linkedin.com/jobs/view/4448130057
1968,11,Unitywater,Vacation Student - Operations Technology,"Moreton Bay, Queensland",,2026-08-03,linkedin,new,https://www.linkedin.com/jobs/view/4447917187
1985,11,Western Carolina University Center for Career and Professional Development,Helpdesk Analyst,"Sydney, New South Wales",,2026-08-03,linkedin,new,https://www.linkedin.com/jobs/view/4448126577
2007,11,NEC Australia,Product Manager,"Sydney, New South Wales",,2026-08-03,linkedin,new,https://www.linkedin.com/jobs/view/4447695498
2012,11,NSW TrainLink,Program Manager,"Sydney, New South Wales",,2026-08-03,linkedin,new,https://www.linkedin.com/jobs/view/4448160754
2014,11,City of Sydney,Marketing Communications Manager,"Sydney, New South Wales",,2026-08-03,linkedin,new,https://www.linkedin.com/jobs/view/4447688962
2029,11,Lyrebird Health,Growth Product Manager,"Sydney, New South Wales",,2026-08-03,linkedin,new,https://www.linkedin.com/jobs/view/4448132222
2032,11,Lyrebird Health,Growth Product Manager,"Melbourne, Victoria",,2026-08-03,linkedin,new,https://www.linkedin.com/jobs/view/4448120917
2035,11,NEC Australia,Product Manager,"Melbourne, Victoria",,2026-08-03,linkedin,new,https://www.linkedin.com/jobs/view/4447694467
2041,11,Ignite Travel Group,"Product Manager (My Holidays) - Broadbeach, QLD","Gold Coast, Queensland",,2026-08-03,linkedin,new,https://www.linkedin.com/jobs/view/4439793663
2051,11,TAFE NSW,Data Scientist,"Sydney, New South Wales",,2026-08-03,linkedin,new,https://www.linkedin.com/jobs/view/4447673732
2245,11,Equifax,Product Manager,"Sydney, New South Wales",,2026-08-03,linkedin,new,https://www.linkedin.com/jobs/view/4439411041
2515,11,Transport for NSW,Program Manager,"Sydney, NSW",,2026-08-03,indeed,new,https://au.indeed.com/viewjob?jk=85d3327505e1ff06
1898,11,Ministère  des Transports terrestres et aériens du Sénégal,System Engineer,"Sydney, New South Wales, (Remote)",,2026-08-02,linkedin,new,https://www.linkedin.com/jobs/view/4447660034
2472,11,Stantec,2027 Graduate Electrical Engineer - Buildings,"St Leonards, NSW",,2026-08-02,indeed,new,https://au.indeed.com/viewjob?jk=6deb90386026edc7
2518,11,Transport for NSW,Legal Assistant,"Mascot, NSW",,2026-08-02,indeed,new,https://au.indeed.com/viewjob?jk=860198b72cfda558
1830,11,Heidi,"Technical Program Manager, Integrations","Melbourne, Victoria",,2026-07-31,linkedin,new,https://www.linkedin.com/jobs/view/4438874562
1837,11,Brewnity Third Places,Brewer/Distiller,"Artarmon, New South Wales",,2026-07-31,linkedin,new,https://www.linkedin.com/jobs/view/4446967648
1916,11,The Arnott's Group,AI Enablement and Adoption Lead,"Cabarita, New South Wales",,2026-07-31,linkedin,new,https://www.linkedin.com/jobs/view/4446978720
1917,11,The Arnott's Group,AI Enablement and Adoption Lead,"Strathfield, New South Wales",,2026-07-31,linkedin,new,https://www.linkedin.com/jobs/view/4447258842
1994,11,Thinkproject,Presales Expert Consultant (f/m/d),"Sydney, New South Wales",,2026-07-31,linkedin,new,https://www.linkedin.com/jobs/view/4445529735
1999,11,Investinit,"Commercial Solutions Consultant, Sydney","Sydney, New South Wales",,2026-07-31,linkedin,new,https://www.linkedin.com/jobs/view/4445510886
1421,11,Capstone Recruitment,Commercial Lead - Residential Developer,"Sydney, New South Wales",,2026-07-30,linkedin,new,https://www.linkedin.com/jobs/view/4446722016
1625,11,Stuart Alexander & Co.,Assistant Brand Manager,"Sydney, New South Wales, (Remote)",,2026-07-30,linkedin,new,https://www.linkedin.com/jobs/view/4444559360
1841,11,Twine,Freelance Application Developer - Gameplay & UI,(Remote),,2026-07-30,linkedin,new,https://www.linkedin.com/jobs/view/4445042399
4203,11,Tutero,Online Tutoring: Work from Home,"Sydney CBD, NSW, (Remote)",$34 - $50 /hourly,2026-07-30,jora,new,https://au.jora.com/job/Online-Tutoring-Work-c903d6c7c7427adac1aa4643d325fe5d
1077,11,Precision Sourcing,Linux System Engineer,"Sydney, New South Wales",,2026-07-28,linkedin,new,https://www.linkedin.com/jobs/view/4436586576
1110,11,Profusion,"Product Manager, Funds & Investments","Sydney, New South Wales",,2026-07-28,linkedin,new,https://www.linkedin.com/jobs/view/4445470574
1122,11,Mattox Solution,Mobile Developer (React Native),"Sydney, New South Wales",,2026-07-28,linkedin,new,https://www.linkedin.com/jobs/view/4446319397
1171,11,ElevenLabs,Enterprise Solutions Engineer - ANZ,Unknown,,2026-07-28,linkedin,new,https://www.linkedin.com/jobs/view/4408519596
467,11,Arthrex,Product Manager - Extremities & Trauma AU,"Sydney, New South Wales, (Remote)",,2026-07-24,linkedin,new,https://www.linkedin.com/jobs/view/4444309614
530,11,Profusion,Data & Systems Analyst - Investments,"Sydney, New South Wales",,2026-07-24,linkedin,new,https://www.linkedin.com/jobs/view/4444314271
537,11,CAR Group,Strategic Designer,"Melbourne, Victoria, (Remote)",,2026-07-24,linkedin,new,https://www.linkedin.com/jobs/view/4444914444
725,11,Arthrex APAC,Product Manager - Extremities & Trauma AU,"Sydney, New South Wales, (Remote)",,2026-07-24,linkedin,new,https://www.linkedin.com/jobs/view/4444777481
795,11,The Lemon Consulting,Influencer/Partnership Manager for online Casino brand,"Sydney, New South Wales, (Remote)",,2026-07-24,linkedin,new,https://www.linkedin.com/jobs/view/4444787318
256,11,Velan Consulting Pty Ltd,Product Manager,(Remote),,2026-07-23,linkedin,new,https://www.linkedin.com/jobs/view/4444282533
419,11,Maincode,AI Research Resident,"Melbourne, Victoria",,2026-07-23,linkedin,new,https://www.linkedin.com/jobs/view/4426211654
18,11,Surf City Nissan,Sales Appointment Setter (Call Center),"Corona, CA",,2026-07-22,indeed,new,https://www.indeed.com/viewjob?jk=e35c79224da09a8d
147,11,Florsheim Australia Pty Ltd,Product Manager,"Surrey Hills, Victoria",,2026-07-21,linkedin,new,https://www.linkedin.com/jobs/view/4443305769
68,11,Plexus,Graduate Engineer,"Melbourne, Victoria",,2026-07-20,linkedin,new,https://www.linkedin.com/jobs/view/4434162885
134,11,"NTT DATA, Inc.",Product Manager (Remote),(Remote),,2026-07-20,linkedin,new,https://www.linkedin.com/jobs/view/4442025400
144,11,"NTT DATA, Inc.",Product Manager,"Canberra, Australian Capital Territory, (Remote)",,2026-07-20,linkedin,new,https://www.linkedin.com/jobs/view/4442030659
3866,11,MedicalJobsAustralia,Hospitality Services Assistant (Cleaners),"Melbourne, VIC",,,jora,new,https://au.jora.com/job/Hospitality-Services-Assistant-1a12c2080833b948ed4981b1647e3c95
3936,11,Job Connect,Factory Assembly Labourers – Timber Industry – Brendale Area,"Brisbane, QLD",$33 - $35 /hourly,,jora,new,https://au.jora.com/job/Assembly-Labourers-f4fed7a8cdd794e0a03f0650f111dacf
3962,11,Funnybone cafe,Cafe All rounder,"Helensvale, QLD",$30 - $35 /hourly,,jora,new,https://au.jora.com/job/Cafe-All-rounder-cbd8210c0ced950147185e8af137866e
3994,11,L'Oreal,Beauty Advisor,"Adelaide, SA",,,jora,new,https://au.jora.com/job/Beauty-Advisor-d8be18343f5ff74d431601fc4c1007e6
4021,11,Alepat Taylor,"Account Manager- Wine, Spirits, RTD & Beer","Adelaide, SA",,,jora,new,https://au.jora.com/job/Account-Manager-67678cd626388f72976ea3e1f4538387
4025,11,Liverpool City Council,Events Officer (Civic Events),"Sydney, NSW","$78,422 - $85,762 /yearly",,jora,new,https://au.jora.com/job/Events-Officer-a3ee549a311d4dea1197ca27101d00a0
4029,11,Southport Surf Life Saving Club,Duty Manager,"Main Beach, QLD","$82,000 /yearly",,jora,new,https://au.jora.com/job/Duty-Manager-4c33c137fa70db25cdeb65e1f5a550eb
4089,11,Cobram Hotel,Bar and Gaming Attendent,"Cobram, VIC",,,jora,new,https://au.jora.com/job/Bar-and-Gaming-8dfc688e492cee1b465fd56177cfa2b8
4208,11,"Prospect, AU #job-location.job-location-inline { display: inline; }","Associate Dispenser I OPSM I Part Time I North Lakes, SA","Prospect, SA",,,jora,new,https://au.jora.com/job/Associate-Dispenser-I-d82a5735bc2be961813dc54527a24acb
4213,11,Randstad,Data Entry Operator,"Sydney, NSW",$36 - $37 /hourly,,jora,new,https://au.jora.com/job/Data-Entry-Operator-494976c631a3600502d2bf7ea839fb5d
4331,11,Randstad,Inventory Controller,"Sydney Western Suburbs, NSW",$44 - $50 /hourly,,jora,new,https://au.jora.com/job/Inventory-Controller-95e5633151b7df944dc8402f97f02152
4333,11,Randstad,Fraud & Scams Officer,"Sydney, NSW",$45 - $46 /hourly,,jora,new,https://au.jora.com/job/Officer-bab71d8d9eccd779048373f6f3941810
4449,11,Quest Apartment Hotels,Housekeeper / Room Attendant,"Newcastle West, NSW",$33 - $47 /hourly,,jora,new,https://au.jora.com/job/Room-Attendant-143ff86df36c071b9dba8e298523eeab
4530,11,Department of Education Victoria,Teacher Aide,"Coburg North, VIC",,,jora,new,https://au.jora.com/job/Teacher-Aide-1211833d288b07e8d31c41067e6057f7
4561,11,Mondrian,Guest Service Agent,"Burleigh Heads, QLD",,,jora,new,https://au.jora.com/job/Guest-Service-Agent-989f88b24496ad38692ed40a4e2ddc98
4562,11,Buildsafe Australia,Yard Hand,"Laverton North, VIC",$36 - $41 /hourly,,jora,new,https://au.jora.com/job/Yard-Hand-ae4acb2d00ab8d1cdc85659d2626e4df
4578,11,Harvey Norman,Storeperson,"Warragul, VIC",,,jora,new,https://au.jora.com/job/Storeperson-f8070464b5e65ffd050cf2f1e515630b
4726,11,Momentum Consulting,Storeperson,"Truganina, VIC",,,jora,new,https://au.jora.com/job/Storeperson-6ea9f0f0d0dd0891816f740961dc8c13
4917,11,BOQ Group,Customer Relationship Specialist,"Mount Gravatt, QLD",,,jora,new,https://au.jora.com/job/Customer-Relationship-Specialist-5daeed7e308678abe9c37d6f26d5a905
4932,11,Cabin Services Australia,Ramp & Cargo Operator,"Garbutt, QLD",,,jora,new,https://au.jora.com/job/Cargo-Operator-956f03ea20b5b92707dc2af2d2a045f8
5107,11,Department of Government Services,Team Manager,"Melbourne, VIC","$100,894 - $114,476 /yearly",,jora,new,https://au.jora.com/job/Team-Manager-db1862b059afae5a62af724a8791de41
5110,11,Department of Education Victoria,Administration / Reception,"Berwick, VIC",,,jora,new,https://au.jora.com/job/Administration-Reception-77a5e28056e8afba53d2c11e1d0f4137
5128,11,RACWA,Assistant Accountant,"Joondalup, WA, (Remote)",,,jora,new,https://au.jora.com/job/Assistant-Accountant-5bd14ae474a6dfdb619d8861b12a4d72
5133,11,Department of Government Services,Team Manager,"Ballarat, VIC","$100,894 - $114,476 /yearly",,jora,new,https://au.jora.com/job/Team-Manager-6a798389ce4960501c609672eb538f12
5293,11,Talent International,Treasury Analyst,"Sydney, NSW",,,jora,new,https://au.jora.com/job/Treasury-Analyst-27f297434e899e5352588d1d0461408b
5313,11,HITCH,Accounts Coordinator,"Sydney CBD, NSW",,,jora,new,https://au.jora.com/job/Accounts-Coordinator-742e22893d73ee76dd17292e8eb7ff38
5240,10,Shine Lawyers,Administration Assistant / Paralegal,"Perth, WA",,2026-08-12,jora,new,https://au.jora.com/job/Assistant-Paralegal-ac0bfb03fe406e9e8661017651f0377b
5325,10,Cogent Resources,Machine Operator Day and Afternoon Shift - Immediate Start,"Ingleburn, NSW",$33 - $38 /hourly,2026-08-12,jora,new,https://au.jora.com/job/Machine-Operator-b646da213f7d5490cda1dccd0c07a784
5342,10,Queensland Department of Education,Business Support Officer - Early Childhood Programs and Funding,"Brisbane, QLD","$106,339 - $115,360 /yearly",2026-08-12,jora,new,https://au.jora.com/job/Business-Support-Officer-b69d6731da9b008f1dd89d7a6504b6c2
5345,10,Queensland Department of Education,Teacher Aide - Herberton State School,"Cairns, QLD","$63,141 - $67,657 /yearly",2026-08-12,jora,new,https://au.jora.com/job/Teacher-Aide-Herberton-48fc1edffb31ba413df60827cf257505
5347,10,Aston Advantage,Storeperson New,Queensland,$38 /hourly,2026-08-12,jora,new,https://au.jora.com/job/Storeperson-0bfaa774912a9605baea2dd553adf03e
5356,10,qube.recruit.consult,TEMP - EA/TA/Admin,"Sydney CBD, NSW",$35 - $65 /hourly,2026-08-12,jora,new,https://au.jora.com/job/TEMP-EA-TA-6dfd7fbb4f2f5955605e0e9ce0f7b871
4805,10,Hays Recruitment,Assistant Accountant,"Elanora, QLD",,2026-08-11,jora,new,https://au.jora.com/job/Assistant-Accountant-02f5bd2b785154e69857a15fb961fbb9
4821,10,Bromleys Bread,Bread Packer,"Moorabbin, VIC",$36 - $40 /hourly,2026-08-11,jora,new,https://au.jora.com/job/Packer-00ea42ca5ff117e12f6872280f3562a0
4890,10,Omni Recruit,Production Worker - Regional,"Jindivick, VIC",$34 /hourly,2026-08-11,jora,new,https://au.jora.com/job/Production-Worker-9b2b90daa73316c43c1a95706cf0bb7d
4905,10,All Purpose Pumps,Customer Experience Manager,"Hoppers Crossing, VIC","$100,000 - $130,000 /yearly",2026-08-11,jora,new,https://au.jora.com/job/Customer-Experience-Manager-f6b7d9df1e114bccf8aaed47a6b91744
4906,10,EducationHQ,Administration Officer - Loganlea State High School,"Logan, QLD",,2026-08-11,jora,new,https://au.jora.com/job/Administration-Officer-c7fc944d288229c6abeb1e79d2e5826b
4909,10,Orthotic Solutions QLD Pty Ltd,Administration Officer,"Chermside, QLD",,2026-08-11,jora,new,https://au.jora.com/job/Administration-Officer-fcbf5b54c4bd376703e0148d7e71f10a
4913,10,Hays Recruitment,IT Support Officer - L2,"South West, WA",,2026-08-11,jora,new,https://au.jora.com/job/IT-Support-Officer-59095e0ffccba7527cb945235264cea8
4933,10,EducationHQ,Teacher Aide (Educational Interpreter - Auslan) - Statewide Talent Pool,"Brisbane, QLD",,2026-08-11,jora,new,https://au.jora.com/job/Interpreter-7d8d2536f15a228858f5b1519e59a970
4974,10,Australia Post,Motorcycle Delivery Driver,"Darra, QLD",,2026-08-11,jora,new,https://au.jora.com/job/Motorcycle-Delivery-Driver-af9ba50c3654e2bc1ad445cd5d124349
5010,10,Haigh's Chocolates,Part-time Retail Assistant - Canberra Centre,"Canberra, ACT",,2026-08-11,jora,new,https://au.jora.com/job/Part-time-Retail-d396725f3d809773d71ae7bae8905345
5061,10,Emmbr,Desktop Support Specialist,"Melbourne, VIC, (Remote)",,2026-08-11,jora,new,https://au.jora.com/job/Desktop-Support-Specialist-2d7908b09f48d1a761dd5e70e075c4e3
5066,10,Experis,Visitor Experience & Tour Guides,"Wide Bay, QLD",$34 /hourly,2026-08-11,jora,new,https://au.jora.com/job/Tour-Guide-fd87d572ddd82b0075a388790aefefb9
5088,10,ING,Collections Officer - Multiple opportunities available,"Sydney, NSW",,2026-08-11,jora,new,https://au.jora.com/job/Collections-Officer-e61407eab3be3adcce58aadc37a1c2ee
5089,10,Stafflink Workforce Management,Factory Hand with Forklift Licence - Afternoon Shift,"Wacol, QLD",,2026-08-11,jora,new,https://au.jora.com/job/Factory-Hand-d5dccfb82f91665a6f22036452a494bf
5090,10,On Track Recruitment Solutions,Trade Assistant - Rollingstock Support,"Nowergup, WA",$52 - $62 /hourly,2026-08-11,jora,new,https://au.jora.com/job/Trade-Assistant-Rollingstock-055707ed63f46c4420ef2bc99d2f8e63
5094,10,Australia Post,Mail Officer,"Northgate, QLD",,2026-08-11,jora,new,https://au.jora.com/job/Mail-Officer-c53fa82dd93c236e46898327b86b126f
5116,10,National Workforce,TESTING ONLY - do not use,"Sydney, NSW",,2026-08-11,jora,new,https://au.jora.com/job/TESTING-ONLY-do-632f2867fabb48cb6591fc93afd5afd8
4384,10,Ears R Us,Office Admin/Reception,"Norwest, NSW",,2026-08-10,jora,new,https://au.jora.com/job/Office-Admin-Reception-c0a63cbfc8688a961250973bd0ba78b1
4416,10,Recruitly,Assessment Administration Officer,"Hawthorn, VIC",,2026-08-10,jora,new,https://au.jora.com/job/Administration-Officer-dcbd539d145a6275660fbee827de98f1
4695,10,Australian Red Cross Lifeblood,Order Fulfilment Officer,"Perth, WA",$36 /hourly,2026-08-10,jora,new,https://au.jora.com/job/Order-Fulfilment-Officer-c087b6d44360a1df8c61fc88da421794
4699,10,One Rail Australia,Trainee Locomotive Drivers - 2027,"Sarina, QLD",,2026-08-10,jora,new,https://au.jora.com/job/Locomotive-Driver-33241425ce2ab20e2c6f6498ba8e955c
4770,10,People Connect ICT Solutions,AI Developers,"Canberra, Australian Capital Territory",,2026-08-10,linkedin,new,https://www.linkedin.com/jobs/view/4451504616
4774,10,ETT CareerMove,AI Agent & Copilot Specialist,"Canberra, Australian Capital Territory",,2026-08-10,linkedin,new,https://www.linkedin.com/jobs/view/4451115010
4180,10,Mackays,Work For Us,"Tully, QLD",,2026-08-09,jora,new,https://au.jora.com/job/Work-For-Us-eb373bf32004a045e0de16da4cb1b9bd
4285,10,Sunshine Group Australia,Licensed Holiday Property Manager,"Cairns, QLD","$75,000 /yearly",2026-08-09,jora,new,https://au.jora.com/job/Property-Manager-4ca2d9698ce9bcd8ac49a0dc6d90fc26
4300,10,Masterol Foods,Administration & Logistics Officer,"Carole Park, QLD",$35 - $40 /hourly,2026-08-09,jora,new,https://au.jora.com/job/Logistics-Officer-2816f6828c02db7bbfe206c8649ed438
3764,10,Meshki,Fashion Warehouse Assistants - Goods In,"Turrella, NSW",,2026-08-08,jora,new,https://au.jora.com/job/Warehouse-Assistant-845832991c068c48234b24d77966db35
3766,10,Hitech Asia Pacific,IT Support/Entry level Cyber - Australian organisation,New South Wales,,2026-08-08,jora,new,https://au.jora.com/job/IT-Support-Entry-bfccc29373462f8f97cd6c7134f21ce6
3767,10,Allstaff Resources,Store Person,"Lonsdale, SA",,2026-08-08,jora,new,https://au.jora.com/job/Store-Person-19753f8499e52d9050b7e444ded101cf
3768,10,Reo Group,Account Manager,"Sydney, NSW","$120,000 - $130,000 /yearly",2026-08-08,jora,new,https://au.jora.com/job/Account-Manager-dc2e84d3636e5e155777cb1a19441fb0
3780,10,Department of Education,OHS Service Officer,"Melbourne Northern Suburbs, VIC","$100,894 - $114,476 /yearly",2026-08-08,jora,new,https://au.jora.com/job/OHS-Service-Officer-31ed48e7e35e1c35617eef7e747f6860
3785,10,Worthwhile Recruitment,Production Worker - Poultry Processing (Cut Up),"Sydney, NSW",$32 /hourly,2026-08-08,jora,new,https://au.jora.com/job/Production-Worker-64fe672ab384490313df11917dc60702
3790,10,Programmed Maintenance Services,Marketing Executive,"Sydney CBD, NSW","$110,000 /yearly",2026-08-08,jora,new,https://au.jora.com/job/Marketing-Executive-d5c2ab59448f640a4fc1f9165130c12a
3791,10,Employment type:,Customer Service Operator,"Midland, WA",,2026-08-08,jora,new,https://au.jora.com/job/Customer-Service-Operator-4614f2b9da7909d10fc36aec45614eb5
3805,10,Central Adelaide Local Health Network,Administration Services Officer; Network Operations Centre,"Adelaide, SA","$66,442 - $69,504 /yearly",2026-08-08,jora,new,https://au.jora.com/job/Administration-Services-Officer-627656cc99c3cabeb635ba6c50b0e629
3824,10,Suzanne Grae,"Part Time Sales Team Member - Gateway, WA","Perth Southern Suburbs, WA",,2026-08-08,jora,new,https://au.jora.com/job/Sales-Team-Member-21de53e84a62e6e4b3bdf67c73931e9e
3863,10,Grace Occupational Therapy,Customer Support & Administration Officer - Allied Health Practice,"Castle Hill, NSW","$67,000 - $74,000 /yearly",2026-08-08,jora,new,https://au.jora.com/job/Customer-Support-Administration-8e11b5dd9530c3fdfe7fabe55f22c55c
3874,10,MedicalJobsAustralia,Cleaner,"Brisbane, QLD",,2026-08-08,jora,new,https://au.jora.com/job/Cleaner-2deec6f91405b4d0a5cdb5a5ec2f3c3b
3875,10,Minor Hotels ANZ,Guest Service Agent,"Salamander Bay, NSW",$27 - $41 /hourly,2026-08-08,jora,new,https://au.jora.com/job/Guest-Service-Agent-9c5d00206e4281bafe8b9543a9a490e6
3925,10,Services Australia,ASP3 Service Officer,"Renmark West, SA",,2026-08-08,jora,new,https://au.jora.com/job/ASP3-Service-Officer-07487616428dbba3140ebe2829bee0e9
3929,10,The Pancake Parlour,Dawn Host,"Maribyrnong, VIC",,2026-08-08,jora,new,https://au.jora.com/job/Host-8a2cf4b94bd941c1e10e53346d2fcf8b
3933,10,Services Australia,APS3 Service Officer,"Kennington, VIC",,2026-08-08,jora,new,https://au.jora.com/job/APS3-Service-Officer-a735ca2bebf21fe35f8978f1bbb631bf
3974,10,City of Karratha,Youth Officer - YS,"Karratha, WA",,2026-08-08,jora,new,https://au.jora.com/job/Youth-Officer-832337b361c4fa065e86b3e87d0f2c76
3993,10,National Reinforcing,Construction Accountant,"Perth, WA",,2026-08-08,jora,new,https://au.jora.com/job/Construction-Accountant-1224d6c62da8f1674e8642cdd16ed050
3995,10,WKFC - Riverwood,Pick packer,"Burwood, NSW",,2026-08-08,jora,new,https://au.jora.com/job/Pick-packer-11f9c729b9c709613c3487547f9a9776
4007,10,C&H Recruitment,Asbestos Labourer,"Sydney, NSW",,2026-08-08,jora,new,https://au.jora.com/job/Asbestos-Labourer-c5ac86be0f232d3a2828bdc5f2d77fc7
4008,10,Atlas People,Utility,"Fremantle, WA",,2026-08-08,jora,new,https://au.jora.com/job/Utility-0c2f596f565396ea54a118c76c1f8e60
4031,10,Domino's Pizza,In Store Team Member Wyalla Toowoomba,"Newtown, NSW",,2026-08-08,jora,new,https://au.jora.com/job/In-Store-Team-0c71d1a7474ac6ae19f63d78a3436341
4036,10,Australia Zoo,Experienced Driver - Australia Zoo,"Beerwah, QLD",,2026-08-08,jora,new,https://au.jora.com/job/Driver-3c947804499e1a8bb773b3c139ea5160
4071,10,Bosch Global Real Estate,"Data Insights Analyst - Australia Only (Remote, Entry-Level)",(Remote),,2026-08-08,linkedin,new,https://www.linkedin.com/jobs/view/4450547787
4087,10,Job Connect,Factory Machine Operators - Up $35 - $38/hr + Penalties!,"Eagle Farm, QLD",$36 - $39 /hourly,2026-08-08,jora,new,https://au.jora.com/job/Factory-Machine-Operator-af9eedb52cba294312213330ae40eb2d
4088,10,Programmed / PERSOLKELLY,Warehouse Pick Packers,"Melbourne, VIC",$34 - $35 /hourly,2026-08-08,jora,new,https://au.jora.com/job/Warehouse-Pick-Packers-f4c033316667055364b24c290fe9f796
4158,10,Renewable Careers,Graduate Analyst (Sustainability),Greater Sydney Area,,2026-08-08,linkedin,new,https://www.linkedin.com/jobs/view/4451074210
3324,10,Lone Pine Koala Sanctuary,Reservations & Administration Officer,"Fig Tree Pocket, QLD",,2026-08-07,jora,new,https://au.jora.com/job/Administration-Officer-22d3dbd5e9de48094999e955112454fe
3340,10,Sportsgirl,"Group Casual Sales Team Member - North Lakes, QLD","Brisbane, QLD",,2026-08-07,jora,new,https://au.jora.com/job/Sales-Team-Member-c557cec21275cd03fd95526ed4ee4442
3341,10,Fitzroy Island Resort,Sales and Administration Coordinator,"Brisbane, QLD","$75,000 /yearly",2026-08-07,jora,new,https://au.jora.com/job/Administration-Coordinator-46825363724ad89e670399a8ea2e255d
3342,10,Lone Pine Koala Sanctuary,General Keeper,"Fig Tree Pocket, QLD",,2026-08-07,jora,new,https://au.jora.com/job/Keeper-acdf88fc0475a21797ffe5b3f10b0b05
3368,10,Hays Recruitment,L2 Technology Support Specialist,"Adelaide, SA",,2026-08-07,jora,new,https://au.jora.com/job/Technology-Support-Specialist-00f051a8731c3cf08a97cae9038cb015
3370,10,Hays Recruitment,E-commerce Administrator (12-Month Fixed-Term Contract),"Sydney South West Suburbs, NSW","$70,000 - $75,000 /yearly",2026-08-07,jora,new,https://au.jora.com/job/E-commerce-Administrator-323988b114759aff922c09ee4e37a7d7
3376,10,MedicalJobsAustralia,Administration Officer - Casual,"Tanunda, SA","$66,442 - $69,504 /yearly",2026-08-07,jora,new,https://au.jora.com/job/Administration-Officer-45e68bd41e1e7ad781cb03e9209d875a
3390,10,Carpentaria Shire Council,Customer Service Officer - Part time,"Normanton, QLD",,2026-08-07,jora,new,https://au.jora.com/job/Customer-Service-Officer-661992b8cf0a2331c107e34e96bde624
3420,10,Hays Recruitment,Warehouse Assistant,"Adelaide, SA",,2026-08-07,jora,new,https://au.jora.com/job/Warehouse-Assistant-094e97ea6e0c6cc664ea1637bd578434
3424,10,Federal Hospitality,Administration Officer,"Sandy Bay, TAS",,2026-08-07,jora,new,https://au.jora.com/job/Administration-Officer-dfd34d03d87df2ec2a12cae5e3ba14db
3449,10,Brand Influence Group,Coles  Merchandiser (SUPPORT),Queensland,$34 /hourly,2026-08-07,jora,new,https://au.jora.com/job/Merchandiser-2fbc06eca987fa0b38cb2bf8b6fe9e99
3456,10,Craig Mostyn Group,Trainee Operator,"Hazelmere, WA",,2026-08-07,jora,new,https://au.jora.com/job/Operator-3d63c18a8a589fccbaadfa2779d54890
3458,10,Surge Direct,MONDAY TO FRIDAY - NO EXPERIENCE NEEDED - START IMMEDIATELY,"Brisbane, QLD",$32 - $36 /hourly,2026-08-07,jora,new,https://au.jora.com/job/MONDAY-TO-FRIDAY-6ea66905832a6eec6f547d3de0981cf1
3467,10,El Camino Cantina,Casual Bartender,"Chermside, QLD",,2026-08-07,jora,new,https://au.jora.com/job/Bartender-b98e972157bda09fc13863b87937839d
3490,10,Raben Footwear,Retail Buyer,"Sydney, NSW",,2026-08-07,jora,new,https://au.jora.com/job/Retail-Buyer-9a1f5953e7521d89778e6d0f8d269eae
3503,10,The Star Entertainment Group,Trainee Games Dealers | The Star Gold Coast,"Gold Coast, QLD",,2026-08-07,jora,new,https://au.jora.com/job/Dealer-a22741550ed909ca728f905005394bd5
3504,10,Parks Victoria,Ranger - Central Goldfields,"Central Goldfields, VIC","$59,511 - $79,626 /yearly",2026-08-07,jora,new,https://au.jora.com/job/Ranger-2d51d0ecb3d8754b8b4b991425436e78
3511,10,MECCA Brands,Gold Coast QLD - Holiday Retail Assistants 2026,"Broadbeach, QLD",,2026-08-07,jora,new,https://au.jora.com/job/Gold-Coast-QLD-17e501c57136ed0ead9270446f26e7fe
3513,10,Jumbo Interactive Ltd,Customer Support Officer,"Brisbane, QLD","$64,000 - $65,500 /yearly",2026-08-07,jora,new,https://au.jora.com/job/Customer-Support-Officer-f4cf1b67b3630935e02b90b737cdbb6b
3515,10,Parks Victoria,Ranger - Central Goldfields,"Maryborough, VIC",,2026-08-07,jora,new,https://au.jora.com/job/Ranger-ffdd4b8956254ff007bba429831d933c
3557,10,Hays Recruitment,Warehouse Officer,"Townsville City, QLD",,2026-08-07,jora,new,https://au.jora.com/job/Warehouse-Officer-6a4e61df663a65b421e9095a9479880c
3560,10,Symmetry Human Resources,Dockhand,"Dandenong, VIC",$34 - $38 /hourly,2026-08-07,jora,new,https://au.jora.com/job/Dockhand-612a5356ea56d0a5e85a97032444d23a
3579,10,Randstad,Pick Packer / Forklift driver,"Mount Barker, SA",$33 /hourly,2026-08-07,jora,new,https://au.jora.com/job/Pick-Packer-Forklift-Driver-1406eaf754cb5bce161e31c96b6840a6
3594,10,Coadys Personnel Consultants,Warehouse Assistant,"Sydney CBD, NSW",$33 - $35 /hourly,2026-08-07,jora,new,https://au.jora.com/job/Warehouse-Assistant-97ca2e56e150ffc33e317a2782e07fbb
3599,10,Hunter Recruitment Group,Administration Officer,"Dungog, NSW",,2026-08-07,jora,new,https://au.jora.com/job/Administration-Officer-279b578cddb946f857e4b139bd290de7
3601,10,Downer,Meter Reader - Ryde,"Sydney, NSW",,2026-08-07,jora,new,https://au.jora.com/job/Meter-Reader-dc69d2903ac840c435510cbcd96d58d2
3602,10,Crunch Fitness,Membership Officer,"Sydney CBD, NSW",,2026-08-07,jora,new,https://au.jora.com/job/Membership-Officer-ca577ab17a92ae6ba5dd17965a6a2c7e
3607,10,Conquest Personnel,Warehouse Coordinator,"Melbourne, VIC",,2026-08-07,jora,new,https://au.jora.com/job/Warehouse-Coordinator-0db7fd7ee02be811780b0a11bbf369ea
3632,10,DFP Recruitment,Customer Experience Coordinators x 3,"Brisbane, QLD",$33 - $35 /hourly,2026-08-07,jora,new,https://au.jora.com/job/Customer-Experience-Coordinator-f5a9947b0ec82f203e8b7c650a4e8b5e
3639,10,Regis,Lifestyle Assistant - Carseldine,"Carseldine, QLD",,2026-08-07,jora,new,https://au.jora.com/job/Lifestyle-Assistant-2f08063f3b3e0703620cfd85e6ec918b
3641,10,Parks Victoria,Ranger,"Greater Bendigo, VIC","$59,511 - $79,626 /yearly",2026-08-07,jora,new,https://au.jora.com/job/Ranger-1c94491dbcace9dca5de086d04bf6d0a
3693,10,Raben Footwear,Retail Buyer,"Sydney, NSW",,2026-08-07,jora,new,https://au.jora.com/job/Retail-Buyer-3d2f3d756be4eb4cd00f6c7563929ec3
3694,10,MARS PARTNERSHIP PTY. LTD.,FP&A Manager,"Melbourne, VIC","$200,000 - $250,000 /yearly",2026-08-07,jora,new,https://au.jora.com/job/FP-A-Manager-f113a4a8a8de610694236160d04d8959
3718,10,Hays Recruitment,Waste Loader,"Sydney, NSW",$34 - $38 /hourly,2026-08-07,jora,new,https://au.jora.com/job/Loader-e8d787c04c6d42daa166ba0eb8f84c83
3738,10,DFP Recruitment,Customer Experience Coordinators x 3,"Brisbane, QLD",$33 - $35 /hourly,2026-08-07,jora,new,https://au.jora.com/job/Customer-Experience-Coordinator-2c31dc435ef109c55814e403bdf5eb8c
4044,10,WHIZZ Technologies,React Frontend Engineer,"Sydney, New South Wales",,2026-08-07,linkedin,new,https://www.linkedin.com/jobs/view/4450501160
4165,10,Climatech Group,Graduate Engineer,"Sydney, New South Wales",,2026-08-07,linkedin,new,https://www.linkedin.com/jobs/view/4450082547
4254,10,Stake,Customer Experience Specialist,"Sydney, New South Wales",,2026-08-07,linkedin,new,https://www.linkedin.com/jobs/view/4448716767
4500,10,APM Monaco,Part Time Sales Associate (Sydney),"Sydney, New South Wales",,2026-08-07,linkedin,new,https://www.linkedin.com/jobs/view/4448749693
2773,10,Services Australia,ASP3 Service Officer,"Coober Pedy, SA",,2026-08-06,jora,new,https://au.jora.com/job/ASP3-Service-Officer-fbab3f8d7e68f96251aaf0492f1ca880
2779,10,Clarence Valley Council,Holiday Park Housekeeper/Facilities Cleaner,"Yamba, NSW",$29 - $35 /hourly,2026-08-06,jora,new,https://au.jora.com/job/Facility-Cleaner-1ce9692a7bd87ef158f4bf9b829646e8
2791,10,East Coast Car Rentals,Courtesy Shuttle Driver | Brisbane,"Hendra, QLD",$36 /hourly,2026-08-06,jora,new,https://au.jora.com/job/Courtesy-Shuttle-Driver-a731edc4abf699c84212d920a37870cf
2801,10,VicRoads Registration and Licensing Services (RLS),Manager Operational Governance,"Melbourne, VIC","$130,483 - $150,000 /yearly",2026-08-06,jora,new,https://au.jora.com/job/Manager-Operational-Governance-5b9560d62f9e55eb54e00fdd10df3d02
2807,10,People Group,Freight Forwarding - Export Coordinator- MEL-new,"Melbourne, VIC","$90,000 /yearly",2026-08-06,jora,new,https://au.jora.com/job/Export-Coordinator-a3b014d9f158570fb2c5552dbb277240
2809,10,RN Labs,Warehouse Assistant,"Murarrie, QLD",,2026-08-06,jora,new,https://au.jora.com/job/Warehouse-Assistant-7f782df71368fb60da86f476ecc89a20
2816,10,Snowy River Caravans,Customer Relationship Coordinator/Receptionist (Traralgon),"Traralgon, VIC","$65,000 /yearly",2026-08-06,jora,new,https://au.jora.com/job/Receptionist-076f175f83b9d7937b2ad706b10f47af
2832,10,Endeavour Group,Junior Talent Advisor (Contract),"Barangaroo, NSW",,2026-08-06,jora,new,https://au.jora.com/job/Junior-Talent-Advisor-4f09d5862e3b4c7379622b20aaa0fa98
2838,10,Raben Footwear,Retail Buyer,"Sydney, NSW",,2026-08-06,jora,new,https://au.jora.com/job/Retail-Buyer-171b9a2c594ab96f61b9f1f4490e392b
2922,10,NUS Asset & Wealth Management Club,Data Analyt (Entry / Junior),"Sydney, New South Wales, (Remote)",,2026-08-06,linkedin,new,https://www.linkedin.com/jobs/view/4448060858
2933,10,Let'S Play Games,Warehouse Storeperson,"Wetherill Park, NSW",$33 - $34 /hourly,2026-08-06,jora,new,https://au.jora.com/job/Warehouse-Storeperson-0dd82fe667514f61c6ea405537673424
2938,10,Townsville City Council,Project Officer - Part Time,"Townsville, QLD",$46 /hourly,2026-08-06,jora,new,https://au.jora.com/job/Project-Officer-4ca52f2c51e8d78b602fb428e20060a9
2942,10,Eunoia Lane,Administration Officer,"Winnellie, NT","$65,000 - $75,000 /yearly",2026-08-06,jora,new,https://au.jora.com/job/Administration-Officer-3c3791feb1872bb4b7f8c85f84bc64d3
2956,10,Strategy One Human Resources,Admin Support $36.82 ph,"Wacol, QLD",$36 /hourly,2026-08-06,jora,new,https://au.jora.com/job/Admin-Support-$36-4265a8f6c33d308bc9f847412d310ce8
2960,10,Tamworth Regional Council,Library and Customer Experience Officer (Casual),"Tamworth, NSW",$44 - $47 /hourly,2026-08-06,jora,new,https://au.jora.com/job/Library-and-Customer-a4911aebbc2200803e87c9501fdd6636
2961,10,Mackay Goodwin,Administrative Assistant - Part Time - Brisbane,"Brisbane, QLD",,2026-08-06,jora,new,https://au.jora.com/job/Administrative-Assistant-Part-9ae26913518f252b27a48180860a3012
2993,10,Ozcare,Administration Support Officer - Aged Care at Home,"Bundaberg, QLD",$37 /hourly,2026-08-06,jora,new,https://au.jora.com/job/Administration-Support-Officer-5ec88eb25fb7b74cda45957bd127e629
3058,10,Dan Murphy's,Customer Assistant - Dan Murphy's Spotswood,"Spotswood, VIC",,2026-08-06,jora,new,https://au.jora.com/job/Customer-Assistant-Dan-b5b1fec51c26fef9ff28aec76d67387b
3060,10,Bethany Lutheran Primary School,IT Support Officer (part time),"Raceview, QLD",,2026-08-06,jora,new,https://au.jora.com/job/IT-Support-Officer-07e29427dbf39a76083691b43fad402e
3086,10,PATH4 Group,Customer Service Manager | Freight Forwarding,"Banksmeadow, NSW","$120,000 - $130,000 /yearly",2026-08-06,jora,new,https://au.jora.com/job/Customer-Service-Manager-c03132adea40cdc999920c958a9c9912
3115,10,On Q Recruitment,APS4 CRM Officer,"Sydney CBD, NSW",,2026-08-06,jora,new,https://au.jora.com/job/APS4-CRM-Officer-4e43aea0a077e563110ec3e70ac408bc
3132,10,Coast Entertainment,Wildlife Attendant - Casual,"Coomera, QLD",,2026-08-06,jora,new,https://au.jora.com/job/Attendant-d5b4f09343b02b2534059f9ce29aea46
3135,10,Arts & Cultural Services,Ticketing Services Officer,"Mentone, VIC","$83,421 - $96,065 /yearly",2026-08-06,jora,new,https://au.jora.com/job/Services-Officer-6bee8834189ac7f9373a243f1c7374a8
3146,10,Raben Footwear,Retail Buyer,"Sydney, NSW",,2026-08-06,jora,new,https://au.jora.com/job/Retail-Buyer-8a7e0c38d777c869ba6291b75f43c5ba
3150,10,Wannon Pastoral Company,Livestock Farm Hand,"Horsham, VIC",,2026-08-06,jora,new,https://au.jora.com/job/Livestock-Farm-Hand-3bdfd7c19b342bd93962c7757787e083
3167,10,ThompsonCook,Graduate Accountant | $80k + super | Retail,"Sydney CBD, NSW","$80,000 /yearly",2026-08-06,jora,new,https://au.jora.com/job/Accountant-61d3739a34ddf0603b0563a063944db6
3209,10,Unknown,Membership and Systems Manager I Permanent Part-Tim,"Edgecliff, NSW, (Remote)",,2026-08-06,indeed,new,https://au.indeed.com/viewjob?jk=420281aa053427b9
3218,10,Zoom Recruitment,Picker,"Sydney, NSW",$36 - $37 /hourly,2026-08-06,jora,new,https://au.jora.com/job/Picker-675af642111dda8829f8b8fc1fbfb29e
3223,10,South Australia Police,Project Officer,"Adelaide, SA","$82,212 - $86,180 /yearly",2026-08-06,jora,new,https://au.jora.com/job/Project-Officer-7b9942e71d2bcffd1bdea858fbfa3b69
3237,10,Majer Recruitment,Part Time Facilities Manager,"Brisbane, QLD",,2026-08-06,jora,new,https://au.jora.com/job/Facilities-Manager-177e94e8f8f99ff2201696d07135f665
3238,10,Uipath,Executive Assistant / Office Manager,"Sydney, NSW",,2026-08-06,jora,new,https://au.jora.com/job/Assistant-Office-Manager-6a03f8fc0444e8ad350149772fb3dbe0
3239,10,BaptistCare NSW/ACT - Aged Care,Catering Assistant,"Sutherland, NSW",$27 - $29 /hourly,2026-08-06,jora,new,https://au.jora.com/job/Catering-Assistant-247c3313bf7f18c0306f3264b1664e58
3393,10,Skytrans Australia,Customer Service Officer (Permanent Full-Time),"Stratford, QLD",,2026-08-06,jora,new,https://au.jora.com/job/Customer-Service-Officer-bf2919864757b534c11f9247014c4ded
2169,10,Irish Around Oz,Caching Developer - Contract - Australia,"Sydney, New South Wales",,2026-08-05,linkedin,new,https://www.linkedin.com/jobs/view/4449409694
2263,10,Nude Lucy,Junior Product Developer - Nude Lucy (Fixed Term),"Eveleigh, New South Wales",,2026-08-05,linkedin,new,https://www.linkedin.com/jobs/view/4449401451
2362,10,NSW Health,SESLHD- Casual Switchboard Operator- Southern Sector,"Sutherland, NSW",$35 - $37 /hourly,2026-08-05,jora,new,https://au.jora.com/job/Switchboard-Operator-2e9e4bb1c328ca2e542bacff39c12803
2366,10,Optimal Recruitment,Operations Manager,"Frenchs Forest, NSW",,2026-08-05,jora,new,https://au.jora.com/job/Operations-Manager-8b26c2b7e25db1f6d255e8fd39010384
2376,10,dnata Airport Services,Passenger Services Delivery Agent,"Sydney Airport, NSW",,2026-08-05,jora,new,https://au.jora.com/job/Passenger-Services-Delivery-Agent-60896981c0dd3aeeb0305a89c0fb542c
2379,10,Australia Zoo,Government Relations Officer,"Beerwah, QLD",,2026-08-05,jora,new,https://au.jora.com/job/Government-Relations-Officer-2a62524ad4a3278166c99059fa20039a
2381,10,MMFS,Workshop General Hands and Trade Assistants,"Perth, WA",,2026-08-05,jora,new,https://au.jora.com/job/Workshop-General-Hands-e7f625230c1994276184ca06f6ed85a9
2388,10,Optimal Recruitment,Customer Support Officer,"Frenchs Forest, NSW",,2026-08-05,jora,new,https://au.jora.com/job/Customer-Support-Officer-29296492f5407c270c74fe2eee5ffa0a
2395,10,Scenic Luxury Cruises & Tours,Accounts Payable Officer,"Newcastle, NSW",,2026-08-05,jora,new,https://au.jora.com/job/Accounts-Payable-Officer-cc9a67c54543c1819f602926af6d1c4b
2411,10,Chain Reaction Foundation,Program Support Officer,"Sydney, NSW",,2026-08-05,jora,new,https://au.jora.com/job/Program-Support-Officer-9c89c312078dcde890a8797b7760e4c3
2431,10,Bunya,Power Platform Intern / Graduate,Queensland,,2026-08-05,linkedin,new,https://www.linkedin.com/jobs/view/4447305811
2450,10,Look Good Feel Better Australia,Program Manager,"Sydney, New South Wales",,2026-08-05,linkedin,new,https://www.linkedin.com/jobs/view/4448900765
2554,10,Jobstar,OTA & Administration Coordinator (Part-Time Casual),"Brisbane, QLD",$35 /hourly,2026-08-05,jora,new,https://au.jora.com/job/Administration-Coordinator-8d9682fc76a5aee416a6f81c901c8e9a
2562,10,Westpac Bank,"Business & Operations Manager, Virtual Banking","Sydney CBD, NSW",,2026-08-05,jora,new,https://au.jora.com/job/Operations-Manager-4516f8c145013c5ba6ed2ed865bf32a5
2583,10,July,Casual Retail Assistant,"Fortitude Valley, QLD",,2026-08-05,jora,new,https://au.jora.com/job/Casual-Retail-Assistant-50f311e0f7e6e3d4f9fe83be7da553c4
2591,10,Credit Corp Group,Company Secretary,"Sydney CBD, NSW",,2026-08-05,jora,new,https://au.jora.com/job/Company-Secretary-a95e861f258db9b3d26cb74f7efb3079
2594,10,Cathay Pacific Airways,Cargo Sales & Services Officer,"Sydney, NSW",,2026-08-05,jora,new,https://au.jora.com/job/Cargo-Sales-Services-308d949e1018b0b5444ecc9b60f03651
2595,10,Petbarn,"Casual Sales Assistant - Petbarn Surry Hills, Potts Point and Paddington","Surry Hills, NSW",,2026-08-05,jora,new,https://au.jora.com/job/Sales-Assistant-f9379475d8f9be2b0d55647a35084456
2599,10,Subtle Energies,Customer Service & Operations Coordinator,"Sydney, NSW","$70,000 - $80,000 /yearly",2026-08-05,jora,new,https://au.jora.com/job/Operations-Coordinator-3e022bd182ebc0db30f60b7620abce0e
2668,10,Credit Corp Group,Company Secretary,"Sydney, NSW",,2026-08-05,jora,new,https://au.jora.com/job/Company-Secretary-12fcefc8217b450b6954765d051d19f6
2675,10,Lead Group Consultancy,Service Coordinator,"Sydney, NSW","$80,000 - $100,000 /yearly",2026-08-05,jora,new,https://au.jora.com/job/Service-Coordinator-83e4c8dce1910a87b0be73f86a15b2a8
2690,10,Mildura Rural City Council,Administration Officer – Ouyen,"Mildura, VIC",,2026-08-05,jora,new,https://au.jora.com/job/Administration-Officer-b28fbc0644d987bac0e2d4717bf5d3f1
2692,10,Programmed Maintenance Services,Production Worker / Mixer,"Erskine Park, NSW",$33 - $37 /hourly,2026-08-05,jora,new,https://au.jora.com/job/Production-Worker-26f408eab388cf06a0562ed5a7bf9c66
2755,10,Datacom,Desktop Support Engineer - Sydney,"Sydney, New South Wales, (Remote)",,2026-08-05,linkedin,new,https://www.linkedin.com/jobs/view/4447371175
1988,10,Geek+,"Solution, ANZ","Sydney, New South Wales",,2026-08-03,linkedin,new,https://www.linkedin.com/jobs/view/4447680609
284,10,Transport for NSW,Manager Spatial Services - Fixed Term Opportunity until December 2028,"Parramatta, New South Wales",,2026-07-23,linkedin,new,https://www.linkedin.com/jobs/view/4444432012
412,10,ComplyFlow,Growth Marketing Manager (AI-Native) – B2B SaaS,"Sydney, New South Wales, (Remote)",,2026-07-23,linkedin,new,https://www.linkedin.com/jobs/view/4444265817
527,10,Nash,Forward Deployed Engineer,Unknown,,2026-07-23,linkedin,new,https://www.linkedin.com/jobs/view/4426365949
71,10,Ortigas Land Sales Careers,PROGRAMMER,"Greenhills, Western Australia",,2026-07-19,linkedin,new,https://www.linkedin.com/jobs/view/4442517508
4015,10,Marino Plant Hire,Payroll and Administration Officer,"Cairns, QLD",$35 - $45 /hourly,,jora,new,https://au.jora.com/job/Payroll-and-Administration-Officer-20a7ca1329f58d5c0a32c53b92d91e89
4404,9,Autosports Group,Service Receptionist,"Doncaster, VIC",,2026-08-10,jora,new,https://au.jora.com/job/Service-Receptionist-67e39f86a2a37538b913fdaa5d907380
4461,9,Redeemer Lutheran College,Receptionist - Junior School (maternity leave contract),"Rochedale, QLD",,2026-08-10,jora,new,https://au.jora.com/job/Receptionist-5f6ed192f0a209088dcce973630391c1
4584,9,Priority Networking,Level 1 Helpdesk Technician,"Sydney CBD, NSW, (Remote)","$60,000 - $75,000 /yearly",2026-08-10,jora,new,https://au.jora.com/job/Helpdesk-Technician-61a558713bdffba24d8a7385ca062f38
4277,9,Flaming North Fire,Frount of house (administration),"Townsville, QLD",$35 /hourly,2026-08-09,jora,new,https://au.jora.com/job/Frount-of-house-f9ea43164b1bfa10119d7ac94cfdd328
4337,9,Recruit Inc Pte Ltd,BRAKE PRESS - MACHINE OPERATOR,"Melbourne, VIC",$30 - $40 /hourly,2026-08-09,jora,new,https://au.jora.com/job/BRAKE-PRESS-MACHINE-4bb358499d190c5ce786bb9f015ea9bd
2072,9,Whitestone Group Pty Ltd,Property Manager,"North Sydney, New South Wales, (Remote)",,2026-08-03,linkedin,new,https://www.linkedin.com/jobs/view/4447685799
1770,9,DoorDash,"Commercial Analyst, Enterprise","Sydney, New South Wales",,2026-08-01,linkedin,new,https://www.linkedin.com/jobs/view/4447473460
1036,9,BJAK,Product Manager - AI Neobank App,"Sydney, New South Wales, (Remote)",,2026-07-28,linkedin,new,https://www.linkedin.com/jobs/view/4443246664
1119,9,Transurban,Program Manager - NSW,"Sydney, New South Wales",,2026-07-28,linkedin,new,https://www.linkedin.com/jobs/view/4445414733
1179,9,McPherson's Consumer Products,Assistant Brand Manager  - Beauty,"Sydney, New South Wales",,2026-07-28,linkedin,new,https://www.linkedin.com/jobs/view/4445779448
1208,9,Mattox Solution,Cloud Security Architect,"Sydney, New South Wales",,2026-07-28,linkedin,new,https://www.linkedin.com/jobs/view/4446308853
1350,9,Workday,Sales Development Representative | Inbound,"North Sydney, New South Wales",,2026-07-28,linkedin,new,https://www.linkedin.com/jobs/view/4434513339
886,9,the LEGO Group,Brand Manager (12 month Contract),"Sydney, New South Wales",,2026-07-27,linkedin,new,https://www.linkedin.com/jobs/view/4442813312
1041,9,Ideagen,Product Manager,"Melbourne, Victoria",,2026-07-27,linkedin,new,https://www.linkedin.com/jobs/view/4445159717
660,9,Hire Feed,"Frontend Web Developer - HTML,CSS (Remote)",(Remote),,2026-07-25,linkedin,new,https://www.linkedin.com/jobs/view/4445330043
489,9,SMG Studio,Expression of Interest - SMG Studio,"Windmill Street, New South Wales, (Remote)",,2026-07-24,linkedin,new,https://www.linkedin.com/jobs/view/4439890165
794,9,Vitaco  Group,Brand Manager Food and Supplements (AU),"Sydney, New South Wales",,2026-07-24,linkedin,new,https://www.linkedin.com/jobs/view/4444087326
187,9,me&u,AI-Native Product Manager,"Melbourne, Victoria, (Remote)",,2026-07-23,linkedin,new,https://www.linkedin.com/jobs/view/4443495570
217,9,Aphex,Product Manager,Unknown,,2026-07-23,linkedin,new,https://www.linkedin.com/jobs/view/4443477790
728,9,BOQ Group,Manager Product Performance & Optimisation,"Sydney, New South Wales",,2026-07-23,linkedin,new,https://www.linkedin.com/jobs/view/4444291613
364,9,Beyond Data Group,Young Graduate Data Consultant,"Young, New South Wales",,2026-07-22,linkedin,new,https://www.linkedin.com/jobs/view/4443911763
168,9,Ahmadiyya Muslim Association Australia,Web Developer – Test Job,"Sydney, New South Wales, (Remote)",,2026-07-21,linkedin,new,https://www.linkedin.com/jobs/view/4443577639
382,9,Superhero,QA Engineer,"Sydney, New South Wales",,2026-07-21,linkedin,new,https://www.linkedin.com/jobs/view/4443584479
62,9,⍜ Telescope AI,Forward Deployed Product Manager,"Sunshine Coast, Queensland",,2026-07-19,linkedin,new,https://www.linkedin.com/jobs/view/4439679055
5200,9,Tutero,Online Tutoring: Work from Home,"Sydney CBD, NSW, (Remote)",$34 - $50 /hourly,2026-07-14,jora,new,https://au.jora.com/job/Online-Tutoring-Work-8c9dc3803b570ac16ab51e282bf6458f
3022,9,Allied Health Australia,Administration Assistant,"St Leonards Park, NSW",,,jora,new,https://au.jora.com/job/Administration-Assistant-3b33e6f79a9d9d3de57f7a180eeb516b
4091,9,Pearl Recruitment Group,Site Supervisor - Civil Project,Victoria,,,jora,new,https://au.jora.com/job/Site-Supervisor-Civil-405affcff03a043f2b8243fec560cbed
4325,9,Australia Zoo,Government Relations Officer  – Australia Zoo,"Beerwah, QLD",,,jora,new,https://au.jora.com/job/Government-Relations-Officer-7af411c5aa06623de2fd2c63c8185413
4379,9,Vivid Teachers,English/Drama Teacher- Secondary,"Perth, WA",,,jora,new,https://au.jora.com/job/English-Drama-Teacher-ddfb3b7c2fffa7ecc7f51bd4d3bec59b
4556,9,Optimal Recruitment,Production Manager,"Sydney Northern Beaches, NSW",,,jora,new,https://au.jora.com/job/Production-Manager-068e57c330cc5be198343b2d6b15b471
4691,9,Superior People Recruitment,Receptionist,"Melbourne, VIC",,,jora,new,https://au.jora.com/job/Receptionist-ed3878b572034ea02730350027c16132
4879,9,Community Housing Limited,Housing Officer,"Nerang, QLD",,,jora,new,https://au.jora.com/job/Housing-Officer-1d10c0a9e4aa5620850bd410e81fc839
4893,9,selectability,Youth Worker - Charters Towers,"Charters Towers, QLD",$50 /hourly,,jora,new,https://au.jora.com/job/Youth-Worker-c6baac0f906bfe3cea1bbc91971ac7e3
4910,9,Hepburn House Daylesford Aged Care Services,Administration Officer,"Daylesford, VIC",$30 - $35 /hourly,,jora,new,https://au.jora.com/job/Administration-Officer-e273f1730e7b439b70b23036e48624f7
4915,9,Women in Banking & Finance,Events Coordinator,"Sydney CBD, NSW, (Remote)",,,jora,new,https://au.jora.com/job/Events-Coordinator-70a68f17ab49846f253edc847a4b2aa8
4979,9,Total Tank Services,Administration Assistant,"Welshpool, WA",,,jora,new,https://au.jora.com/job/Administration-Assistant-cd7ad1b4ab76f261577563faa93dbe96
5021,9,Vu Online,Teaching Talent Coordinator,"Melbourne, VIC, (Remote)",,,jora,new,https://au.jora.com/job/Talent-Coordinator-0a38c20a0b2bbd222ba8c6123667b900
5151,9,Lite n' Easy,Distribution Analyst,"Melbourne, VIC","$90,000 - $95,000 /yearly",,jora,new,https://au.jora.com/job/Distribution-Analyst-48a7ec549ecb328e250fc8118a24873c
5160,9,Johndec Engineering Plastics WA,Trade Assistant,"Landsdale, WA",,,jora,new,https://au.jora.com/job/Trade-Assistant-6b5b2b9a3cccfd93cfac55dc1745022e
5292,9,Limelight People,Payroll Officer - Healthcare - Excel / Power Query / Xero,"Sydney CBD, NSW, (Remote)",,,jora,new,https://au.jora.com/job/Payroll-Officer-6edbe94236e0dfc744fe3e93b7fd6dca
5311,9,William Buck,PMO Lead - NSW & ACT,"Sydney CBD, NSW",,,jora,new,https://au.jora.com/job/PMO-Lead-7a9921aaf8557911e9aeb0fe5f0bdd01
4377,8,Aura Direct,No Experience? No Problem | Immediate Start Available | Sales | Melbourne,"Melbourne, VIC",$32 - $33 /hourly,2026-08-10,jora,new,https://au.jora.com/job/No-Experience-No-d433ebc7517419fba5bd4dc7738110fb
4387,8,Domino's Pizza,Delivery Driver,"Booragoon, WA",,2026-08-10,jora,new,https://au.jora.com/job/Delivery-Driver-1798e74e9de7930f592ae7ca009c8612
4389,8,Australian Department of Defence,APS 6 - Superannuation Policy Officer,Unknown,"$99,733 - $112,431 /yearly",2026-08-10,jora,new,https://au.jora.com/job/Policy-Officer-effaf462ae989ec3f5eee687d682c5e8
4402,8,Allpress Espresso,Cafe Manager,"Collingwood, VIC",,2026-08-10,jora,new,https://au.jora.com/job/Cafe-Manager-ed79afc5d025d575b5a674406167b35e
4405,8,APM Communities,Customer Support Officer,"Urangan, QLD",,2026-08-10,jora,new,https://au.jora.com/job/Customer-Support-Officer-aedca5c1adac7d9e1b920b41c0ac42fb
4450,8,Unity Bank,Member Service Officer - Contact Centre,"Sydney CBD, NSW",,2026-08-10,jora,new,https://au.jora.com/job/Member-Service-Officer-7ba3fef86117ffccd12f0652adfeee54
4451,8,Legal People,Insurance Lawyer (Personal Injury),"Melbourne, VIC",,2026-08-10,jora,new,https://au.jora.com/job/Insurance-Lawyer-53939e1d99e4521f8b47305944172914
4456,8,Kingz Container Crew,Container Labourers & Forklift Driver Operators,"Browns Plains, QLD",,2026-08-10,jora,new,https://au.jora.com/job/Operator-2e9d057e498a494be6e3d84504f8a6cd
4458,8,Best Body Industries PTY LTD,Videographer & Content Creator,"Warners Bay, NSW","$70,000 - $80,000 /yearly",2026-08-10,jora,new,https://au.jora.com/job/Content-Creator-cbc3b3939f0766bb6bc557657cbca33c
4472,8,Fletcher Building,Design Capability Manager,"Sydney Airport, NSW",,2026-08-10,jora,new,https://au.jora.com/job/Capability-Manager-0fd6df48104f2b38f0cc14fcb1d26fc4
4478,8,The Fish Factory,Retail Assistant,"Morningside, QLD",$31 /hourly,2026-08-10,jora,new,https://au.jora.com/job/Retail-Assistant-09058417a810d9a6e5bbd6f0ca2a3a57
4480,8,Mr. Sandwich,Cafe Manager,"Perth, WA","$75,000 - $85,000 /yearly",2026-08-10,jora,new,https://au.jora.com/job/Cafe-Manager-2de7eb07e4741d98ad4acaabe82f5ca4
4490,8,Farrawell Glass and Aluminium,Screen Manufacture/Window Maker,"Kempsey, NSW",$30 - $38 /hourly,2026-08-10,jora,new,https://au.jora.com/job/Screen-Manufacture-Window-c1689ee448b7d3a2e5ceb5babd18e79f
4559,8,East Sydney Doctors,Medical Receptionist,"Darlinghurst, NSW",,2026-08-10,jora,new,https://au.jora.com/job/Medical-Receptionist-acc7af90bfe8efdb2066f0befa807a67
4564,8,Tasty Fresh Food Co,"Operations Crew - Food Production, bakery, warehouse","Yatala, QLD",$34 /hourly,2026-08-10,jora,new,https://au.jora.com/job/Operations-Crew-0d6ed41809231e80a54c6a1c297310a8
4574,8,JD Sports,Junior Merchandiser,"Sydney CBD, NSW","$70,000 - $80,000 /yearly",2026-08-10,jora,new,https://au.jora.com/job/Merchandiser-1af8d7996aa1a2f85b0782b1d760336d
4586,8,Sharp and Carter,Accounts Payable Officer,"Melbourne, VIC",,2026-08-10,jora,new,https://au.jora.com/job/Accounts-Payable-Officer-300146e31e7d42c4803559aa724324a2
4591,8,Vivacity Property,Finance Manager,"Eveleigh, NSW",,2026-08-10,jora,new,https://au.jora.com/job/Finance-Manager-6860ac37495f52f4f316ae786a79c64a
4618,8,Expand Your Game,Help Desk Analys,"Sydney, New South Wales, (Remote)",,2026-08-10,linkedin,new,https://www.linkedin.com/jobs/view/4449544011
4667,8,West Recruitment,Human Resources Assistant,"Sydney, NSW","$75,000 /yearly",2026-08-10,jora,new,https://au.jora.com/job/Human-Resources-Assistant-6fcafd5cc91f756d4cf99eb063ec8381
4679,8,elle belle recruitment,Office Coordinator,"Cheltenham, VIC",,2026-08-10,jora,new,https://au.jora.com/job/Office-Coordinator-78a0741e548b707cb3a70e8d068b3001
4684,8,Talent Connect Australia,Receptionist,"North Sydney, NSW",,2026-08-10,jora,new,https://au.jora.com/job/Receptionist-668526d8db7dd281f1922052b360c4d4
4701,8,Australia Wide Personnel,Process Workers,"Ferntree Gully, VIC",$33 /hourly,2026-08-10,jora,new,https://au.jora.com/job/Process-Worker-5f3578bfba553b87cc86780ffb19ba64
4702,8,Synergy Placements,Production Worker,"Narangba, QLD",$34 - $42 /hourly,2026-08-10,jora,new,https://au.jora.com/job/Production-Worker-51c80c87e23a235fe821612eb30448b6
4711,8,Ivory Group,Contract Administrator/Junior Project Manager,"Sydney CBD, NSW","$130,000 - $155,000 /yearly",2026-08-10,jora,new,https://au.jora.com/job/Project-Manager-eb5cad21d984e0698e5d19a79ab0416f
4712,8,Workforce Extensions,Production Worker - Day & Night,"Cabramatta, NSW",$35 - $44 /hourly,2026-08-10,jora,new,https://au.jora.com/job/Production-Worker-149568ab25fcf22252a91df8af311669
4721,8,Sharp and Carter,Finance Analyst,"Melbourne, VIC",,2026-08-10,jora,new,https://au.jora.com/job/Finance-Analyst-b8507ff4987c8bdb7e844610f8ed68ee
4775,8,Davidson,AI Consultant,"Melbourne, Victoria",,2026-08-10,linkedin,new,https://www.linkedin.com/jobs/view/4451379879
4169,8,Programmed / PERSOLKELLY,Food Production Worker!,Western Australia,,2026-08-09,jora,new,https://au.jora.com/job/Food-Production-Worker-a699b2fb9cb4946eb9f6715e6e13437d
4200,8,ReadyForce Personnel,Truck Drivers – Road Sheeting,"Pilbara, WA, (Remote)",,2026-08-09,jora,new,https://au.jora.com/job/Truck-Driver-fd7a8e2077033d1e254e96314e580303
4222,8,Lion Careers,Title: Process & Improvement Engineer,"Murwillumbah, NSW",,2026-08-09,jora,new,https://au.jora.com/job/Improvement-Engineer-c101ec02f09828a4b14b69b828294bee
4223,8,Adelaide University,Research Assistant (A),"Adelaide, SA","$82,838 - $111,384 /yearly",2026-08-09,jora,new,https://au.jora.com/job/Research-Assistant-18f27dd753826f946d0877ce973dbf60
4295,8,A Man and a Couch,Upholsterer,"Bayswater, VIC",$30 - $45 /hourly,2026-08-09,jora,new,https://au.jora.com/job/Upholsterer-cb03bece67d5fd4fe8a2e47c406a02e8
3992,8,LUCKY MOBILE PTY LTD,Retail Manager (General),"Footscray, VIC","$80,000 - $85,000 /yearly",2026-08-08,jora,new,https://au.jora.com/job/Retail-Manager-General-f16f1f548599c53d135cdcc20bcff0a0
2241,8,Profectus,Solution Architect,"Canberra, Australian Capital Territory, (Remote)",,2026-08-04,linkedin,new,https://www.linkedin.com/jobs/view/4448826608
1930,8,Harper,Forward Deployed Engineer ($150K–$300K + Equity) at a fast-growing Agentic AI,"Greater Sydney Area, (Remote)",,2026-08-03,linkedin,new,https://www.linkedin.com/jobs/view/4435045427
1984,8,Built,IT Service Support Officer,"Sydney, New South Wales",,2026-08-03,linkedin,new,https://www.linkedin.com/jobs/view/4445871361
2018,8,Stake,Marketing Manager - NZ (Syd-based),"Sydney, New South Wales",,2026-08-03,linkedin,new,https://www.linkedin.com/jobs/view/4448121534
2066,8,Harper,Forward Deployed Engineer (Top-of-Market Base + Equity) at a $2B Agentic AI,"Greater Sydney Area, (Remote)",,2026-08-03,linkedin,new,https://www.linkedin.com/jobs/view/4433647790
2083,8,Lovisa Pty Ltd,Sydney | Festive Stylist | 2026,"Bondi Junction, New South Wales",,2026-08-03,linkedin,new,https://www.linkedin.com/jobs/view/4447667962
2085,8,Lovisa Pty Ltd,Sydney | Festive Stylist | 2026,"Miranda, New South Wales",,2026-08-03,linkedin,new,https://www.linkedin.com/jobs/view/4447689016
2086,8,APM Monaco,Casual Sales Associate (Sydney),"Bondi Beach, New South Wales",,2026-08-03,linkedin,new,https://www.linkedin.com/jobs/view/4447674624
2113,8,Renewable Careers,Graduate Analyst (Sustainability),Greater Sydney Area,,2026-08-03,linkedin,new,https://www.linkedin.com/jobs/view/4447289340
2172,8,TELEMARKETING NSK,Healthcare Data Analyst,"Sydney, New South Wales",,2026-08-03,linkedin,new,https://www.linkedin.com/jobs/view/4448612345
1912,8,Stealth Startup,Strategy & Operations Manager,"Sydney, New South Wales",,2026-08-02,linkedin,new,https://www.linkedin.com/jobs/view/4447862727
1998,8,Pointer,Solutions Specialist,"Sydney, New South Wales",,2026-08-02,linkedin,new,https://www.linkedin.com/jobs/view/4447618861
1707,8,SMEC (an SJ Group company),Graduate Engineer - Sustainability & Engineering (Feb 2027 Program),"Wollongong, New South Wales",,2026-07-31,linkedin,new,https://www.linkedin.com/jobs/view/4447252351
1788,8,BJAK,iOS Developer,(Remote),,2026-07-31,linkedin,new,https://www.linkedin.com/jobs/view/4446972197
1800,8,SMEC (an SJ Group company),Graduate Engineer - Sustainability & Engineering (Feb 2027 Program),"Parramatta, New South Wales",,2026-07-31,linkedin,new,https://www.linkedin.com/jobs/view/4447250350
1854,8,SMEC (an SJ Group company),Graduate Engineer / Scientist- Water Resources (Feb 2027 Program),"Wollongong, New South Wales",,2026-07-31,linkedin,new,https://www.linkedin.com/jobs/view/4447244436
1892,8,Rabobank Australia,2027 Rabo Graduate Program - Banking Operations Graduate,"Millers Point, New South Wales, (Remote)",,2026-07-31,linkedin,new,https://www.linkedin.com/jobs/view/4439026934
1918,8,Arinco,Copilot & Power Platform Consultant,"Sydney, New South Wales",,2026-07-31,linkedin,new,https://www.linkedin.com/jobs/view/4447233976
5135,8,The Innovative Group,Pick Packers wanted!,"Sydney Western Suburbs, NSW",$33 - $35 /hourly,2026-07-31,jora,new,https://au.jora.com/job/Pick-Packers-wanted-17151c38cc3169b3fd892702e69c3f89
1617,8,weave. Recruitment,Product Manager,"Melbourne, Victoria",,2026-07-30,linkedin,new,https://www.linkedin.com/jobs/view/4444193418
1773,8,Hatch,Associate ( Consulting ),"Sydney, New South Wales",,2026-07-30,linkedin,new,https://www.linkedin.com/jobs/view/4446753754
1807,8,Rancho Pharmacy,Web Developer,New South Wales,,2026-07-30,linkedin,new,https://www.linkedin.com/jobs/view/4445042112
1275,8,Crossing Hurdles,AI Trainer | $70/hr Remote,(Remote),,2026-07-29,linkedin,new,https://www.linkedin.com/jobs/view/4446047069
1352,8,Talent,Sales Development Representative // Entry-level Tech Sales,"North Sydney, New South Wales",,2026-07-29,linkedin,new,https://www.linkedin.com/jobs/view/4446022311
2360,8,City of Launceston,Customer Service Consultant,"Launceston, TAS","$73,193 - $79,874 /yearly",,jora,new,https://au.jora.com/job/Customer-Service-Consultant-b78ffa89eae2cc3235fd86d514268622
2386,8,far north queensland clinic,Casual Medical Secretary,"Cairns, QLD",$36 - $42 /hourly,,jora,new,https://au.jora.com/job/Medical-Secretary-d0f598e629792eb11b51249583e5fa28
2574,8,Wentworth Institute of Higher Education,Deputy Dean of Business,"Surry Hills, NSW",,,jora,new,https://au.jora.com/job/Dean-fc861b7745e5c68a4c13e0a512a50f98
2673,8,Lismore City Council,Customer Service Officer,"Lismore, NSW","$67,771 /yearly",,jora,new,https://au.jora.com/job/Customer-Service-Officer-ba1d4f68ba0724f940bf1e2525aaaad1
2782,8,Harvey Norman,Warehouse Storeperson,"Hoppers Crossing, VIC",,,jora,new,https://au.jora.com/job/Warehouse-Storeperson-9e00a610a416b50c8596dcf9f9be8a5e
2794,8,Gemini Health Services Pty Ltd,Medical Receptionist,"Rye, VIC",$25 - $30 /hourly,,jora,new,https://au.jora.com/job/Medical-Receptionist-c2654ff93eacdde6c515ae3b1639c5c5
2799,8,DLC Group,Accounts & Payroll Assistant - Part Time,"Perth, WA",,,jora,new,https://au.jora.com/job/Payroll-Assistant-9dd9a7cfb7aaec57188becfc12d044b4
2820,8,Hoban Recruitment,Casual Event Contact Centre Operator – Onsite,"Ascot Vale, VIC",$36 - $51 /hourly,,jora,new,https://au.jora.com/job/Casual-Event-Contact-9511ca62d8f0e821f1a3e42dc3a4356d
2826,8,Bidfood,Casual Storeperson,"Somersby, NSW",,,jora,new,https://au.jora.com/job/Storeperson-1eafc0e2dc0e53cc7b158364cf46bfed
2843,8,Mane Consulting,Client Services Officer,"Sydney, NSW",$31 - $41 /hourly,,jora,new,https://au.jora.com/job/Client-Services-Officer-c08c26c86712e3c692f3c586aa452aa3
2844,8,Tecside Group,Pick Packer - Yatala,"Yatala, QLD",$33 - $34 /hourly,,jora,new,https://au.jora.com/job/Pick-Packer-Yatala-f8222d2b0708d844683f672a0abdfb6a
2851,8,The Safe Step,Safety / HSEQ Administrator,"Sydney Western Suburbs, NSW",,,jora,new,https://au.jora.com/job/Safety-HSEQ-Administrator-74535ec54dc8b6618b3e47cddef83f76
2853,8,Churches of Christ,Casual Administration Officer,"Urraween, QLD",,,jora,new,https://au.jora.com/job/Administration-Officer-b8b83feb61620e101c56ce66cfe14816
2864,8,Burson Auto Parts,Delivery Driver,"Caboolture, QLD",,,jora,new,https://au.jora.com/job/Delivery-Driver-573bfa20fe5a94e9155f6ce6db9fe05e
2972,8,Ambition Recruitment,Assistant Accountant,"Sydney CBD, NSW",$40 - $50 /hourly,,jora,new,https://au.jora.com/job/Assistant-Accountant-dfccff0ac086697b920803d34306a08f
3036,8,Elbowroom (Aust) Pty Ltd,Reception/Administrative Support,"Murarrie, QLD","$65,000 - $70,000 /yearly",,jora,new,https://au.jora.com/job/Reception-Administrative-Support-60551729b462e72cdab07a71e29c1415
3037,8,Dreamworld,Wildlife Attendant - Casual,"Coomera, QLD",$34 /hourly,,jora,new,https://au.jora.com/job/Attendant-1c8e0a1137e22f024bc92f45961f8ea1
3045,8,Haynes Group,Forklift Operator,"Zillmere, QLD","$70,000 /yearly",,jora,new,https://au.jora.com/job/Forklift-Operator-cb0c4d408003c4b70f5c5d833a5ccb2d
3054,8,ANZ,Expressions of Interest,"Docklands, VIC",,,jora,new,https://au.jora.com/job/Expressions-of-Interest-f6439ff1c44588c71d1ee4ec5d5cf121
3063,8,Strategy One Human Resources,Early AM Pick Packers $36.00 ph,"Eagle Farm, QLD",$36 /hourly,,jora,new,https://au.jora.com/job/Early-AM-Pick-e73094364af951a0af45981f68445cd6
3157,8,Tabcorp,Billing Administrator,"Eight Mile Plains, QLD",,,jora,new,https://au.jora.com/job/Billing-Administrator-0fe594cd8bf824d8dc7c06b600a228fa
3176,8,Beechworth Bakery,Casual Front of House Team Members - Echuca,"Echuca, VIC",,,jora,new,https://au.jora.com/job/Front-of-House-Team-Member-52d596f6e17c1459160052dec5b05cc2
3182,8,ANZ,Expressions of Interest - HOS and EDB Consultant,"Melbourne, VIC",,,jora,new,https://au.jora.com/job/Consultant-a0b06456c57bb5b1726359d63bb44fc5
3183,8,Footprints Podiatry,Casual Receptionist / Administration Assistant,"Burnie, TAS",$32 - $33 /hourly,,jora,new,https://au.jora.com/job/Casual-Receptionist-Administration-921f59ea3b8666a62434ecc23dbd3207
3337,8,NSW Health,Ward Clerk ICU - Admin Officer Level 3 - Goulburn Base Hospital,"Goulburn, NSW",$37 - $38 /hourly,,jora,new,https://au.jora.com/job/Ward-Clerk-990a59c2005a21b37f2ae9f893d4878c
3464,8,Animal Aid,Animal Attendant – Welfare Cattery (Part-Time) & Casual Opportunities,"Coldstream, VIC",$28 /hourly,,jora,new,https://au.jora.com/job/Animal-Attendant-c4ad12163d752e4f7702a57955250418
3465,8,TLC petcare,Kennel Attendant/Receptionist,"Coffs Harbour, NSW",$25 - $32 /hourly,,jora,new,https://au.jora.com/job/Kennel-Attendant-567b00c1e11c595eb6aac038761c5cd4
3566,8,Dan Murphy's,Customer Assistant - Dan Murphy's Mt Gambier,"Mount Gambier, SA",,,jora,new,https://au.jora.com/job/Customer-Assistant-Dan-fddc305cf6ccff864e5dcca88b32f6ed
3608,8,HR Partners,storeperson/warehousing,"Loganlea, QLD",,,jora,new,https://au.jora.com/job/Storeperson-5f5f3c786f517ad9910ee7e8b39a31c3
3609,8,City of Karratha,Youth Officer - Part Time,"Karratha, WA","$77,164 /yearly",,jora,new,https://au.jora.com/job/Youth-Officer-6fb37424671c9d383f065d8356ef6156
3614,8,Domayne,Warehouse Storeperson,"Fortitude Valley, QLD",,,jora,new,https://au.jora.com/job/Warehouse-Storeperson-bc4a5ed2e47788b7fbaa53d4a688f80e
3628,8,City of Sydney,Environmental Health Officer,"Sydney, NSW",,,jora,new,https://au.jora.com/job/Environmental-Health-Officer-48bfd79f3d82a7deff868159dcc00d7b
3633,8,HR Partners,production worker casual on call,"Hahndorf, SA",,,jora,new,https://au.jora.com/job/Production-Worker-db699eba1155f2fca477555d9bf34aba
3644,8,Stockland,Defect Specialist,"Brisbane, QLD",,,jora,new,https://au.jora.com/job/Specialist-db2843c66adee770a40c7c13b61c7d3e
3645,8,YCL Jewels,Peak Season Casual — Fulfilment & Customer Care,"Burleigh Heads, QLD",,,jora,new,https://au.jora.com/job/Peak-Season-Casual-0104cfa79e09eadcbc2a44146aff837a
3735,8,Anaconda,Part Time Stock Team Member - Narre Warren,"Melbourne, VIC",,,jora,new,https://au.jora.com/job/Team-Member-06d52e71a7e87cc39149f5f22209b95c
3812,8,Department for Education & Child Development SA,TEMPORARY GSE3 - SPRINGBANK SECONDARY COLLEGE - GROUNDS PERSON,"Pasadena, SA",,,jora,new,https://au.jora.com/job/TEMPORARY-GSE3-SPRINGBANK-4d8b01d40d22278541893cc2a949e3f4
3815,8,VetPartners,Customer Service Officer Part time Ourimbah Veterinary Hospital RR-10571,"Ourimbah, NSW",,,jora,new,https://au.jora.com/job/Customer-Service-Officer-0e709f3136dfe5b403d22476ecf184d2
3871,8,MADE - Shepparton,Customer service role,"Mooroopna, VIC",,,jora,new,https://au.jora.com/job/Customer-Service-Role-6ef2fb609905327f945604224346074d
3899,8,Yarra Ranges Council,Venue Service Officer,"Lilydale, VIC",,,jora,new,https://au.jora.com/job/Venue-Service-Officer-509b92bbdcbb829f5318e2e2a143396e
3900,8,Yarra Ranges Council,Community Strengthening Administration Officer,"Lilydale, VIC",,,jora,new,https://au.jora.com/job/Administration-Officer-46322489615bfb896e0711f991d3a029
3910,8,Exact Orthodontics,Dental Assistant - Exact Orthodontics,"Indooroopilly, QLD",,,jora,new,https://au.jora.com/job/Dental-Assistant-7fa5eceac62939627e9e79320efcebba
3996,8,Protech,Water Cart - Solar Project - Smoky Creek QLD,"Rockhampton, QLD, (Remote)",$40 /hourly,,jora,new,https://au.jora.com/job/Water-Cart-Solar-c3a7e8d8e45c96722cb111af3650f9d9
4005,8,Costco,Bakery Wrapper,"Boolaroo, NSW",,,jora,new,https://au.jora.com/job/Wrapper-ccd616100dca343e28ee967db9676d76
4026,8,Sutherland Shire Council,Driver/Labourer,"Sutherland, NSW","$63,976 /yearly",,jora,new,https://au.jora.com/job/Labourer-3154f66a9060d31b9c9686ae73868a75
4090,8,Regional Jobs Western Australia,Front Counter Sales Assistant,"Geraldton, WA",,,jora,new,https://au.jora.com/job/Counter-Sales-Assistant-46a31da2ff92623fc026d59dd62b59a9
4212,8,Sirius People,Pick Packer,"Liverpool, NSW",$32 - $33 /hourly,,jora,new,https://au.jora.com/job/Pick-Packer-0425cdf14e13848c6b36e8098dbf06d6
4324,8,Hays Recruitment,Gov department - Customer Service,"Sydney Western Suburbs, NSW",$41 /hourly,,jora,new,https://au.jora.com/job/Gov-department-Customer-a3f82ab2a870ecbe24ca8df000e64019
4339,8,Costco,Meat Wrapper and Sanitizer,"Brisbane, QLD",,,jora,new,https://au.jora.com/job/Meat-Wrapper-595dc8dfe35d809aa10d188a94e76a51
4366,8,Mane Consulting,Accounts Payable Officer,"Sydney CBD, NSW","$85,000 - $95,000 /yearly",,jora,new,https://au.jora.com/job/Accounts-Payable-Officer-478215f038fb36d0b02e5ec324a028dc
4447,8,Blue Ribbon Stockfeeds,Warehouse,"Rockhampton, QLD",,,jora,new,https://au.jora.com/job/Warehouse-6e6e62653882cbbef66ee4bce54da881
4459,8,Prospero Group,Healthcare Recruitment Consultant – Sydney,"Sydney CBD, NSW, (Remote)","$80,000 - $120,000 /yearly",,jora,new,https://au.jora.com/job/Healthcare-Recruitment-Consultant-1a5aac8f51d6e14ec73f15e040161822
4468,8,Chubb Fire & Security,Customer Service Role,"Salisbury, QLD","$72,000 - $73,000 /yearly",,jora,new,https://au.jora.com/job/Customer-Service-Role-09485c53f83dc311dacc15490142e0b2
4469,8,QIC,Accountant Infrastructure Investments,"Brisbane, QLD",,,jora,new,https://au.jora.com/job/Accountant-c4a810a5053088f6670c327a70f90a89
4485,8,NSW Police Force,Quality Assurance Officer,"Moorebank, NSW","$87,199 - $89,829 /yearly",,jora,new,https://au.jora.com/job/Quality-Assurance-Officer-6cc1b48a00af038bcc7083aceb9a7adf
4553,8,Jay Jays,Sales Assistant - Part Time - Jay Jays - Garden City,"Brisbane, QLD",,,jora,new,https://au.jora.com/job/Sales-Assistant-9b4704dca1833bf0acefc1ec7e016a1e
4689,8,Superior People Recruitment,Showroom Assistant,"Rushcutters Bay, NSW",,,jora,new,https://au.jora.com/job/Showroom-Assistant-0d5763310acfbae499db0750b8fec4e9
4733,8,Domino's Pizza,Delivery Driver,"Casuarina, NT",,,jora,new,https://au.jora.com/job/Delivery-Driver-1d93bc20413ad5de9cf9ca1e453eeb7b
4822,8,A.J HERITAGE & N.A MANN,Disability Support Worker,"Aberfoyle Park, SA",,,jora,new,https://au.jora.com/job/Disability-Support-Worker-0e0807224057d3ad0200bc97b76f459b
4844,8,MyChemist Retail Group,Organisational Development Business Partner,"Preston, VIC, (Remote)",,,jora,new,https://au.jora.com/job/Business-Partner-ef19de1ef0f68d40d019db0aaa4b5559
4883,8,Telwater,"Production Labourers, Trades Assistants and Machine Operators","Coomera, QLD",$32 /hourly,,jora,new,https://au.jora.com/job/Production-Labourer-c257110301b0004b1c22d0fe40ca45a2
4889,8,Triggerpoint Natural Health Centre,Receptionist/Social Media Superstar!,"Hamilton South, NSW",,,jora,new,https://au.jora.com/job/Receptionist-98d7f041683bcedb0ec0c1de4d78aa9c
4911,8,MTA Transport,FIFO/ Transport Administration Assistant,"Newman, WA",,,jora,new,https://au.jora.com/job/FIFO-Transport-Administration-7595c6184ee9bac7567cc516c0ef15de
4914,8,Kawana Sportscare,Receptionist for physio practice - Full Time and Part Time Positions Available,"Minyama, QLD",,,jora,new,https://au.jora.com/job/Receptionist-bac06850b7d61ebf551051b46a39b2af
4921,8,More Consulting,LO/LF Operators,"Lidcombe, NSW",$34 - $35 /hourly,,jora,new,https://au.jora.com/job/LO-LF-Operators-2a542a47029ae12c4d90eb6edc141637
4935,8,Planned Resources,Child Safety Advisor,"Melbourne, VIC",,,jora,new,https://au.jora.com/job/Child-Safety-Advisor-d66c216e7da0f09bc5ab3a38e3cb6bad
4984,8,Vic's Premium Quality Meat,PROCESS WORKERS | PICK PACKERS | SMALLGOODS MAKERS,"Mascot, NSW",$35 - $45 /hourly,,jora,new,https://au.jora.com/job/Smallgoods-Maker-1da56abc6d237297db4da6f83a542ee3
4998,8,Pidapipo,Delivery Driver/Kitchen Hand - Pidapipo Fitzroy,"Fitzroy, VIC",$32 - $38 /hourly,,jora,new,https://au.jora.com/job/Delivery-Driver-73e3d641f574d11eb566931e1dec2dd1
5016,8,Fuse Recruitment,4 X Production labourers – Carole Park - $36 p/hr + Daily Overtime (Day shift),"Carole Park, QLD",$36 /hourly,,jora,new,https://au.jora.com/job/Production-Labourer-d8982c6eac2911d54b2f3a50d523a386
5073,8,HR Partners,forklift driver/ storeperson,"Woodpark, NSW",,,jora,new,https://au.jora.com/job/Forklift-Driver-274e3ad797b305f60d4a5e6283b1c96d
5103,8,HR Partners,process worker,"Moorooka, QLD",,,jora,new,https://au.jora.com/job/Process-Worker-4b57b1404f9f21504ae1b358dfcb5320
5132,8,Hays Recruitment,Business Analyst - EAM,"Brisbane, QLD",,,jora,new,https://au.jora.com/job/Business-Analyst-f2dc8c0547326fe0f5b0a306a5605adf
5159,8,Hays Recruitment,Accounts Receivable Officer,"Gold Coast, QLD",,,jora,new,https://au.jora.com/job/Accounts-Receivable-Officer-147b16a8d903e66b56179f2e1e91b69a
5192,8,Yarra Ranges Council,Planning Arborist,"Lilydale, VIC",,,jora,new,https://au.jora.com/job/Arborist-fdde26595d57d1b2ec0906673c015d8b
5228,8,Domino's Pizza,Delivery Driver - ROXBURGH PARK,"Roxburgh Park, VIC",,,jora,new,https://au.jora.com/job/Delivery-Driver-7221a188e17e85f2ea1688618a4ec0a4
5230,8,Minor Hotels ANZ,Front Office Supervisor,"Adelaide, SA",,,jora,new,https://au.jora.com/job/Front-Office-Supervisor-49d65fc6d493ad61d9d4844a57954961
5257,8,Minor Hotels ANZ,Guest Service Agent,"Melbourne, VIC",$27 - $41 /hourly,,jora,new,https://au.jora.com/job/Guest-Service-Agent-6602b4ddcbd9f54cd801b3706f5290a9
5312,8,Voyages Tourism Australia,"Finance Manager (Based in Ayers Rock Resort, NT)","Yulara, NT",,,jora,new,https://au.jora.com/job/Finance-Manager-c88ad981bce9cdd068bdecc576c7d3db
5314,8,Enhanced Physio,Receptionist – Join the Enhanced Physio Team,"Runcorn, QLD",$25 - $35 /hourly,,jora,new,https://au.jora.com/job/Receptionist-debb5fda7a5756df41401e136feddb50
5315,8,Bendigo Bank,Customer Service Officer | Community Bank Wyong | NSW,"Wyong, NSW",,,jora,new,https://au.jora.com/job/Customer-Service-Officer-44355e6a3092ae76358bb396dd54e015
5316,8,Lumos Advisory,Receptionist,"Toowoomba, QLD","$60,000 - $70,000 /yearly",,jora,new,https://au.jora.com/job/Receptionist-db298eb0b461c48435e3a5e3440027b5
5318,8,Visionchart,Warehouse All-Rounder,"Huntingwood, NSW",$29 - $32 /hourly,,jora,new,https://au.jora.com/job/Warehouse-All-Rounder-4a89e9899eae450745af7831668a7879
5332,8,Opal HealthCare,Hospitality Services Officer,"Carseldine, QLD",,,jora,new,https://au.jora.com/job/Hospitality-Services-Officer-4da603a3d893ff351471bdd52fdf2c8a
5365,8,BHP,Specialist Finance Accounting | Perth,"Perth, WA",,,jora,new,https://au.jora.com/job/Specialist-6e73eca7205cc73c4c471b202a6206c4
5370,8,Integrity Plumbing Melbourne PTY LTD,Part-Time Office & Operations Coordinator,"Keilor Park, VIC",$35 - $45 /hourly,,jora,new,https://au.jora.com/job/Operations-Coordinator-08a0d3193eaf1ece17c5b1d7ba2fe9e1
5375,8,Lovisa,Adelaide | Festive Stylist | 2026,"Elizabeth, SA",,,jora,new,https://au.jora.com/job/Stylist-e762a51693f96accfa4e7d42311b476f
3804,7,Business NSW,Administration and Events Assistant,"Sydney CBD, NSW",,2026-08-08,jora,new,https://au.jora.com/job/Events-Assistant-6e8725c8c4472a4bf6c5e2952d38c0a2
3813,7,James Fisher and Sons,Storeperson,"Caringbah, NSW",,2026-08-08,jora,new,https://au.jora.com/job/Storeperson-95672bcec5bb9cf696d1fc9c742da6d0
3827,7,Department of Communities WA,Customer Support Officer,"Perth, WA","$79,604 - $85,350 /yearly",2026-08-08,jora,new,https://au.jora.com/job/Customer-Support-Officer-1fc5d3706cf54b8d1aa45e7174af1f51
3938,7,Collar,PCW - QLD - Regis Sandgate Lucinda,"Sandgate, QLD",,2026-08-08,jora,new,https://au.jora.com/job/PCW-QLD-Regis-9227961b6bae07e7c4556bbad7b34185
4032,7,Regis,Leadership and Engagement Specialist,"Melbourne, VIC",,2026-08-08,jora,new,https://au.jora.com/job/Engagement-Specialist-f6eee952a2aab45372f7f7d4e76c9e4e
3301,7,Diamond Valley Basketball Association,Competitions Administrator,"Greensborough, VIC","$72,000 - $76,000 /yearly",2026-08-07,jora,new,https://au.jora.com/job/Competitions-Administrator-7fcccd9c01e59d3e63ab3143a1a5f99b
3305,7,Children's Ground,Operations Coordinator - Central Australia,"The Gap, QLD","$106,892 /yearly",2026-08-07,jora,new,https://au.jora.com/job/Operations-Coordinator-f78d6e66e3e0c3244b57ca4e5d383783
3309,7,VCF,Warehouse Manager,"Wonthaggi, VIC",,2026-08-07,jora,new,https://au.jora.com/job/Warehouse-Manager-531332ef0bec2c36ad4ee1194e43d197
3402,7,Woollahra Council,Regulatory Officer - Ranger,"Double Bay, NSW","$83,283 - $92,049 /yearly",2026-08-07,jora,new,https://au.jora.com/job/Regulatory-Officer-7cd33a80052f0b81a4a0e4dfe52c2c84
3477,7,Tracks Indigenous Services,Warehouse & Operations Officer,"Darwin, NT",,2026-08-07,jora,new,https://au.jora.com/job/Operations-Officer-cce2caa03493df5a047442f6ef4e7d36
3485,7,Industry Skills Limited,Project Support Officer,"Melbourne, VIC","$75,000 - $90,000 /yearly",2026-08-07,jora,new,https://au.jora.com/job/Project-Support-Officer-436602f2fd95db7a4e1ebdba29caae22
3590,7,CG Recruitment,Transport Administrator,"Lidcombe, NSW",,2026-08-07,jora,new,https://au.jora.com/job/Transport-Administrator-a4b96f6e878ee377397636a4ff9f9a34
3597,7,Harcourts,ICT Support Officer,"Brisbane, QLD",,2026-08-07,jora,new,https://au.jora.com/job/ICT-Support-Officer-1571d128e01286d06dc913b2234cfc32
3634,7,Cogenesis Business Group,IT Support Consultant,"Sydney CBD, NSW, (Remote)","$75,000 - $100,000 /yearly",2026-08-07,jora,new,https://au.jora.com/job/IT-Support-Consultant-37a43ed95cc3665decaee81beceb27a3
3643,7,Upswing Recruitment,Pick Packer - Day and Afternoon Shift,"Werribee, VIC",$34 - $39 /hourly,2026-08-07,jora,new,https://au.jora.com/job/Pick-Packer-Day-6c1b574bf9f0a6ea1545b08369396b20
4508,7,Velan Consulting Pty Ltd,AI Developer,"Canberra, Australian Capital Territory",,2026-08-07,linkedin,new,https://www.linkedin.com/jobs/view/4448729196
2775,7,DHL Supply Chain,Customer Service Representative,"Sydney CBD, NSW",,2026-08-06,jora,new,https://au.jora.com/job/Customer-Service-Representative-947c0dc99541caa25818f7e47a9c0381
2943,7,FedEx,Operations Agent,"Yandina, QLD",,2026-08-06,jora,new,https://au.jora.com/job/Operations-Agent-d6f8e765b7e367df64d4d232fbb37d99
2978,7,Mater Central Queensland - Rockhampton,Administration Officer - Reception,"South Brisbane, QLD",$32 - $37 /hourly,2026-08-06,jora,new,https://au.jora.com/job/Administration-Officer-d816a6f6c46fb6d77cc6e4249afc2644
3116,7,Sharp and Carter,Payroll Operations Manager,"Melbourne, VIC",,2026-08-06,jora,new,https://au.jora.com/job/Operations-Manager-1ae1c5bdc241e1a4918d3bae2b9a39f4
3139,7,David Jones,Logistics Team Leader | North Sydney,"Sydney, NSW",,2026-08-06,jora,new,https://au.jora.com/job/Logistics-Team-Leader-0a6c667d161915b991280fb5b24f0790
3166,7,Kempsey Shire Council,Information Technology Service Desk Officer,"Kempsey, NSW, (Remote)",,2026-08-06,jora,new,https://au.jora.com/job/Information-Technology-Service-Desk-Officer-ac45dd7f9db6cfd691393b6df33275ff
3178,7,Mater Group,Administration Officer - Reception,"South Brisbane, QLD",$32 - $37 /hourly,2026-08-06,jora,new,https://au.jora.com/job/Administration-Officer-5037130d0c15bcd54ca651ef218d09cd
3221,7,Ironwood Institute,Front desk & student services officer,"Adelaide, SA","$60,000 - $61,000 /yearly",2026-08-06,jora,new,https://au.jora.com/job/Student-Services-Officer-418d4d38525097231ae90e46c589b5ee
3222,7,Programmed Maintenance Services,Courier Driver,"Orange, NSW",,2026-08-06,jora,new,https://au.jora.com/job/Courier-Driver-d815b33e5fa4940f29ad1729d09975fb
3236,7,Sharon Bennie - Specialist Property Recruitment,Project Sales Assistant,"Sydney, NSW",,2026-08-06,jora,new,https://au.jora.com/job/Sales-Assistant-fa9de17b8502066c8dea2315b03e9169
2361,7,National Workforce,Freight Handler,"Caloundra West, QLD",$34 - $35 /hourly,2026-08-05,jora,new,https://au.jora.com/job/Freight-Handler-0f66b8a6fc79f25de42c596523ce19ca
2586,7,Public Transport Authority of Western Australia,Operations Support Officer,"Perth, WA","$80,000 /yearly",2026-08-05,jora,new,https://au.jora.com/job/Operations-Support-Officer-1d97cabb2c07543cd835c999959d99c7
2606,7,NSW Department of Communities and Justice,Registry Officer-NSW Civil and Administrative Tribunal,"Sydney, NSW","$78,000 - $84,799 /yearly",2026-08-05,jora,new,https://au.jora.com/job/Registry-Officer-d652b4ff9f51beb90fdd71bd862668e0
1759,7,Thought Machine,Sales Engineer,"Sydney, New South Wales",,2026-07-30,linkedin,new,https://www.linkedin.com/jobs/view/4410721814
805,7,Peoplebank,Data Analyst,"Sydney, New South Wales, (Remote)",,2026-07-26,linkedin,new,https://www.linkedin.com/jobs/view/4445612196
558,7,Amentum,GIS Foundation Specialist - Bendigo based,"Melbourne, Victoria",,2026-07-24,linkedin,new,https://www.linkedin.com/jobs/view/4444967859
8,7,AXIS Teletherapy,Speech Language Pathologist (Remote) - Schools,"Charleston, WV, (Remote)",,2026-07-22,indeed,new,https://www.indeed.com/viewjob?jk=be88f3f025e1c5b2
145,7,MARS Recruitment,Product Manager,"Melbourne, Victoria",,2026-07-22,linkedin,new,https://www.linkedin.com/jobs/view/4442982694
153,7,Hays,GIS Officer,"Sydney, New South Wales",,2026-07-21,linkedin,new,https://www.linkedin.com/jobs/view/4443309971
372,7,Colliers,Database Analyst,"Mascot, New South Wales",,2026-07-21,linkedin,new,https://www.linkedin.com/jobs/view/4434928719
3952,7,Lifestyle Markets Australia Inc.,Volunteer Admin Assistant - Work from Home,(Remote),,2026-07-09,jora,new,https://au.jora.com/job/Volunteer-8540b5718adb6c7620b0a92770d3e81b
3828,6,RSL Queensland,District Administration Assistant (Toowoomba),"Toowoomba, QLD",,2026-08-08,jora,new,https://au.jora.com/job/District-Administration-Assistant-4b08a5db0b0bfec7fb55553c04b58859
4020,6,Westside Timbers,Junior admin,"Toowoomba, QLD",$25 - $30 /hourly,2026-08-08,jora,new,https://au.jora.com/job/Junior-admin-825359bc1d4ae5d9f384501b8b16c117
4102,6,Korn Ferry,Recruitment Business Partner (Hybrid | Sydney) Stockland Group,"Sydney, NSW",,2026-08-08,jora,new,https://au.jora.com/job/Recruitment-Business-Partner-9480168fa5327762bc0160765221bc55
4115,6,Gastronomy,Purchasing Administrator,"Alexandria, NSW",,2026-08-08,jora,new,https://au.jora.com/job/Purchasing-Administrator-c23e2e048678fdb1602dafdf75bf05c4
3719,6,St Carthage's Cathedral Parish,Operations Support Worker,"Lismore, NSW",$29 - $34 /hourly,2026-08-07,jora,new,https://au.jora.com/job/Support-Worker-6b61d499de6f1dd93ea57092bdad001c
2946,6,Mars Recruitment,Compliance Coordinator,"Sydney CBD, NSW","$80,000 - $85,000 /yearly",2026-08-06,jora,new,https://au.jora.com/job/Compliance-Coordinator-96c35761cb6103abd3cab7f0dbf2ad18
2950,6,NSW Health,Administration Officer Level 3 - Sutherland Mental Health Service,"Sutherland, NSW",$37 - $38 /hourly,2026-08-06,jora,new,https://au.jora.com/job/Administration-Officer-15d1aa915d3f006d542bd447bdfa0212
3039,6,Harwell Consulting,Receptionist,"Gold Coast, QLD",,2026-08-06,jora,new,https://au.jora.com/job/Receptionist-f8e3bdb31bed2a987695397d39098878
3076,6,Haymond Consulting Group Pty Ltd,Administration Support,"Marrickville, NSW",$36 /hourly,2026-08-06,jora,new,https://au.jora.com/job/Administration-Support-a9065f527324e321041ccd6f7f3bab48
3169,6,Remat Pty Ltd,Administration Support Officer,"Bathurst, NSW",,2026-08-06,jora,new,https://au.jora.com/job/Administration-Support-Officer-fb63df1ebe886ff2539cf5824ada29d6
3232,6,The BUSY Group,Administration Assistant,"Surfers Paradise, QLD",,2026-08-06,jora,new,https://au.jora.com/job/Administration-Assistant-91cb97ab675dd45741c43ac9255991fa
3244,6,Korn Ferry,Executive Assistant,"Sydney, NSW",,2026-08-06,jora,new,https://au.jora.com/job/Executive-Assistant-2d2ba4ecd907ae4aa04dc2adbb984bf6
3250,6,The Procare Group,Administration Assistant,"Sydney, NSW",,2026-08-06,jora,new,https://au.jora.com/job/Administration-Assistant-09ef4b3369dc57c522c2f12e8979c6de
2385,6,Star X Technology Solutions,Hardware IT Support (Assistant),"Sydney CBD, NSW, (Remote)","$70,000 - $90,000 /yearly",2026-08-05,jora,new,https://au.jora.com/job/Hardware-IT-Support-b4d568a97f7daa762dee6ce30b10c5b5
2760,6,Pro Integrate,"Data Moderator - Australia (Sydney,Brisbane, Melbourne only)",Unknown,,2026-08-05,linkedin,new,https://www.linkedin.com/jobs/view/4448977640
1125,6,Mattox Solution,Generative AI Consultant,"Sydney, New South Wales",,2026-07-28,linkedin,new,https://www.linkedin.com/jobs/view/4446313880
1159,6,Mattox Solution,Digital Engineering Lead,"Sydney, New South Wales",,2026-07-28,linkedin,new,https://www.linkedin.com/jobs/view/4446303956
1175,6,Mattox Solution,Technology Strategy Consultant,"Sydney, New South Wales",,2026-07-28,linkedin,new,https://www.linkedin.com/jobs/view/4446317747
1283,6,Mattox Solution,Management Consultant,"Sydney, New South Wales",,2026-07-28,linkedin,new,https://www.linkedin.com/jobs/view/4446314830
850,6,Reyah AI,Full-Stack Developer - SaaS Platform Project,"Sydney, New South Wales",,2026-07-27,linkedin,new,https://www.linkedin.com/jobs/view/4444847992
915,6,Crossing Hurdles,AI Trainer | $70/hr Remote,(Remote),,2026-07-27,linkedin,new,https://www.linkedin.com/jobs/view/4436080611
968,6,SLR TRANS,Product Manager,"Sydney, New South Wales",,2026-07-27,linkedin,new,https://www.linkedin.com/jobs/view/4445935357
981,6,The Horse,Digital Marketing Manager,"Miranda, New South Wales",,2026-07-26,linkedin,new,https://www.linkedin.com/jobs/view/4442942797
651,6,Datacom,Desktop Support Engineer - Sydney,"Sydney, New South Wales, (Remote)",,2026-07-25,linkedin,new,https://www.linkedin.com/jobs/view/4408516832
500,6,Strategic Partners Australia,Product Manager,(Remote),,2026-07-24,linkedin,new,https://www.linkedin.com/jobs/view/4444776021
989,6,Amentum,NMP80323 - ICT Solutions Implementation and Development Tech Data Developer,"Sydney, New South Wales",,2026-07-24,linkedin,new,https://www.linkedin.com/jobs/view/4444981308
259,6,"NTT DATA, Inc.",Product Manager (digital transformation),"Canberra, Australian Capital Territory, (Remote)",,2026-07-23,linkedin,new,https://www.linkedin.com/jobs/view/4443463148
731,6,NSW Health,Program Manager,"St Leonards, New South Wales",,2026-07-23,linkedin,new,https://www.linkedin.com/jobs/view/4444045080
5,6,Universal Family Care,Medical Doctor,"Baton Rouge, LA",$400 - $900 /daily,2026-07-22,indeed,new,https://www.indeed.com/viewjob?jk=61973a77cb6b4ae5
12,6,Fairbranch Health Services,Part-Time Hospice Marketer / Community Liaison,"McKinney, TX, (Remote)",,2026-07-22,indeed,new,https://www.indeed.com/viewjob?jk=52ef22bd264623fc
22,6,Washington County Public Schools,Paraprofessional ML Bilingual Achievement - South Hagerstown High School,"Hagerstown, MD",$21 - $39 /hourly,2026-07-22,indeed,new,https://www.indeed.com/viewjob?jk=617657f685768cd3
232,6,Department of Social Services (DSS),APS 6 – Front End Designer / Developer,"Sydney, New South Wales",,2026-07-22,linkedin,new,https://www.linkedin.com/jobs/view/4443428539
2,6,The Courvilles,Nursing Assistant (LNA) - 3-11 Position!,"Nashua, NH",,2026-07-21,indeed,new,https://www.indeed.com/viewjob?jk=ab97ead47e7acb6e
26,6,Jacobs,Testing Recommendation Step,"Anchorage, AK, (Remote)",,2026-07-20,linkedin,new,https://www.linkedin.com/jobs/view/4443012711
37,6,Jacobs,Testing Recommendation Step,"Dallas, TX, (Remote)",,2026-07-20,linkedin,new,https://www.linkedin.com/jobs/view/4443021381
4547,6,Dowson Turco Lawyers,Office Manager,"Sydney CBD, NSW, (Remote)","$80,000 - $95,000 /yearly",,jora,new,https://au.jora.com/job/Office-Manager-7015be97ead7f8d8cf618eecfc575841
4732,6,Superior People Recruitment,Administration Assistant,"Melbourne, VIC",,,jora,new,https://au.jora.com/job/Administration-Assistant-72bfe3e2988d686c8bd17d3bbb965521
3759,5,DoorDash,DoorDash Shopper - Delivery Driver,"Sydney, NSW",,2026-08-08,jora,new,https://au.jora.com/job/Delivery-Driver-4f9f57412312c227a0ae07a18d6a8456
3760,5,Department of Education Victoria,Education Support - Junior Years,"Kennington, VIC",,2026-08-08,jora,new,https://au.jora.com/job/Education-Support-Junior-06b74d07f667e56b6fd10f0cdfe2c711
3765,5,Placement Solutions,Hybrid Nanny HHM | Fitzroy VIC | 3 Days a week | 24 hrs per week | NCOMR,"Fitzroy, VIC",,2026-08-08,jora,new,https://au.jora.com/job/Nanny-66934392fae8e40a28c09aa362cbf19e
3769,5,Pearl Recruitment Group,Administrators - Multiple Positions!,"Perth, WA","$70,000 - $80,000 /yearly",2026-08-08,jora,new,https://au.jora.com/job/Administrators-Multiple-Positions-b124285f2b76be0716abf89298f159de
3770,5,Wasply Talent Partnership,Client Services Coordinator,"Perth, WA",,2026-08-08,jora,new,https://au.jora.com/job/Client-Services-Coordinator-74a924d065d5d10d4deb2468f3882bdb
3771,5,Federal Express Corporation AMEA,Courier,"Tullamarine, VIC",,2026-08-08,jora,new,https://au.jora.com/job/Courier-33d7981243e630055f84130d534adb5e
3772,5,Greater Dandenong City Council,Youth Development Officer,"Dandenong, VIC","$82,392 - $95,116 /yearly",2026-08-08,jora,new,https://au.jora.com/job/Youth-Development-Officer-5475c2030271c5f742db1a50390f1baa
3773,5,Reo Group,Finance Business Partner,"Sydney, NSW","$130,000 - $140,000 /yearly",2026-08-08,jora,new,https://au.jora.com/job/Finance-Business-Partner-48d05f7452e78f6bb499031834c2c828
3774,5,SB Recruitment,Financial Controller | Financial Services,"Sydney, NSW",,2026-08-08,jora,new,https://au.jora.com/job/Financial-Controller-849be0c7b44ddf806ec6ead928425213
3775,5,Sharp and Carter,Acounts Payable Assistant,"Melbourne, VIC",$36 - $38 /hourly,2026-08-08,jora,new,https://au.jora.com/job/Assistant-479469ae46391329d9d999f9a1e7fe4d
3776,5,Reo Group,Operations Manager - $125k - $150k + Superannuation,"Sydney, NSW","$125,000 - $150,000 /yearly",2026-08-08,jora,new,https://au.jora.com/job/Operations-Manager-1e6b6cf7e20657b0137dbae9f5bb3cd3
3777,5,MACRO Recruitment,Part-Time Back Office Accounts Officer,"Central Coast, NSW, (Remote)",$35 - $43 /hourly,2026-08-08,jora,new,https://au.jora.com/job/Accounts-Officer-28fa0d06919254adb14f6307b8f7022f
3779,5,Norco Co-Operative Limited,Distribution Employee,"Labrador, QLD",,2026-08-08,jora,new,https://au.jora.com/job/Distribution-Employee-c09c51c937a53db40607e4fe0a6c274b
3783,5,Rural City of Wangaratta,Customer Experience Officer - WSAC,"Wangaratta, VIC",$29 /hourly,2026-08-08,jora,new,https://au.jora.com/job/Customer-Experience-Officer-2807a1825bdf842c5e72d67ad28fc3f5
3784,5,Employment type:,Education Assistant - Mainstream,Western Australia,,2026-08-08,jora,new,https://au.jora.com/job/Education-Assistant-Mainstream-cb2d05ef6b7b2a93988bc82f24163839
3786,5,Perigon Group,Finance Business Partner,"Sydney CBD, NSW","$150,000 - $160,000 /yearly",2026-08-08,jora,new,https://au.jora.com/job/Finance-Business-Partner-1a0ecd9397921915185af70ec3ecd205
3788,5,Rubix Solutions,Labourers,"Sydney, NSW",,2026-08-08,jora,new,https://au.jora.com/job/Labourer-c8df637ed1ec8e2854c7539967e4b2aa
3789,5,Ambition Recruitment,CSM,"Sydney CBD, NSW",,2026-08-08,jora,new,https://au.jora.com/job/CSM-22bc82a25c7e61f3ac2f621ae1f81d17
3792,5,Protech,Rail labourers and Plant operators,"Wagga Wagga, NSW",,2026-08-08,jora,new,https://au.jora.com/job/Plant-Operator-28cb6d78e81c94e8dfeea756fee1cc3d
3793,5,Sharp and Carter,Accounts Payable Team Leader,"North Melbourne, VIC",,2026-08-08,jora,new,https://au.jora.com/job/Accounts-Payable-Team-Leader-6ce78ea25b4985dd2f3c58e865bee476
3794,5,Corrections Victoria Community Corrections,Field Officer - Geelong,"Geelong, VIC",$42 /hourly,2026-08-08,jora,new,https://au.jora.com/job/Field-Officer-346d13215b21db4e28d65281a21934a0
3795,5,HammondCare,PM Scheduler - Community Care,"Sydney, NSW",,2026-08-08,jora,new,https://au.jora.com/job/Scheduler-e00f2c9bb1186fa7c47e8427cf9f5664
3799,5,Endeavour,"Recycling Attendant - Warwick, Queensland","Warwick, QLD",,2026-08-08,jora,new,https://au.jora.com/job/Recycling-Attendant-43e029d414eb777b099b9b91d6b7848a
3800,5,Fitzroy Island Resort,Multipurpose Officer Parks and Gardens,"Colac, VIC","$66,213 - $70,028 /yearly",2026-08-08,jora,new,https://au.jora.com/job/Officer-ae83000f7c11d83c803d5a9798265986
3801,5,South West Healthcare,Clinicians Assistant,"Warrnambool, VIC","$53,284 - $55,648 /yearly",2026-08-08,jora,new,https://au.jora.com/job/Assistant-b30442c92902f8eb0ff9c4b96322028a
3802,5,Silk Hospitality,Housekeeping Positions - Brisbane,"Brisbane, QLD",,2026-08-08,jora,new,https://au.jora.com/job/Housekeeping-Positions-Brisbane-a91c4e8ce10fbdc7f8ec34d234e2471d
3803,5,Department of Justice and Community Safety VIC,Field Officer - Geelong,"Geelong, VIC","$42 - $79,753 /hourly",2026-08-08,jora,new,https://au.jora.com/job/Field-Officer-4dcb4091a4f8cf82df54bd0ff11062c3
3806,5,BMD,Receptionist,"Sydney, NSW",,2026-08-08,jora,new,https://au.jora.com/job/Receptionist-73daacf33d07d88ed5dc05f08ae67d56
3807,5,G James Glass and Aluminium,Administration Assistant,"Eagle Farm, QLD",,2026-08-08,jora,new,https://au.jora.com/job/Administration-Assistant-19e6ef15f46eef77117f5bb4dad5f92f
3810,5,City of Stirling,Facility Hire Officer,"Inglewood, WA","$76,251 /yearly",2026-08-08,jora,new,https://au.jora.com/job/Officer-a458c52724ad3b06692aa6939a12705e
3811,5,Cared,NDIS Service Navigation & Intake Lead,"Sydney, NSW",,2026-08-08,jora,new,https://au.jora.com/job/NDIS-Service-Navigation-9c3d20f73e12344511d98ee76148fc17
3814,5,CCEP,Forklift Operator,"Moorabbin, VIC",,2026-08-08,jora,new,https://au.jora.com/job/Forklift-Operator-9aa882de57bbad543ccc59a08fd75561
3816,5,CPB Contractors,Expressions of Interest - Project People & Culture Manager,"Brisbane, QLD",,2026-08-08,jora,new,https://au.jora.com/job/Expressions-of-Interest-44462f5f05673d999207b81d7ee8e550
3819,5,Employment type:,Library Officer,"Wanneroo, WA",,2026-08-08,jora,new,https://au.jora.com/job/Library-Officer-e3e87eb26abc54e3b7c2380fdcc35682
3820,5,Mount Scopus College,Education Support Officer,"Burwood, NSW",,2026-08-08,jora,new,https://au.jora.com/job/Education-Support-Officer-5d80541c508c32c14aa1945139a935e4
3821,5,Technium,Office Operations & Experience Manager,"Melbourne, VIC",,2026-08-08,jora,new,https://au.jora.com/job/Experience-Manager-0600b847a97d085a04fc61fbe047845d
3823,5,Auto & General,Customer Service Consultant,"Adelaide, SA",,2026-08-08,jora,new,https://au.jora.com/job/Customer-Service-Consultant-2556458bec72d19fc697791762ccbf5e
3825,5,Service Stream Group,Meter Reader - Shepparton,"Epping, VIC",,2026-08-08,jora,new,https://au.jora.com/job/Meter-Reader-57e333c5387cd5419c41b916535f6f9f
3826,5,PrixCar Services,Customer Account Coordinator,"Altona, VIC",,2026-08-08,jora,new,https://au.jora.com/job/Account-Coordinator-7f704027265a96a789dc75d780bc6e49
3829,5,The University of Western Australia,Student Transition Assistant,"Crawley, WA","$80,293 - $85,291 /yearly",2026-08-08,jora,new,https://au.jora.com/job/Assistant-e053ad88a0b923bc1be0b0dfa66b0ca8
3865,5,Kip Happy Stays,Animal Attendant (Pet Boarding),"Morisset, NSW",,2026-08-08,jora,new,https://au.jora.com/job/Animal-Attendant-4839eddd4692a80347e28197e631939f
3867,5,Maxwell Apprentices,Maintenance Storeperson,"Penrith, NSW",,2026-08-08,jora,new,https://au.jora.com/job/Maintenance-Storeperson-0ae1a4eda8e573442de012f8ab04d0fa
3872,5,Department of Education,Education Assistant - Mainstream,"Perth, WA",,2026-08-08,jora,new,https://au.jora.com/job/Education-Assistant-Mainstream-9b8ea95ab7f3fff45f7c6ebfcd67814b
3882,5,Arafutura Consulting,Clerk (General),"Kununurra, WA, (Remote)","$71,550 - $75,000 /yearly",2026-08-08,jora,new,https://au.jora.com/job/Clerk-bff5bc84f9952492f3088233e20e6523
3897,5,Reo Recruitment,Operations Manager,"Sydney Western Suburbs, NSW","$125,000 - $150,000 /yearly",2026-08-08,jora,new,https://au.jora.com/job/Operations-Manager-183cefce0386aa91daacb93777b3bcda
3907,5,Golden Trident Pty Ltd,Retail Manager,"Engadine, NSW","$78,000 - $82,000 /yearly",2026-08-08,jora,new,https://au.jora.com/job/Retail-Manager-d5e872277ef9d024805099b0828501db
3927,5,Bjak Sdn Bhd,Founder's office,"Sydney, NSW, (Remote)",,2026-08-08,jora,new,https://au.jora.com/job/Founder-e6d43d0820c7d1658b1ef08e5874a6be
3931,5,evaiya spa,Receptionist and Operations Assistant,"Surfers Paradise, QLD",$24 - $27 /hourly,2026-08-08,jora,new,https://au.jora.com/job/Operations-Assistant-85dafc9212599eafd1af8dd304692e35
3940,5,Collar,Office assistant,"Bibra Lake, WA",,2026-08-08,jora,new,https://au.jora.com/job/Office-Assistant-cc848d5447ed769cc3724c42ea1acaba
3943,5,Korn Ferry,"RPO Sourcing Specialist, Sydney | Global Media Client","Sydney, NSW",,2026-08-08,jora,new,https://au.jora.com/job/Sourcing-Specialist-6fb36690db2c1724befa422e79748d6c
3945,5,Bigwarehouse Spares,Entry Level Customer Service Representative,"Keiraville, NSW",,2026-08-08,jora,new,https://au.jora.com/job/Customer-Service-Representative-d7171ab05eb67e266fe433ed7476ef99
3961,5,Collar,NT - IHS - PCW - Calvary - Darwin Service Centre - (BS),Northern Territory,,2026-08-08,jora,new,https://au.jora.com/job/NT-IHS-PCW-a80c39cb1c748f43267ef94a4d116d5c
3963,5,Collar,Trade Assistant,"West Perth, WA",,2026-08-08,jora,new,https://au.jora.com/job/Trade-Assistant-07ba7390de05111bc55beb092043491d
3964,5,Collar,PCW - NSW - UPA Richmond Lodge,"Casino, NSW",,2026-08-08,jora,new,https://au.jora.com/job/PCW-NSW-UPA-9dc605ab414097e9275bbeb3604c5ec7
3968,5,Collar,HD Fitters,"Sydney, NSW",,2026-08-08,jora,new,https://au.jora.com/job/HD-Fitters-d20c777d8f4931177d04ad2f86ca3045
3972,5,Korn Ferry,"RPO Talent Acquisition Partner, Sydney or Melbourne | Global Media & Advertising Client","Sydney, NSW",,2026-08-08,jora,new,https://au.jora.com/job/Talent-Acquisition-Partner-19a2f3097f0cd5a636ab4047aeafeaf5
3973,5,Collar,Machine Operator,Victoria,,2026-08-08,jora,new,https://au.jora.com/job/Machine-Operator-ce251630a352119eb2ba8dc15a912b14
4002,5,ThompsonCook,"Assistant Accountant | FMCG | $85,000 – $95,000 package | SE suburbs","Melbourne, VIC, (Remote)",,2026-08-08,jora,new,https://au.jora.com/job/Assistant-Accountant-5c478c54d56ed26d4dcb70b3319afeab
4004,5,Staple Acquisitions,Sales & Customer Service | Full Training | Immediate Start,"Sydney CBD, NSW",$35 /hourly,2026-08-08,jora,new,https://au.jora.com/job/Sales-Customer-Service-6a728891988918fe70d9f830b228cc55
4006,5,Raben Footwear,Retail Buyer,"Sydney, NSW",,2026-08-08,jora,new,https://au.jora.com/job/Retail-Buyer-eac68a2b33901abe51daebba0139ce4d
4033,5,Falcon Fleet Corp Pty Ltd,Office Manager,"Perth, WA","$85,000 /yearly",2026-08-08,jora,new,https://au.jora.com/job/Office-Manager-a92a00a2ab94be040571211660b3b3be
4079,5,Programmed Maintenance Services,Order Pickers - Large DC,"Mentone, VIC",,2026-08-08,jora,new,https://au.jora.com/job/Order-Picker-ec2a3d30aeb980ce9e84d82409f86580
4095,5,Programmed / PERSOLKELLY,Order Pickers - Large DC,"Melbourne, VIC",$34 - $36 /hourly,2026-08-08,jora,new,https://au.jora.com/job/Order-Picker-ed8c6f4b7c208cb2f3393adc9adf2a7c
4096,5,Primary Connect,DC Storeperson,"Truganina, VIC",,2026-08-08,jora,new,https://au.jora.com/job/Storeperson-4310d5014bdac8d43ebee3524c212dbc
4098,5,Dynamic Doctors Group,Medical Receptionist,"Mandurah, WA",,2026-08-08,jora,new,https://au.jora.com/job/Medical-Receptionist-8df49025f10447796f7ed6e01292cab3
4193,5,Perigon Group,Finance Manager,"Sydney CBD, NSW, (Remote)","$160,000 - $180,000 /yearly",2026-08-08,jora,new,https://au.jora.com/job/Finance-Manager-503880ad0fbba1170a46bcc95c62598b
3294,5,SustainHealth Recruitment,"Clinical Coder | Permanent Role | Sydney, NSW","Sydney, NSW","$85,000 - $95,000 /yearly",2026-08-07,jora,new,https://au.jora.com/job/Clinical-Coder-97951ae836dbce0f41499dc664e9a3be
3295,5,Australian Optimal Recruitment,Sales Representative,"Sydney, NSW",,2026-08-07,jora,new,https://au.jora.com/job/Sales-Representative-45bd2e4dbf5ba8ff1e55f8e243f773d0
3296,5,Queensland Department of Education,Administration Officer - Loganlea State High School,Queensland,"$78,541 - $87,148 /yearly",2026-08-07,jora,new,https://au.jora.com/job/Administration-Officer-6c74f4a073ee7bbfb5b61b3fd80f949c
3297,5,Fitzroy Island Resort,Warehouse and Production Assistant,"Brisbane, QLD",$33 - $37 /hourly,2026-08-07,jora,new,https://au.jora.com/job/Production-Assistant-7f933e604ceeb90a3615e89260ea5c26
3298,5,Workpac Group,Payroll Data Entry,"Adelaide, SA",$50 - $55 /hourly,2026-08-07,jora,new,https://au.jora.com/job/Payroll-Data-Entry-46d316a553031e4120e6adfd647efff8
3300,5,Adelaide Education Group,Academic Operations Coordinator,"Adelaide, SA",,2026-08-07,jora,new,https://au.jora.com/job/Operations-Coordinator-d4fd4e017d3ca7b3477924673cebfdd8
3302,5,Voyages Tourism Australia,concierge - Porter,"Yulara, NT",,2026-08-07,jora,new,https://au.jora.com/job/Concierge-9c6e9bf75cc57e2c8d56103f79b0d4e3
3304,5,Queensland Department of Education,Business Manager - Mutarnee State School,"Mutarnee, QLD","$78,541 - $87,148 /yearly",2026-08-07,jora,new,https://au.jora.com/job/Business-Manager-b6aafe47f982dcb02d13e1d7b93eba4c
3306,5,HCLTech,Service Desk Analyst (Voice Support),"Melbourne, VIC",,2026-08-07,jora,new,https://au.jora.com/job/Service-Desk-Analyst-090988319765c9f45431440cb3606525
3310,5,Concentrix,Auslan Video Interpreter - WFH Victoria,"Victoria, (Remote)",$56 - $66 /hourly,2026-08-07,jora,new,https://au.jora.com/job/Interpreter-1c8f2b620782bc49e70c0ec168cb1a8c
3311,5,Sunshine Coast Council,Parks Worker / Operator,"Sunshine Coast, QLD",,2026-08-07,jora,new,https://au.jora.com/job/Parks-Worker-d274eeaf87dffcf4d573b777f0f7db78
3312,5,Queensland Department of Education,School Support Officer - Yarrabah State School,"Cairns, QLD","$67,863 - $72,073 /yearly",2026-08-07,jora,new,https://au.jora.com/job/School-Support-Officer-44874e0e96f2cdeb9ecdf457b9fc2505
3313,5,MyChemist Retail Group,Payroll Officer,"Preston, VIC, (Remote)",,2026-08-07,jora,new,https://au.jora.com/job/Payroll-Officer-e728bd4a34a98efdca495ac2cdbecef6
3314,5,Lone Pine Koala Sanctuary,Raptor Keeper,"Fig Tree Pocket, QLD",,2026-08-07,jora,new,https://au.jora.com/job/Keeper-431fd0df737e7c4198edeb42b082d521
3315,5,Queensland Department of Education,Business Manager - Haigslea State School,"Haigslea, QLD","$78,541 - $87,148 /yearly",2026-08-07,jora,new,https://au.jora.com/job/Business-Manager-9389a386ce02428efde5ea817172b9ef
3325,5,Gilead Sciences,Administrative Coordinator,"Melbourne, VIC",,2026-08-07,jora,new,https://au.jora.com/job/Administrative-Coordinator-a117974f46fd682791cd74289f5119ee
3328,5,Computershare,Customer Operations Representative,"Maroochydore, QLD",,2026-08-07,jora,new,https://au.jora.com/job/Customer-Operations-Representative-93597eaa248359fff0cf608887675862
3329,5,Diocese of Sale Catholic Education Limited,School Administration Officer - Student,"Drouin, VIC","$56,579 - $72,459 /yearly",2026-08-07,jora,new,https://au.jora.com/job/School-Administration-Officer-920ffdf53496c6e232bee53196f06f26
3332,5,Queensland Health,Pathology Assistant - Mount Isa,"Mount Isa, QLD",,2026-08-07,jora,new,https://au.jora.com/job/Pathology-Assistant-de30a932b7fa9a83504299c314df77db
3338,5,Maribyrnong City Council,Customer Service Officer,"Footscray, VIC",,2026-08-07,jora,new,https://au.jora.com/job/Customer-Service-Officer-df8c5d046013ecb29e6fd421c6ab86df
3343,5,AusTriathlon,Growth and Participation Manager,Unknown,,2026-08-07,jora,new,https://au.jora.com/job/Participation-Manager-4247acb5d4111007b6fdbb13f193c297
3364,5,Robert Half,Accounts Officer | CBD,"Sydney CBD, NSW",$40 /hourly,2026-08-07,jora,new,https://au.jora.com/job/Accounts-Officer-e1d7444216da6ae26862fe2822d13de5
3366,5,Hays Recruitment,Accounts Payable,"Perth, WA",,2026-08-07,jora,new,https://au.jora.com/job/Accounts-Payable-c42b3760e85e79db51d6c9ac25efa1b0
3367,5,SAGE ADVISORY PTY LTD,Meat Process Workers,"Carrum, VIC",,2026-08-07,jora,new,https://au.jora.com/job/Meat-Process-Worker-39cff8faabb4b3e6f8f50fa6c1aa6540
3372,5,Parks Victoria,Ranger Team Leader Central Highlands,"Ballarat Central, VIC","$98,128 - $105,390 /yearly",2026-08-07,jora,new,https://au.jora.com/job/Ranger-Team-Leader-dbd6ad78f1771f1bd78b91e3c2eb4b27
3373,5,SA Health,ASO3 - Assistant Project Officer - Networks Team,"Adelaide, SA","$74,095 - $78,694 /yearly",2026-08-07,jora,new,https://au.jora.com/job/Assistant-Project-Officer-662bc2d3fa5fe3831011fb4f7ccd739b
3374,5,Dr. Jessica Robertson,Medical Receptionist,"Kogarah, NSW",$30 - $40 /hourly,2026-08-07,jora,new,https://au.jora.com/job/Medical-Receptionist-000c2df6e0a932b6f4f62608bf1eee3a
3375,5,Hays Recruitment,Accountant,"Perth, WA",,2026-08-07,jora,new,https://au.jora.com/job/Accountant-6c45e5b48746308b615749d2a8551008
3378,5,Oricom International Pty Ltd,Customer Support Officer,"Richmond, NSW",,2026-08-07,jora,new,https://au.jora.com/job/Customer-Support-Officer-4f30bbb8a8ba905e40d6117529522e72
3379,5,Yarra Ranges Council,Business Support Officer,"Lilydale, VIC",,2026-08-07,jora,new,https://au.jora.com/job/Business-Support-Officer-bd7dd24fc7ed710f36ad0efaf55f8438
3380,5,Department of Education Victoria,First Aid Officer / Administrative Assistant,"Newport, NSW",,2026-08-07,jora,new,https://au.jora.com/job/First-Aid-Officer-afc3ba41aa5bc4c571f02e548fc2bbbe
3382,5,Department of Education Victoria,Administration Support - Term 4 Start - Sunbury Location,"Sunbury, VIC",,2026-08-07,jora,new,https://au.jora.com/job/Administration-Support-Term-74878738e74b648f72cbe94eda380d06
3383,5,Hays Recruitment,Estimator,South Australia,,2026-08-07,jora,new,https://au.jora.com/job/Estimator-0ae089b1e5cbb14abd94a733cf74e5b4
3384,5,Forum Recruitment,Retail Administration Assistant,"Sydney CBD, NSW",$40 - $45 /hourly,2026-08-07,jora,new,https://au.jora.com/job/Retail-Administration-Assistant-ee4914baef84ca9a4161118ca8405088
3385,5,Experis,Process Operator,"Sydney, NSW",$42 - $43 /hourly,2026-08-07,jora,new,https://au.jora.com/job/Process-Operator-5902e2dc50060f058fdf6b0c83e1db10
3386,5,Robert Half,Accounts Payable Officer,"Sydney, NSW",,2026-08-07,jora,new,https://au.jora.com/job/Accounts-Payable-Officer-a14ab5f9dbe936014b26f480a7bb4e88
3387,5,Regis,Food Service Assistant,"Oxley, QLD",$27 - $29 /hourly,2026-08-07,jora,new,https://au.jora.com/job/Food-Service-Assistant-7e21142ed77c7fc283b9f8eb0042ce14
3388,5,Victor Chang Cardiac Research Institute,Research Grants Officer,"Sydney CBD, NSW",,2026-08-07,jora,new,https://au.jora.com/job/Research-Grants-Officer-0412cb4a243799ef6df9d8ccb18ad6b6
3389,5,FG HOSPITALITY PTY LTD,Bar Attendant,"Townsville City, QLD",$28 - $32 /hourly,2026-08-07,jora,new,https://au.jora.com/job/Bar-Attendant-11ca4a4ee5a41cfa33bd1b3f5001442f
3391,5,Safcol,Food Production Worker,"Adelaide, SA",,2026-08-07,jora,new,https://au.jora.com/job/Food-Production-Worker-15dce1544bd9f172bbf009ff793e60c4
3392,5,Australian Hammer Supplies,Junior Pre Delivery Assistant / Detailer,"Ingleburn, NSW",,2026-08-07,jora,new,https://au.jora.com/job/Pre-Delivery-Detailer-89f74fbf4cc83a10be9bc888f011d216
3394,5,Experis,Production Operative,"Sydney, NSW",$34 - $35 /hourly,2026-08-07,jora,new,https://au.jora.com/job/Production-Operative-707b22c15d531765c4dd1d1b32b57a5a
3395,5,SA Health,Elective Surgery and Gastroenterology Booking Officer - Multiple Positions,"Adelaide, SA",,2026-08-07,jora,new,https://au.jora.com/job/Booking-Officer-38aa161f61fe73f15c12bc73944d16b3
3399,5,Autism Spectrum Australia,Warehouse and Production Assistant,"Brisbane, QLD",$33 - $37 /hourly,2026-08-07,jora,new,https://au.jora.com/job/Production-Assistant-aa59aeb65dc381a3e2899dd59cd781c0
3403,5,Select Aust Sydney,Warehouse Storeperson,"Mickleham, VIC",$34 - $42 /hourly,2026-08-07,jora,new,https://au.jora.com/job/Warehouse-Storeperson-38ca449ce657e3502f9deca9ba59ef69
3404,5,Queensland Health,Pathology Assistant - Mount Isa,"Mount Isa, QLD",,2026-08-07,jora,new,https://au.jora.com/job/Pathology-Assistant-d2d82403bc1c774229e08001a471b5c8
3405,5,Hays Recruitment,Accounts Payable Officer,"Perth, WA",,2026-08-07,jora,new,https://au.jora.com/job/Accounts-Payable-Officer-c7bef1ec04c099272318f40c063877bd
3406,5,Bjak Sdn Bhd,Business Operations Associate,"Sydney, NSW",,2026-08-07,jora,new,https://au.jora.com/job/Business-Operations-Associate-91a21713be2c4b462960df89472e45af
3407,5,KAIZEN MARKETING SDN BHD,"Admin, PA & Social Media","Maroochydore, QLD","$60,000 - $70,000 /yearly",2026-08-07,jora,new,https://au.jora.com/job/Admin-PA-Social-3899fc88a725e73de57b0afdc9c5fcef
3408,5,"Department of Families, Fairness & Housing VIC",Practice Leader (Sexual Exploitation),"Geelong, VIC","$128,635 - $140,849 /yearly",2026-08-07,jora,new,https://au.jora.com/job/Practice-Leader-8882b364482f7feff689f5e4dfb1d363
3409,5,SA Health,Operations Manager - SA Biomedical Engineering,"Adelaide, SA","$122,752 - $134,956 /yearly",2026-08-07,jora,new,https://au.jora.com/job/Operations-Manager-7bfa55c6ca325dd8018033acb15f38a0
3410,5,Department of Justice and Community Safety VIC,Video Conferencing Officer,"Melbourne, VIC","$81,496 - $98,955 /yearly",2026-08-07,jora,new,https://au.jora.com/job/Officer-2f98ef2076eebbc419cd772f1552ba82
3411,5,Bjak Sdn Bhd,CEO Office - AI Neobank App,"Sydney, NSW",,2026-08-07,jora,new,https://au.jora.com/job/CEO-Office-AI-e37fb0edb4436e5d58c903de76cebae3
3412,5,Bjak Sdn Bhd,Founder's Associate,"Sydney, NSW",,2026-08-07,jora,new,https://au.jora.com/job/Founder-7d06cc212338b9a6b099481ea61a9721
3413,5,Hays Recruitment,Marketing Manager,"Gold Coast, QLD",,2026-08-07,jora,new,https://au.jora.com/job/Marketing-Manager-a3a00ea27dd151974a53d205b90669f3
3414,5,Westminster School Adelaide,Learning Support Assistant - Preparatory School,"Adelaide, SA",,2026-08-07,jora,new,https://au.jora.com/job/Learning-Support-Assistant-3d6f0fd78168509103be93cfaf48d955
3417,5,Raben Footwear,Retail Buyer,"Sydney, NSW",,2026-08-07,jora,new,https://au.jora.com/job/Retail-Buyer-8c48116629c3fe24c261a0bf1d7f0334
3418,5,Workhorse Staffing,Warehouse Packer,"Albury, NSW",$35 /hourly,2026-08-07,jora,new,https://au.jora.com/job/Warehouse-Packer-95fb28a8eac1f546612601ad191529ed
3419,5,Department of Justice and Community Safety VIC,Case Manager - Cranbourne,"Melbourne, VIC","$91,971 - $98,955 /yearly",2026-08-07,jora,new,https://au.jora.com/job/Case-Manager-38ca13ff24fbf6d0592bc1bd5f76a701
3421,5,Winc,TEST REQ,"Mascot, NSW",,2026-08-07,jora,new,https://au.jora.com/job/TEST-REQ-4e738cb5d53a13003d131553c07f9e95
3422,5,Queensland Health,Technology Officer,"Townsville, QLD",,2026-08-07,jora,new,https://au.jora.com/job/Technology-Officer-6f211de70ac2bab9393e7b7fc49af12a
3425,5,Quokka Beds,"Retail, Operations & Customer Assistant | Small Business All-Rounder","Wangara, WA",$30 - $35 /hourly,2026-08-07,jora,new,https://au.jora.com/job/Retail-Operations-Customer-c1b4f2f8bf56774202d25b5a77e2affb
3446,5,Perspective Recruitment,Warehouse Team Leader,"Brisbane, QLD",$36 - $38 /hourly,2026-08-07,jora,new,https://au.jora.com/job/Warehouse-Team-Leader-93d6c4315932da848b7edb33fc8647cf
3447,5,Temp Recruitment CS/GOAL/NRG/SWP,Assembly Worker,"Crestmead, QLD",$37 - $42 /hourly,2026-08-07,jora,new,https://au.jora.com/job/Assembly-Worker-d88740d2521301434f68c752dd54abb6
3448,5,ClearHire,Warehouse Pick Packers | Adelaide,"Adelaide, SA",,2026-08-07,jora,new,https://au.jora.com/job/Warehouse-Pick-Packers-de0361d0a0647ab205167dde6ee796a5
3450,5,Windsor Group,General Manager - Corporate Services,"Brisbane, QLD",,2026-08-07,jora,new,https://au.jora.com/job/General-Manager-Corporate-def49f63842d7cb6b701daf98043c8e2
3451,5,Small Animal Specialist Hospital,Client Services Officer,"Robina, QLD",,2026-08-07,jora,new,https://au.jora.com/job/Client-Services-Officer-1339137d6ea164b5412728862b299642
3452,5,Next Level Consulting Solutions,Labourers,"Pinkenba, QLD",$36 /hourly,2026-08-07,jora,new,https://au.jora.com/job/Labourer-7f4d1d6cfab8f2da4e655fdc40f04765
3453,5,Global 360,Contact Centre Representative,"Burleigh Heads, QLD",,2026-08-07,jora,new,https://au.jora.com/job/Contact-Centre-Representative-f88ed4e7b37eb2b9ad9e28e35940f94a
3454,5,City of Ballarat,Animal Attendant,"Ballarat, VIC","$63,629 - $65,786 /yearly",2026-08-07,jora,new,https://au.jora.com/job/Animal-Attendant-3e6c388818f2b125873439f36ff3688e
3457,5,Invictus Marketing,Entry Level Sales Associate | No Experience + Paid Training,"Surry Hills, NSW",$45 /hourly,2026-08-07,jora,new,https://au.jora.com/job/Sales-Associate-56e389b8b8a54c0ea48758360c2c275b
3459,5,Hatch,Customer success specialist,"Sydney, NSW",,2026-08-07,jora,new,https://au.jora.com/job/Customer-Success-Specialist-9142130b49deed807f8ec2a13beabdd5
3460,5,Winning Group,DC Team Member - Afternoon,"Altona, VIC",,2026-08-07,jora,new,https://au.jora.com/job/Team-Member-f485bc92022ca0a590a1e42468c6c100
3470,5,Honey Dee PL,Food Production Team Member,"Hoppers Crossing, VIC",,2026-08-07,jora,new,https://au.jora.com/job/Production-Team-Member-c5e8c9c1417ad0608c136ec2cb012b42
3472,5,Barker College,Administrative Assistant – Health Centre,"Hornsby, NSW",,2026-08-07,jora,new,https://au.jora.com/job/Administrative-Assistant-Health-63ccece9b6fb76f90c625d2073beaa7b
3473,5,EBOS Group,Storeperson,"Marsden Park, NSW",,2026-08-07,jora,new,https://au.jora.com/job/Storeperson-6777f0d11336a7b0def12ab44740606a
3476,5,The Salvation Army,Online Sales Assistant,"Molendinar, QLD",,2026-08-07,jora,new,https://au.jora.com/job/Online-Sales-Assistant-fc5b76790ad6e9a217aa1b15c925fde5
3478,5,Hoban Recruitment,Pick / Pack,"Derrimut, VIC",,2026-08-07,jora,new,https://au.jora.com/job/Pick-Pack-192d5b78d9374da83a9b8d51d3f193be
3479,5,South West Hospital and Health Service,Administration Officer,"Roma, QLD, (Remote)",,2026-08-07,jora,new,https://au.jora.com/job/Administration-Officer-2484b595d8acd55313fb859a7b977a0c
3480,5,SA Health,Recruitment Officer,"Adelaide, SA","$74,095 - $78,694 /yearly",2026-08-07,jora,new,https://au.jora.com/job/Recruitment-Officer-1a1f460e5968d4007eb9a001d7ef02ea
3481,5,Inline Cosmetics,Quality Assistant (Operations),"Luscombe, QLD",,2026-08-07,jora,new,https://au.jora.com/job/Quality-Assistant-dc77803954099f03a798522704835bfc
3482,5,Springer Foods,Delivery Driver – Food Service Products,"Myaree, WA",$32 - $36 /hourly,2026-08-07,jora,new,https://au.jora.com/job/Delivery-Driver-dc5a5021d73fe42881df13d34a300b75
3483,5,MECCA Brands,Miranda NSW - Holiday Stock Replenishment Assistants 2026,"Miranda, NSW",,2026-08-07,jora,new,https://au.jora.com/job/Replenishment-Assistant-8d8523abdcd3691770fe90a360ff4299
3486,5,RSPCA Queensland,People & Culture Coordinator,"Wacol, QLD",,2026-08-07,jora,new,https://au.jora.com/job/People-Culture-Coordinator-7a7f5aebd059e4396e8d5e699609c70f
3488,5,Morayfield Warehouse,Customer Service Team,"Morayfield, QLD",$28 /hourly,2026-08-07,jora,new,https://au.jora.com/job/Customer-Service-Team-f4effde9991bf14706bc0ae8a3945b7c
3498,5,Wesley Mission Queensland,Customer Experience Officer,"Chermside, QLD",$40 - $43 /hourly,2026-08-07,jora,new,https://au.jora.com/job/Customer-Experience-Officer-50bd9beb114527d486d95dbcb24852f0
3506,5,Integra Associates,BDM - Audio Visual solutions,"Sydney, NSW",,2026-08-07,jora,new,https://au.jora.com/job/BDM-Audio-Visual-efa1a6a601bf1a6b1d7b4d19fb3db761
3507,5,Recruitment 24/7,Receptionist / Administration Officer,"Ipswich, QLD",,2026-08-07,jora,new,https://au.jora.com/job/Administration-Officer-b4052afc9132673439207f2515845c13
3508,5,Yo-Chi,Assistant Venue Leader,"Barangaroo, NSW",,2026-08-07,jora,new,https://au.jora.com/job/Assistant-1fe8ab0b6e4ad048d07a4a860a0677d1
3509,5,Gleeson College,Receptionist and Administration Officer,"Golden Grove, SA",$35 - $37 /hourly,2026-08-07,jora,new,https://au.jora.com/job/Administration-Officer-2e4f2972215988756561ff6d56604d95
3510,5,Southside Uniting Church,Church Administrator,"Tarragindi, QLD",$30 - $35 /hourly,2026-08-07,jora,new,https://au.jora.com/job/Church-Administrator-b61ee806f1dc6c821de7dedef74db210
3512,5,Etherington,Storeperson,"Canning Vale, WA",$35 - $40 /hourly,2026-08-07,jora,new,https://au.jora.com/job/Storeperson-229b3c1d8baea99915ec12b01f5e9e2f
3514,5,Eloma Care,Accountant,"Sydney CBD, NSW",$80 /hourly,2026-08-07,jora,new,https://au.jora.com/job/Accountant-e80fbd0ed1d34877e56b2714dd3da9f2
3516,5,Wannon Region Water Corporation,Customer Support Officer,"Warrnambool, VIC","$72,170 - $76,019 /yearly",2026-08-07,jora,new,https://au.jora.com/job/Customer-Support-Officer-58017d5724fe66139f79c9ca039c6841
3517,5,Busy At Work,Contact Officer,"Southport, QLD",,2026-08-07,jora,new,https://au.jora.com/job/Contact-Officer-1c0b555124e760c339987310b7eeb51e
3518,5,Cleanaway,Driver - Rear Lift,"Bendigo, VIC",$33 /hourly,2026-08-07,jora,new,https://au.jora.com/job/Driver-Rear-Lift-6c260b756b021801f46e9a856ae5a418
3556,5,Intuitive Recruitment,Finance Analyst,"Sydney, NSW",,2026-08-07,jora,new,https://au.jora.com/job/Finance-Analyst-34971b0bd5eb655352086ca352e259d5
3559,5,Blue Collar Recruitment,Catering Attendant,"City of West Torrens, SA",,2026-08-07,jora,new,https://au.jora.com/job/Catering-Attendant-1e846c408e1a97d417a429888f57cbf6
3563,5,Sharp and Carter,Accounts Payable Officer - Temporary,"Melbourne, VIC",,2026-08-07,jora,new,https://au.jora.com/job/Accounts-Payable-Officer-048a475b620683ea7e0eff06c8ed613a
3564,5,Eazy Recruitment,Production worker,Victoria,$33 - $40 /hourly,2026-08-07,jora,new,https://au.jora.com/job/Production-Worker-c18a6aafbdd6171d982ad1cf42c03f69
3569,5,Government schools,Teacher Aide,"Melbourne Northern Suburbs, VIC",,2026-08-07,jora,new,https://au.jora.com/job/Teacher-Aide-88ca9e34fcb6e15264fef0538e137aff
3571,5,Spectra Litho,picker and packer,"Bayswater North, VIC",,2026-08-07,jora,new,https://au.jora.com/job/Picker-and-Packer-27a1afb67fdd5540645695ff3ccd2c45
3572,5,BGIS Global Integrated Solutions Canada,Accounts Payable Officer,"Adelaide, SA","$66,500 /yearly",2026-08-07,jora,new,https://au.jora.com/job/Accounts-Payable-Officer-cd9eee7ebc90105cad34496e751d6fb5
3573,5,Recruit Personnel,Warehouse Labourer,"Beresfield, NSW",$36 - $38 /hourly,2026-08-07,jora,new,https://au.jora.com/job/Warehouse-Labourer-dbe1ca9f333135c95f768bedb4bc8cb7
3574,5,Kennedy Reid,Claims Co-Ordinator,"Melbourne, VIC",,2026-08-07,jora,new,https://au.jora.com/job/Claims-Co-Ordinator-f323e114fc60cf3a1bb3fd077972fccc
3575,5,Select Aust Sydney,Warehouse Administrator,"Auburn, NSW",,2026-08-07,jora,new,https://au.jora.com/job/Warehouse-Administrator-6c508e3cedd35b1994b5684780ed7212
3576,5,Engage Personnel,Office Manager | Boutique Family Law Firm | Lower North Shore,"Sydney North Shore, NSW",,2026-08-07,jora,new,https://au.jora.com/job/Office-Manager-f7eecc80c4373bebe0e6f6de1d4ceadf
3577,5,First Choice Couriers,Customer Service Officer,"Unanderra, NSW",,2026-08-07,jora,new,https://au.jora.com/job/Customer-Service-Officer-8b6de1bd06a6cb6f4f97d4b11a9274e7
3578,5,NSW Health,"Department Secretary, Ophthalmology","Westmead, NSW",$39 - $40 /hourly,2026-08-07,jora,new,https://au.jora.com/job/Department-Secretary-cfaa6f95291206405172e043067921c0
3580,5,Servcorp,Office Assistant,"Melbourne, VIC",,2026-08-07,jora,new,https://au.jora.com/job/Office-Assistant-bc56fc0159eea3b9e8fb416db81c5c63
3581,5,Wotton Kearney,Financial Accountant,"Sydney, NSW",,2026-08-07,jora,new,https://au.jora.com/job/Financial-Accountant-40ad30b39b9672df6c7f541c37b22fe3
3582,5,One Planet Facility Services,Administration Assistant/Client Administrator,"Croydon South, VIC",$35 - $45 /hourly,2026-08-07,jora,new,https://au.jora.com/job/Client-Administrator-fbaa4dd3f094c719dbc2197bb6a35663
3583,5,Business Nest,Full Time Office Manager,"Sydney, NSW","$80,000 - $85,000 /yearly",2026-08-07,jora,new,https://au.jora.com/job/Office-Manager-e2b7e9248250e9f50f9512594e2dd750
3587,5,NSW Health,Administrative Assistant - Centre for Population Health,"St Leonards, NSW","$87,199 - $95,482 /yearly",2026-08-07,jora,new,https://au.jora.com/job/Administrative-Assistant-Centre-ac4316195665ab09e7a9cdc0e1f572c1
3588,5,Programmed / PERSOLKELLY,Courier Driver,"Darwin, NT",$41 - $42 /hourly,2026-08-07,jora,new,https://au.jora.com/job/Courier-Driver-2dd12bf0befe1ca3909d8ec3d82a969b
3589,5,OnTalent,Finance & Operations Coordinator,"Brisbane, QLD",,2026-08-07,jora,new,https://au.jora.com/job/Operations-Coordinator-cbc82e5df1b16f66124062f09dfa6b1e
3591,5,Perigon Group,Fund Accountant - First movers welcome,"Sydney, NSW",,2026-08-07,jora,new,https://au.jora.com/job/Fund-Accountant-db40c9be2aebf27c1beb01197bf252da
3592,5,Temp Recruitment CS/GOAL/NRG/SWP,Pick Packer with High Reach Forklift Experience,"Yatala, QLD",$35 /hourly,2026-08-07,jora,new,https://au.jora.com/job/Pick-Packer-with-77340115dad024f420fccfb791bef32d
3593,5,Tourism & Events Queensland,Finance Officer,"Fortitude Valley, QLD",,2026-08-07,jora,new,https://au.jora.com/job/Finance-Officer-c58b2b5f1b0992ca8b46fa62b9e58564
3595,5,Kanji Group,Storeperson,"Acacia Ridge, QLD",,2026-08-07,jora,new,https://au.jora.com/job/Storeperson-12407e795588e6b892488686742e5d35
3596,5,Broadbean ATS,Administration Officer,"Sydney, NSW",$30 - $39 /hourly,2026-08-07,jora,new,https://au.jora.com/job/Administration-Officer-d87d6e3f27f5d6d4a35c51b799f239b0
3598,5,SNS MIGRATION AND EDUCATION SERVICES,Assistant Accountant,"Sydney CBD, NSW","$60,000 - $65,000 /yearly",2026-08-07,jora,new,https://au.jora.com/job/Assistant-Accountant-d380f06ee4e1d62a9ddaac1a177480f3
3604,5,MEGT,Service Desk & Desktop Analyst,"Milton, QLD",,2026-08-07,jora,new,https://au.jora.com/job/Desktop-Analyst-d33372a448a6676053f0860377cafe7c
3605,5,The AgWay Recruitment,Farm Hand,"Goondiwindi, QLD",,2026-08-07,jora,new,https://au.jora.com/job/Farm-Hand-52dc6ed3ea8a5ba5adc274435f5474fb
3606,5,Mars Recruitment,Financial Accountant,"Sydney CBD, NSW","$100,000 - $110,000 /yearly",2026-08-07,jora,new,https://au.jora.com/job/Financial-Accountant-fb5ea3d1e9f0f31e891dc4c8daf03781
3610,5,Government schools,Teacher Aide,"Melbourne Western Suburbs, VIC",,2026-08-07,jora,new,https://au.jora.com/job/Teacher-Aide-fc8d871269e4b0b02f32d88727a9f5a5
3612,5,Yarra Ranges Council,Venue Service Officer,"Lilydale, VIC",$34 - $37 /hourly,2026-08-07,jora,new,https://au.jora.com/job/Venue-Service-Officer-a3261c48cc751ff3200b6d94783a6ae8
3615,5,Citation Group,FP&A Business Partner,"Sydney, NSW",,2026-08-07,jora,new,https://au.jora.com/job/FP-A-Business-c0b3f63b913f1e7d175c6270e6016c8b
3618,5,Urban Rest,Travel & Reservations Consultant,"Melbourne, VIC","$60,000 - $70,000 /yearly",2026-08-07,jora,new,https://au.jora.com/job/Reservations-Consultant-33dfd7902c4ffa6885ede444e1693af1
3619,5,Robert Half,Corporate Travel Coordinator | 12-Month FTC | Immediate Start,"Melbourne, VIC","$75,000 - $85,000 /yearly",2026-08-07,jora,new,https://au.jora.com/job/Travel-Coordinator-e6d28874945238514606f5aa08267625
3620,5,The Magnum Ice Cream Company,Finance Controller (FTC 12 Months),"Sydney CBD, NSW",,2026-08-07,jora,new,https://au.jora.com/job/Finance-Controller-FTC-a5e7ae457d2862ac07a4ab8755c7b83f
3621,5,Sync Technologies,Associate Operations & Quality Coordinator,"Neutral Bay, NSW","$50,000 - $65,000 /yearly",2026-08-07,jora,new,https://au.jora.com/job/Quality-Coordinator-deb8198ac0a86e0838cfd596094dc9d6
3622,5,Recruita,General Labourer,"Banyo, QLD",$34 /hourly,2026-08-07,jora,new,https://au.jora.com/job/General-Labourer-36f7b5a24ac0f6d911e581ef3a00ecc8
3624,5,Recruitment 24/7,Removals Offsider,"Rocklea, QLD",$32 /hourly,2026-08-07,jora,new,https://au.jora.com/job/Removals-Offsider-9be86098466b994b71b9a1ad5b5414b7
3625,5,Government schools,Teacher Aide,"Melbourne Northern Suburbs, VIC",,2026-08-07,jora,new,https://au.jora.com/job/Teacher-Aide-e5d2f3b5adf78fb096cd737271776adb
3630,5,Yurra,Mobilisation Coordinator,"Karratha, WA",,2026-08-07,jora,new,https://au.jora.com/job/Mobilisation-Coordinator-c308ba3b4f58945add5e76e8cde9c229
3636,5,G James Glass and Aluminium,Administration Assistant,"Eagle Farm, QLD",,2026-08-07,jora,new,https://au.jora.com/job/Administration-Assistant-a92bd8e6f39861a86c1ed6d65c5fcbcc
3637,5,The Recruitment Partners,50+ Real Estate Roles – PM | Sales | Admin | Entry Level,"Perth, WA",,2026-08-07,jora,new,https://au.jora.com/job/Real-Estate-Role-c047cdbf644b47a93907c606708c7dd2
3638,5,Cadence Connect,Digital Product Support Officer,"Brisbane, QLD",,2026-08-07,jora,new,https://au.jora.com/job/Product-Support-Officer-f700d18963c3593d773c3fe8299bded3
3640,5,Capital Cleaning Group,Junior Office Administrator,"Phillip, ACT",,2026-08-07,jora,new,https://au.jora.com/job/Office-Administrator-4c968378d186f7268c23798200d7ba3e
3642,5,Omni Recruit,Night shift Storeperson,"Truganina, VIC",$42 /hourly,2026-08-07,jora,new,https://au.jora.com/job/Storeperson-505a02b263a8dd3b89406bcbccba7204
3648,5,NSW Health,Administration Officer (Lvl 3) - Drug Health Services - Perm FT,"Sydney Western Suburbs, NSW",$37 - $38 /hourly,2026-08-07,jora,new,https://au.jora.com/job/Administration-Officer-ee6eadbf4c2c07449bd1060bed53724b
3649,5,Dream Nannies,Wonderful Au Pair Experience in the Hunter Valley!,"Banora Point, NSW",,2026-08-07,jora,new,https://au.jora.com/job/Au-Pair-c122c847a5ee50da63dc0e84f5cd1078
3651,5,P and K Plumbing,Receptionist/Administrator,Northern Territory,,2026-08-07,jora,new,https://au.jora.com/job/Receptionist-Administrator-a65e30bf55b55327782cdcc0b4d333f8
3652,5,Programmed Maintenance Services,Warehouse/ Storeperson (Adelaide Airport),"City of West Torrens, SA",,2026-08-07,jora,new,https://au.jora.com/job/Warehouse-Storeperson-2f076c77f7198edcb594fefc523f7643
3655,5,C&H Recruitment,Warehouse Worker,"Blacktown, NSW",,2026-08-07,jora,new,https://au.jora.com/job/Warehouse-Worker-accb29562e348d374ec575615018ac0e
3692,5,MARS PARTNERSHIP PTY. LTD.,Accounts Payable Officer (Temporary contract),"Melbourne, VIC",,2026-08-07,jora,new,https://au.jora.com/job/Accounts-Payable-Officer-9efab1b5306f910d9d9c5e1d7125adf6
3695,5,Falcon Fleet Corp Pty Ltd,Office Manager,"Perth, WA","$85,000 /yearly",2026-08-07,jora,new,https://au.jora.com/job/Office-Manager-301dbbe366118c00411718f1c7b20bc3
3696,5,Octopus Training Group Pty Ltd,General Labourer,"Brisbane, QLD",$34 /hourly,2026-08-07,jora,new,https://au.jora.com/job/General-Labourer-0ca7a0279612861eb31748949d9001a9
3697,5,S8,Customer Service Manager - Sydney,"Sydney, NSW",,2026-08-07,jora,new,https://au.jora.com/job/Customer-Service-Manager-1bff3ed895ede4de44a4f53c9dfb14ff
3700,5,Express Employment Professionals,Van Driver,"Artarmon, NSW",$34 - $35 /hourly,2026-08-07,jora,new,https://au.jora.com/job/Van-Driver-0cb543a38ffed3c0c61d2171e0c8277d
3701,5,Hays Recruitment,Customer Service Consultant - Banking,"Melbourne, VIC",,2026-08-07,jora,new,https://au.jora.com/job/Customer-Service-Consultant-ed267656673cfb401201f19218254bd2
3702,5,Rebel,Marketing Coordinator | RebelHybrid,"Sydney, NSW",,2026-08-07,jora,new,https://au.jora.com/job/Marketing-Coordinator-ca58e61e2a8ebbd6131121a99ef1751a
3715,5,The Salvation Army,Revenue Investigation Officer,"Blackburn, VIC",,2026-08-07,jora,new,https://au.jora.com/job/Investigations-Officer-d61bf583a478cbbb0ccc5c8ffae83bee
3716,5,MARS PARTNERSHIP PTY. LTD.,Team Manager - Investor Services,"Sydney CBD, NSW",,2026-08-07,jora,new,https://au.jora.com/job/Team-Manager-9b55aad28c4d7aeaad5451c6d01203f9
3717,5,Animal Emergency Australia,Animal Attendant,"Hobart, TAS",$35 - $36 /hourly,2026-08-07,jora,new,https://au.jora.com/job/Animal-Attendant-708abce6c262c52ebf9233a222d986c1
3720,5,Department of Education Victoria,Admin Assistant - General,Victoria,,2026-08-07,jora,new,https://au.jora.com/job/Admin-Assistant-General-53be527ef6cda8ad12ee247cfadb3142
3722,5,Department of Justice and Community Safety VIC,Field Officer - Ballarat,"Ballarat, VIC",$42 /hourly,2026-08-07,jora,new,https://au.jora.com/job/Field-Officer-73337b24c34b0123d49cb1dce1e728d6
3723,5,Capital Transport,Trainee Operations Officer,"Hendra, QLD","$65,000 - $70,000 /yearly",2026-08-07,jora,new,https://au.jora.com/job/Operations-Officer-c8687fe91ad1743dfdaf88ea70561237
3725,5,Hays Recruitment,Service Coordinator,"Rosebery, NSW","$80,000 /yearly",2026-08-07,jora,new,https://au.jora.com/job/Service-Coordinator-4f699ff2e7a76afe568cbf8182aa3c1f
3727,5,International Management Group of America Pty Ltd,Accounts Assistant - WME Music,"Sydney CBD, NSW",,2026-08-07,jora,new,https://au.jora.com/job/Accounts-Assistant-e188b72098da242093863c50667fb644
3728,5,ALDI,Retail Assistant - Brandon Park,"Glen Waverley, VIC",$31 /hourly,2026-08-07,jora,new,https://au.jora.com/job/Retail-Assistant-Brandon-c125da7e6508e7fc5781fbc0c7aa3508
3729,5,Clarity Partners,Assistant Accountant,"Perth, WA","$85,000 - $95,000 /yearly",2026-08-07,jora,new,https://au.jora.com/job/Assistant-Accountant-e7c5963cd28ea21ddb5ff66417ade468
3734,5,DoorDash,DoorDash Shopper - No Experience Needed,"Sydney, NSW",,2026-08-07,jora,new,https://au.jora.com/job/DoorDash-Shopper-No-5609717c2b2d274e87b39b697b74e83b
3737,5,Linfox,Warehouse Operator,"Parkes, NSW",,2026-08-07,jora,new,https://au.jora.com/job/Warehouse-Operator-b0513496b82b3e7dff41419c908f6e56
3739,5,Hays Recruitment,Admin Assistant,"Sydney, NSW","$65,000 - $80,000 /yearly",2026-08-07,jora,new,https://au.jora.com/job/Admin-Assistant-19587550b5f76886ae2907eb5eb9fb29
3740,5,Sportscover,Underwriting Assistant,"Sydney CBD, NSW",,2026-08-07,jora,new,https://au.jora.com/job/Underwriting-Assistant-ed496a98b5bae97ff7568765cfc17caf
3741,5,Kaplan,Agent Experience Officer,"Sydney CBD, NSW",,2026-08-07,jora,new,https://au.jora.com/job/Experience-Officer-21a76519ccdcef22f9223047ab72d8b8
3830,5,Mable,Engineer,"Sydney, New South Wales, (Remote)",,2026-08-07,linkedin,new,https://www.linkedin.com/jobs/view/4424326825
3842,5,Aderant,Solutions Consultant,"Sydney, New South Wales",,2026-08-07,linkedin,new,https://www.linkedin.com/jobs/view/4423348661
4043,5,WHIZZ Technologies,NodeJS Backend Engineer,"Sydney, New South Wales",,2026-08-07,linkedin,new,https://www.linkedin.com/jobs/view/4450392400
4137,5,Kira,Strategy & Operations Associate,(Remote),,2026-08-07,linkedin,new,https://www.linkedin.com/jobs/view/4450323624
4142,5,Entsia,Solution Technology Lead,"Sydney, New South Wales",,2026-08-07,linkedin,new,https://www.linkedin.com/jobs/view/4450696795
4433,5,Maincode,AI Infrastructure Engineer,"Melbourne, Victoria",,2026-08-07,linkedin,new,https://www.linkedin.com/jobs/view/4312188746
2769,5,Sharp and Carter,Payroll Officer - Multiple Opportunities,"Melbourne, VIC","$80,000 - $110,000 /yearly",2026-08-06,jora,new,https://au.jora.com/job/Payroll-Officer-0bd8e4181023252877832f3d9a2da7b6
2770,5,Specsavers,Retail Assistant,"Ringwood, VIC",,2026-08-06,jora,new,https://au.jora.com/job/Retail-Assistant-9cd6cae634a0cd57ba3f2022dc49f412
2771,5,TALENTD Recruitment,Paid Social Specialist,"Sydney, NSW",,2026-08-06,jora,new,https://au.jora.com/job/Social-Specialist-91aae2f3869596170b86e416a94323c0
2772,5,Above Benchmark,Professional Mystery Shopper - Mackay Area,"Upper Tenthill, QLD",,2026-08-06,jora,new,https://au.jora.com/job/Mystery-Shopper-d1ad9ea140a9c41087cee9f35a8678c6
2780,5,Queensland Airports,Duty Manager (GCAPL),"Bilinga, QLD",,2026-08-06,jora,new,https://au.jora.com/job/Duty-Manager-44ffcfa3a271ef5b46c6ba76fb6bbff7
2781,5,Talentpath,Claims Consultant,"Sunshine Coast, QLD",,2026-08-06,jora,new,https://au.jora.com/job/Claims-Consultant-1ba3e04320206a7b0f63ba564bc56c59
2785,5,Salter Brothers Hospitality,Hotel All Rounder,"Potts Point, NSW",,2026-08-06,jora,new,https://au.jora.com/job/Hotel-All-Rounder-62d2d037ebe5fe76ea81fd003e79c4b3
2786,5,R & J Batteries,Delivery Driver Truganina,"Truganina, VIC",,2026-08-06,jora,new,https://au.jora.com/job/Delivery-Driver-bab31f7cc9cfad97acd95b2c42c855c5
2787,5,Australian Financial Complaints Authority,Resource Coordinator,"Sydney CBD, NSW",,2026-08-06,jora,new,https://au.jora.com/job/Resource-Coordinator-ab6be8f708444abd92e7425ff3784a63
2792,5,Townsville Catholic Education,School Officer - Admininstration,"Townsville, QLD",$34 - $35 /hourly,2026-08-06,jora,new,https://au.jora.com/job/School-Officer-a72b050b5742948625fd51c1ad7ad277
2793,5,G J Barnett and Associates,Office Administration,"Baulkham Hills, NSW",$28 - $35 /hourly,2026-08-06,jora,new,https://au.jora.com/job/Office-Administration-811610ebfd196f0c2d71349dea79bc43
2795,5,Chempro,Medical Receptionist,"Annerley, QLD",,2026-08-06,jora,new,https://au.jora.com/job/Medical-Receptionist-6acb74aad800b69d3823b4e6493e6648
2802,5,MEGT,Trainee Coordinator,"Sydney CBD, NSW",,2026-08-06,jora,new,https://au.jora.com/job/Coordinator-d656f800799fa4484302e4deec79357a
2804,5,People Group,Freight Forwarding - Bdm - SYD-new,"Sydney, NSW","$130,000 /yearly",2026-08-06,jora,new,https://au.jora.com/job/Freight-Forwarding-Bdm-d6516da8679322ed5441a9e8cbb7adf3
2805,5,People Group,Transport - Transport Allocator - Hallam,"Hallam, VIC","$75,000 /yearly",2026-08-06,jora,new,https://au.jora.com/job/Transport-Allocator-d1780a54b1c91c265caced3bae8b44e2
2808,5,People Group,Transport - Transport Supervisor - Carole Park,"Carole Park, QLD",,2026-08-06,jora,new,https://au.jora.com/job/Transport-Supervisor-b848bdc49dc9d3c83bfaac6dff5da6a1
2810,5,Health Partners,Member Care Consultant,"Adelaide, SA",,2026-08-06,jora,new,https://au.jora.com/job/Member-Care-Consultant-fc50a099c71c19eedb0362363eec0841
2811,5,Grid Electrical,Finance Administration Officer,"Glendenning, NSW",,2026-08-06,jora,new,https://au.jora.com/job/Finance-Administration-Officer-ad9514546ba5f03ea6275ccc9949c7c0
2812,5,Re-Fit Physiotherapy,Medical Receptionist,"Rouse Hill, NSW",$30 - $32 /hourly,2026-08-06,jora,new,https://au.jora.com/job/Medical-Receptionist-d1daaa133fa6c9a3c68a6c784ea1dd0f
2814,5,The Trustee for Jotoh Trust,Live-in Hotel Management Couple,"Hobart, TAS",,2026-08-06,jora,new,https://au.jora.com/job/Live-in-Hotel-e59e6f3744b36c4a2695e57e73cccb75
2833,5,NSW Department of Communities and Justice,Youth Officer - Acmena Youth Justice Centre (Grafton),"Grafton, NSW","$36 - $80,129 /hourly",2026-08-06,jora,new,https://au.jora.com/job/Youth-Officer-a39e72fd9159d3f925eba56cc30d744e
2834,5,Stahmann Webster,Farm Hand - Leeton NSW,"Leeton, NSW, (Remote)",,2026-08-06,jora,new,https://au.jora.com/job/Farm-Hand-Leeton-b923ddcfc09bd885d9aeebd9db8b372c
2835,5,Port Hunter Conveyors Pty Ltd,TRAINEE RUBBER LINER,"Newcastle, NSW",,2026-08-06,jora,new,https://au.jora.com/job/Rubber-Liner-f950043b801a89eb584af5ff6e901116
2836,5,Method Recruitment Group,General Manager,"Melbourne, VIC",,2026-08-06,jora,new,https://au.jora.com/job/General-Manager-dc8f485bb7b27cd1f13bd53fb7a22fd8
2848,5,Immigration Solutions Lawyers,Legal Receptionist,"Sydney CBD, NSW",,2026-08-06,jora,new,https://au.jora.com/job/Legal-Receptionist-18912948a986a6ebfa3ddc944d5b9f4c
2849,5,DT Facility Services,Cleaner - NIGHT SHIFT,"Sydney CBD, NSW",,2026-08-06,jora,new,https://au.jora.com/job/Cleaner-bd4b9769a747152588bd31fd055973b0
2850,5,City of Canterbury Bankstown Council,Investigations Officer,"Bankstown, NSW","$97,327 /yearly",2026-08-06,jora,new,https://au.jora.com/job/Investigations-Officer-71d4567fbd8b652e6bc77fe8fdded025
2852,5,dnata catering,Catering Attendant (Operations),"Sydney Airport, NSW",,2026-08-06,jora,new,https://au.jora.com/job/Catering-Attendant-6178cb72fec7ea384f7393e7764a9872
2858,5,Pharmavet,Quality Control Officer,"Carole Park, QLD",,2026-08-06,jora,new,https://au.jora.com/job/Quality-Control-Officer-b870c9ad9366e7f20adaad1c4ad9fe80
2863,5,MAYDAY Recruitment Group,Payroll Officer,"Sydney CBD, NSW","$75,000 - $80,000 /yearly",2026-08-06,jora,new,https://au.jora.com/job/Payroll-Officer-54cad854ba8c917fb5f4181e6ef1a878
2923,5,Perigon Group,Accounts Officer,"Sydney, NSW","$75,000 - $85,000 /yearly",2026-08-06,jora,new,https://au.jora.com/job/Accounts-Officer-09a51b90959ee5ea3c9c3fe99220cb4c
2924,5,Perceptor,Financial Controller,"Sydney, NSW",,2026-08-06,jora,new,https://au.jora.com/job/Financial-Controller-6ddca886a8c7129934b5cf641007e64f
2925,5,True resources,Entry Level Underground Drillers Offsider | Launch Your Mining Career,"Brisbane, QLD","$130,000 /yearly",2026-08-06,jora,new,https://au.jora.com/job/Underground-Driller-cc0bfedfcd1e0bf2b3aef57366825af5
2927,5,True resources,Exploration Trainee Driller's Offsider (Assistant) | Entry Level | FIFO in WA,"Perth, WA",,2026-08-06,jora,new,https://au.jora.com/job/Assistant-fc2b58a541f23ed3c9e41919ecb09ba8
2928,5,Andersen Partnership,Part-Time Receptionist / Administration,"Perth, WA","$65,000 /yearly",2026-08-06,jora,new,https://au.jora.com/job/Receptionist-6c731692ac738b22e7c1c491da3dc1b3
2929,5,MP Recruitment,Kick-Start Your Career - Exciting Opportunities for School Leavers!,"Albury, NSW",,2026-08-06,jora,new,https://au.jora.com/job/Kick-Start-Your-3be1ff2292d941551c35bc03924d16b7
2930,5,Excolo,IT Operations Manager,"Sydney, NSW",,2026-08-06,jora,new,https://au.jora.com/job/IT-Operations-Manager-1e9283b6edfec85697a60d62c52b1535
2931,5,APG Workforce,Inventory Controllers & Receivers | Chullora |,"Chullora, NSW",$41 /hourly,2026-08-06,jora,new,https://au.jora.com/job/Inventory-Controller-0992177947a1d3c3cbdf4643023b5b2b
2934,5,Crafers Engineering,Office All Rounder / Bookkeeper,"Brendale, QLD",$31 /hourly,2026-08-06,jora,new,https://au.jora.com/job/Bookkeeper-1aa077df7c42b881dfa72a1ba26bf4e2
2935,5,dnata catering and retail,Catering Attendant (Operations),"Sydney Domestic Airport, NSW",,2026-08-06,jora,new,https://au.jora.com/job/Catering-Attendant-71cb595bcae87bb26e8ef15d61ff4f5b
2936,5,APG Workforce,Production Workers - AM & PM Shifts | Mt Druitt,"Mount Druitt, NSW",$35 /hourly,2026-08-06,jora,new,https://au.jora.com/job/Production-Worker-bdcec3209c876820b6fd802eb924fc2f
2937,5,Transport for NSW,Shared Services Support Officer - P2P (Shift Work) Dubbo,"Dubbo, NSW","$79,733 - $87,703 /yearly",2026-08-06,jora,new,https://au.jora.com/job/Shared-Services-Support-Officer-0f0c94ee170c8801e940560ca2814896
2939,5,Coles Group,CSA (Delivery Driver),"Gungahlin, ACT",,2026-08-06,jora,new,https://au.jora.com/job/Delivery-Driver-202f7df36dd2b9be0a3d2fd0423c17a0
2940,5,dnata Airport Services,Catering Attendant (Production) [ Sydney],"Sydney, NSW",,2026-08-06,jora,new,https://au.jora.com/job/Catering-Attendant-ad17ddc5819db85f83ec3862503bdded
2941,5,Dale Cleves Music,Warehouse Support / Delivery Driver,"Windsor, QLD",$30 - $40 /hourly,2026-08-06,jora,new,https://au.jora.com/job/Delivery-Driver-87dddf08cd294a891090b0a59a4e2f61
2944,5,Youth Off The Streets,Crisis Accommodation Youth Workers,"Marrickville, NSW",$41 /hourly,2026-08-06,jora,new,https://au.jora.com/job/Youth-Worker-3118e612e02467c07149e1bac95b1bef
2945,5,Baxter Healthcare,Process Worker (Compounding Assistant),"Coorparoo, QLD",,2026-08-06,jora,new,https://au.jora.com/job/Compounding-Assistant-0a54f410bc70196232d943af88dcb636
2947,5,Youfoodz,Kitchen Production Workers,"Karawatha, QLD",$30 - $35 /hourly,2026-08-06,jora,new,https://au.jora.com/job/Production-Worker-969ee224435529638063906beee58841
2948,5,Metcash,Customer Service Officer,"Northmead, NSW",,2026-08-06,jora,new,https://au.jora.com/job/Customer-Service-Officer-341f4286769dbb90e6210bb7ce2e90d2
2949,5,CF QLD,Accounts Officer,"Virginia, QLD","$75,000 - $90,000 /yearly",2026-08-06,jora,new,https://au.jora.com/job/Accounts-Officer-bee5bdec98516b07a0d75286264cd7c4
2951,5,Convatec,Customer Care Representative,"Sydney CBD, NSW",,2026-08-06,jora,new,https://au.jora.com/job/Customer-Care-Representative-fac8101ace217ed53b223abf040ba70d
2952,5,Whif,Warehouse/ Manufacturing Assistant - Immediate Start,"Brendale, QLD",,2026-08-06,jora,new,https://au.jora.com/job/Manufacturing-Assistant-d61074b4a66a81e4f0533bb589697d2a
2953,5,Hanrob Pet Hotels,Animal Attendant (Pet Boarding/Daycare) - Hanrob Canberra,"Symonston, ACT",,2026-08-06,jora,new,https://au.jora.com/job/Animal-Attendant-fbd2df1f7f28698b7c2e98963acd822b
2954,5,Elite Woodhams Relocation,Client Account Manager,"Sydney CBD, NSW","$80,000 /yearly",2026-08-06,jora,new,https://au.jora.com/job/Client-Account-Manager-5892a0c4ebd591667a448d95a4dde0b8
2955,5,Dulux Group,Stores Sales Assistant,"Mount Gravatt, QLD",,2026-08-06,jora,new,https://au.jora.com/job/Stores-Sales-Assistant-4456fb5e74d0ea3d8b063b631f070cfa
2958,5,Brisbane Montessori School,Enrolment and Attendance Officer,"Fig Tree Pocket, QLD",,2026-08-06,jora,new,https://au.jora.com/job/Attendance-Officer-c20536d1d63e1dde72d10e3678c05b80
2969,5,PYBAR Mining Services,Entry Level Underground Mining Nipper / Agi Operator,"Rosebery, TAS",,2026-08-06,jora,new,https://au.jora.com/job/Nipper-2fa77da9c1dc6874c272bd60abcc1368
2970,5,Healius,Pathology Collector,"Rutherford, NSW",,2026-08-06,jora,new,https://au.jora.com/job/Pathology-Collector-64953ff54550a128969aa7c96eb69854
2976,5,Recruitflex,Claims Administrator,"Pyrmont, NSW",,2026-08-06,jora,new,https://au.jora.com/job/Claims-Administrator-3fe0b164ed9e3853712c327cb3a3ca28
2979,5,Winkel Aviation Services,Airline Service Operator,"Gladstone, QLD",,2026-08-06,jora,new,https://au.jora.com/job/Airline-Service-Operator-7d4704098b05bcb4e8f75484264577b4
2982,5,AQC,Food Process Worker (4 Day Week),"Kilsyth, VIC",$30 /hourly,2026-08-06,jora,new,https://au.jora.com/job/Food-Process-Worker-645d8a74cde6f1c95ea421388ce98f36
2987,5,Australia Post,Forklift Driver / Parcel Sorter,"Redbank, QLD",,2026-08-06,jora,new,https://au.jora.com/job/Forklift-Driver-74d074a9bd38a0b85f190b0b25062dbf
2990,5,Marsdens Law Group,LEGAL ASSISTANT/ RECEPTIONIST | DISPUTE RESOLUTION | SYDNEY OFFICE,"Sydney CBD, NSW",,2026-08-06,jora,new,https://au.jora.com/job/Legal-Receptionist-3704ccbcaa266b816ba975a9df67a6e8
2991,5,C3 Talent,Graduate Accountant,"Brisbane, QLD",,2026-08-06,jora,new,https://au.jora.com/job/Accountant-e4645fe3291960e684f7ac8ed010f5f4
2992,5,Healius,Pathology Collector,"Dubbo, NSW",,2026-08-06,jora,new,https://au.jora.com/job/Pathology-Collector-c939c4191873bd0fa5913930271d44d5
2999,5,Gellung Warl,Business Services Officer,"Collingwood, VIC","$77,224 - $83,524 /yearly",2026-08-06,jora,new,https://au.jora.com/job/Business-Services-Officer-175302ecd8ac0c2201b3635cd25fa8a0
3020,5,Smaart Recruitment,Customer Success Specialist,"Sydney, NSW","$72,500 /yearly",2026-08-06,jora,new,https://au.jora.com/job/Customer-Success-Specialist-47d4401756becccaee4bbc762ad18cd5
3027,5,Hays Recruitment,Client Services & Collections Officer,"North Sydney, NSW","$80,000 - $85,000 /yearly",2026-08-06,jora,new,https://au.jora.com/job/Collections-Officer-83393027c05c5ec01b48aa323957a0b5
3034,5,Woodforde Group,Compliance and HR Administrator,"Brisbane, QLD",$40 /hourly,2026-08-06,jora,new,https://au.jora.com/job/Compliance-and-HR-f9f6fcf1eee05e71573cb6689d774a66
3035,5,4wd Supacentre,Warehouse Storeperson - Sunshine Coast,"Birtinya, QLD",,2026-08-06,jora,new,https://au.jora.com/job/Warehouse-Storeperson-e4b3b7334b195daa6b0d226b62400b7d
3038,5,Deakin University,School Administration Officer,"Melbourne, VIC","$86,744 - $97,290 /yearly",2026-08-06,jora,new,https://au.jora.com/job/School-Administration-Officer-1f634f90a4b04b54cdf38771d3d6ebb2
3040,5,Inter Industrial,Pick Packers Required - Fast Paced environment,"Campbellfield, VIC",$33 /hourly,2026-08-06,jora,new,https://au.jora.com/job/Pick-Packers-Required-cf26dfa1c5ff8d90db1b9aab1f1e7308
3049,5,Robert Half,Accounts Payable Officer,"Parramatta, NSW",$40 - $45 /hourly,2026-08-06,jora,new,https://au.jora.com/job/Accounts-Payable-Officer-d09ce2ee9733b755720168dd36270399
3052,5,Hays Recruitment,Ranger,"Sydney CBD, NSW",$45 - $50 /hourly,2026-08-06,jora,new,https://au.jora.com/job/Ranger-187c5304dd89990c400a31d0388ba7b2
3056,5,ASAP Recruitment,Pick Pack,"Silverwater, NSW",$33 - $34 /hourly,2026-08-06,jora,new,https://au.jora.com/job/Pick-Pack-9fde5b0ebc817db12bb8310cdffd3739
3057,5,Techforce JobAdder,Communications Officer,"Sydney CBD, NSW",,2026-08-06,jora,new,https://au.jora.com/job/Communications-Officer-facc60b2ce784f36927570240045dc2e
3059,5,University of New South Wales,Research Assistant- Cardiometabolic Disease Research Group,"Sydney CBD, NSW","$92,000 - $104,000 /yearly",2026-08-06,jora,new,https://au.jora.com/job/Research-Assistant-462571530cd82a2c9f6f3a4c77dedeea
3061,5,Team Strive PTY LTD,Support Worker,"Oxenford, QLD",$40 /hourly,2026-08-06,jora,new,https://au.jora.com/job/Support-Worker-0ccb10c74bc00d37ccb4c54103dbf0c0
3064,5,RN Labs,Administration Officer,"Murarrie, QLD",,2026-08-06,jora,new,https://au.jora.com/job/Administration-Officer-9f0adc6cbd7cfdf026470fa80bc54f4e
3065,5,NSW Health,"Administration Officer, Health Information - Tweed Valley","Tweed Heads, NSW","$69,272 - $71,570 /yearly",2026-08-06,jora,new,https://au.jora.com/job/Administration-Officer-28d002d0ce99136bb5449d24735c0361
3066,5,IPN Medical Centres,Medical Receptionist,"Kedron, QLD",,2026-08-06,jora,new,https://au.jora.com/job/Medical-Receptionist-5bf9c471e6c7d7c083207bf59f72cdfd
3067,5,Screen Offset Printing,"Bookkeeper, Accounts, Payroll Officier","Geebung, QLD",$34 - $38 /hourly,2026-08-06,jora,new,https://au.jora.com/job/Bookkeeper-2856034a945775fe2f2f4f046c2ed936
3078,5,Herbert Smith Freehills,Administrative Assistant,"Melbourne, VIC",,2026-08-06,jora,new,https://au.jora.com/job/Administrative-Assistant-61f72cc5cad0f4b8bc82b38d50185284
3079,5,Pindara Private Hospital,Environmental Services Assistant,"Benowa, QLD",,2026-08-06,jora,new,https://au.jora.com/job/Environmental-Services-Assistant-c660c268df8d448ce2b377847f66ad38
3080,5,Mulpha,IT Help Desk Officer,"Sydney CBD, NSW",,2026-08-06,jora,new,https://au.jora.com/job/IT-Help-Desk-6e8b97b3c5cb72407f6ea1abc148bf49
3081,5,Bendigo Bank,Customer Service Officer | Community Bank Croydon | VIC,"Croydon, VIC",,2026-08-06,jora,new,https://au.jora.com/job/Customer-Service-Officer-96746dae1c7b739ede29cde0702d1ce2
3084,5,Paw Patrol Pet Care,"Animal Attendant, Dog Daycare Centre","North Geelong, VIC",,2026-08-06,jora,new,https://au.jora.com/job/Animal-Attendant-Dog-9d8b38f6dbbb5cd3ec8cf15ff63a7d9f
3087,5,Strikeforce AMC,Merchandiser - Asahi Lifestyle Beverages - Sydney CBD/Eastern/Inner West/Ryde,"Sydney CBD, NSW",,2026-08-06,jora,new,https://au.jora.com/job/Merchandiser-f9ed02e3fad90836bb1440e9e3f0a6c5
3088,5,Symbos,Customer Service Representative,"Dandenong, VIC",,2026-08-06,jora,new,https://au.jora.com/job/Customer-Service-Representative-cccf7138e7cd4fdf9732395c74f58d7c
3089,5,Wickham Freight Lines,Finance Officer,"Warwick, QLD",,2026-08-06,jora,new,https://au.jora.com/job/Finance-Officer-574377349035b1e368b9337e0f7a131d
3092,5,CSI Mining Services,Trainee Operator | 2:1 Roster,"Perth, WA",,2026-08-06,jora,new,https://au.jora.com/job/Operator-4b8f78624dc8438ae95214dd1ee51504
3113,5,Elite Staffing Solutions,Freight Handlers,"Sydney, NSW",,2026-08-06,jora,new,https://au.jora.com/job/Freight-Handler-ff2345865fd1ed3f887fc172ee62529e
3114,5,Adaptalift Group,Warehouse Assistant,"Acacia Ridge, QLD","$65,000 - $75,000 /yearly",2026-08-06,jora,new,https://au.jora.com/job/Warehouse-Assistant-9c1be555d9d2aa269c9d5383d3726b8f
3117,5,Employment Office,Warehouse and Production Assistant,"Brisbane, QLD",$33 - $37 /hourly,2026-08-06,jora,new,https://au.jora.com/job/Production-Assistant-fb09735d798fece24a21615664ff5e05
3119,5,Porta Craft,"Pick/Packer, Container Unloader, General Warehousing","Forrestdale, WA",,2026-08-06,jora,new,https://au.jora.com/job/Container-Unloader-1c2060caaeb1ad474ec80b7dda72e002
3120,5,Springbok Foods,Office Manager,"Gold Coast, QLD","$80,000 - $90,000 /yearly",2026-08-06,jora,new,https://au.jora.com/job/Office-Manager-f48bfd17a851003de675e47349ae3088
3122,5,Australia Post,Electric Vehicle Delivery Driver,"Camden Park, SA",,2026-08-06,jora,new,https://au.jora.com/job/Delivery-Driver-e12c921b0a5829f6854ca40e71a576e9
3124,5,Catholic Archdiocese of Brisbane,Administrative Assistant,"Brisbane, QLD",,2026-08-06,jora,new,https://au.jora.com/job/Administrative-Assistant-28aae6a991915bac0328f3c465c15989
3125,5,Australian Clinical Labs,Pathology Collector,"Horsham, VIC",$29 - $32 /hourly,2026-08-06,jora,new,https://au.jora.com/job/Pathology-Collector-ef8b18ac6925808db4de5d27402c4666
3126,5,Brisbane Catholic Education Office,"Title Student Wellbeing Officer - Holy Spirit College, FITZGIBBON","Fitzgibbon, QLD","$78,203 - $82,009 /yearly",2026-08-06,jora,new,https://au.jora.com/job/Student-Wellbeing-Officer-81fb9191509c15cad14cc655a1d1bb99
3127,5,CPB Contractors,Office Manager,"Melbourne, VIC",,2026-08-06,jora,new,https://au.jora.com/job/Office-Manager-bb60a0e626f46e10ac51f00bfd640dba
3128,5,CBRE,Retail Administration Assistant - Glenrose Village,"Sydney CBD, NSW",,2026-08-06,jora,new,https://au.jora.com/job/Retail-Administration-Assistant-ee181341fe6c2604f95a3a8bebadadf9
3129,5,Parks Victoria,Ranger (Multiple Vacancies),"Bacchus Marsh, VIC",,2026-08-06,jora,new,https://au.jora.com/job/Ranger-c1ea3cd7ddeb0c999cd0a3e2a9463d18
3131,5,Maribyrnong City Council,Customer Service Officer,"Footscray, VIC","$76,576 - $81,094 /yearly",2026-08-06,jora,new,https://au.jora.com/job/Customer-Service-Officer-c37af8a41deede10b4961bf29130fbd1
3133,5,Brisbane Catholic Education Office,"Title School Officer (Classroom Support) - St Pius' Primary School, BANYO","Banyo, QLD","$67,754 - $70,629 /yearly",2026-08-06,jora,new,https://au.jora.com/job/School-Officer-1fb17550bdc855bcf3d2f566ac8a4e35
3134,5,Orica,Storeperson,"Wooloowin, QLD",,2026-08-06,jora,new,https://au.jora.com/job/Storeperson-5a598577af722e71cde7e517a7e0ea22
3136,5,Harris Farm Markets,Shop Assistant - Marrickville,"Marrickville, NSW",,2026-08-06,jora,new,https://au.jora.com/job/Shop-Assistant-Marrickville-5253f9ee963e6d3d559ff7a43c2344f5
3138,5,Elite Staffing Solutions,Freight Handlers,"Warwick Farm, NSW",,2026-08-06,jora,new,https://au.jora.com/job/Freight-Handler-423721cf7b87f1aaa5295f8acb182598
3140,5,Diocese of Toowoomba Catholic Schools,School Officer - Classroom Support,"Toowoomba, QLD",$34 - $35 /hourly,2026-08-06,jora,new,https://au.jora.com/job/School-Officer-281bec28869029191e7ebf4414e4ddab
3144,5,dnata Airport Services,Team Leader - Passenger Services,"Brisbane, QLD",,2026-08-06,jora,new,https://au.jora.com/job/Team-Leader-1b0a9632c3734cf0fbb9ebcbd1bb56f6
3145,5,Healius,Pathology Collector,"Gymea Bay, NSW",,2026-08-06,jora,new,https://au.jora.com/job/Pathology-Collector-261ca64915d18c329b3a2759174c7899
3147,5,Department of Education,School Officer,"Perth, WA","$70,000 /yearly",2026-08-06,jora,new,https://au.jora.com/job/School-Officer-9eebd885d724ecaeb3dd82ff9287ee6a
3148,5,Buy Search Sell,RECRUITMENT OPERATIONS ASSISTANT,"Glenquarry, NSW",,2026-08-06,jora,new,https://au.jora.com/job/Operations-Assistant-a8b86ad465268efd30204065c21a52c1
3149,5,Inghams Enterprises,Farm Hand,"Surfers Paradise, QLD",,2026-08-06,jora,new,https://au.jora.com/job/Farm-Hand-354f23fae45eea171a3f5c9924cac043
3151,5,Hawkesbury District Agricultural Association,Live-In Caretaker,"Richmond, NSW",,2026-08-06,jora,new,https://au.jora.com/job/Live-in-Caretaker-4daf178ddaf1ff9873e828b3cdd96c2c
3155,5,Australia Post,Electric Vehicle Delivery Driver,"Midland, WA",$32 - $36 /hourly,2026-08-06,jora,new,https://au.jora.com/job/Delivery-Driver-03a9433be49341ba09f26d9297203a83
3159,5,City of Greater Geelong,Operations and Administration Officer - Grovedale Neighborhood House,"Warrnambool, VIC",$42 /hourly,2026-08-06,jora,new,https://au.jora.com/job/Administration-Officer-2e8f06c7db46245d796b60d91d1a8dc2
3162,5,CBRE,Retail Administration Assistant - Glenrose Village,"Sydney, NSW",,2026-08-06,jora,new,https://au.jora.com/job/Retail-Administration-Assistant-7ebd2ad7f46f5f454a093f23e9652529
3163,5,Majer Recruitment,Facilities Manager,"Brisbane, QLD",,2026-08-06,jora,new,https://au.jora.com/job/Facilities-Manager-d2640b9984ed33b67f3a69f6210ac524
3164,5,The Salvation Army,Case Manager,"Surry Hills, NSW",,2026-08-06,jora,new,https://au.jora.com/job/Case-Manager-61377d221a97d1f61b8ef1c8ed84f9c0
3168,5,NSW Department of Communities and Justice,Client Service Officer,"Newcastle West, NSW","$82,533 - $95,482 /yearly",2026-08-06,jora,new,https://au.jora.com/job/Client-Service-Officer-c48ce046f698c864341ddf4144c0e0ea
3170,5,Moir Group,National Credit Manager,"Sydney, NSW","$200,000 /yearly",2026-08-06,jora,new,https://au.jora.com/job/National-Credit-Manager-216d85d2fd3c17f63b56f45a0ad9c07c
3177,5,Brisbane Housing Company,Client Services Officer - make a difference!,"Brisbane, QLD",,2026-08-06,jora,new,https://au.jora.com/job/Client-Services-Officer-7bc18dbdd3714eb0b04de7767ca5654a
3179,5,Queensland Health,Administration Officer,"Woolloongabba, QLD",,2026-08-06,jora,new,https://au.jora.com/job/Administration-Officer-9abbb19f2a3760ac37c82c82fa1b8a65
3185,5,NX Blue,Production Line Workers and Process Workers ASAP Start,"Ingleburn, NSW",$34 - $43 /hourly,2026-08-06,jora,new,https://au.jora.com/job/Production-Line-Worker-eed4a5f11b9365529f000c5bb523a0c3
3189,5,Healius,Pathology Collector,"Sutherland, NSW",,2026-08-06,jora,new,https://au.jora.com/job/Pathology-Collector-62b5647235abeb3d0fe3b76c42e3a1b0
3213,5,Townsville Catholic Education,School Officer - Admininstration,"Townsville, QLD",$34 - $35 /hourly,2026-08-06,jora,new,https://au.jora.com/job/School-Officer-19cd541e5e43526dea4220457f2b698f
3214,5,SA Health,Administrative Support Officer,"Glenside, SA","$66,442 - $69,504 /yearly",2026-08-06,jora,new,https://au.jora.com/job/Administrative-Support-Officer-cb02a60d2f74efdbb9d06b267a778fe1
3215,5,CCEP,Merchandiser - Western Suburbs,"Thebarton, SA",,2026-08-06,jora,new,https://au.jora.com/job/Merchandiser-7faf73519cae2d00830803c51804314d
3216,5,Robert Half,Accounts Officer | CBD,"Sydney, NSW",,2026-08-06,jora,new,https://au.jora.com/job/Accounts-Officer-369b71b4967c71abf789ffa1a8f50f0b
3217,5,Benneaux,Accountant - Family Office,"Melbourne, VIC",,2026-08-06,jora,new,https://au.jora.com/job/Accountant-36034b79fd4c982b958851f618ac3cce
3219,5,Domino's Pizza,Delivery Driver - Launceston,"Launceston, TAS",,2026-08-06,jora,new,https://au.jora.com/job/Delivery-Driver-51cb6a04c8462bd9289c7e5c4ffe197f
3220,5,SA Health,Business Officer,"North Adelaide, SA","$82,212 - $86,180 /yearly",2026-08-06,jora,new,https://au.jora.com/job/Business-Officer-ac1a834d5a0e8068ee9558e1c16a1e82
3224,5,Protech,PRODUCTION MILL OPERATOR – CLIFTON,"Clifton, QLD",$40 /hourly,2026-08-06,jora,new,https://au.jora.com/job/PRODUCTION-MILL-OPERATOR-be8e6fccb2f65337800afed9309f2a3d
3225,5,CBRE,Retail Administration Assistant - Norton Plaza,"Sydney, NSW",,2026-08-06,jora,new,https://au.jora.com/job/Retail-Administration-Assistant-8db491e4fd62f26bddefd0250c0ab9e3
3229,5,Programmed Maintenance Services,VOICE Order Pickers Needed Now! $40/hr | Brisbane Airport,"Pinkenba, QLD",$40 /hourly,2026-08-06,jora,new,https://au.jora.com/job/Order-Picker-934dbfd53aac02ae8b7e95d657365794
3230,5,"Department of Families, Fairness & Housing VIC",Field Services Officer,"Melbourne, VIC","$100,894 - $114,476 /yearly",2026-08-06,jora,new,https://au.jora.com/job/Field-Services-Officer-573226578a34d9e9eb8e9c5c9bf0869a
3231,5,Meertens Chartered Accountants,Office Administrator,"Adelaide, SA",,2026-08-06,jora,new,https://au.jora.com/job/Office-Administrator-bfc3b960bd96298f064f4881136b7c84
3233,5,CBRE,Retail Administration Assistant - Glenrose Village,"Sydney, NSW",,2026-08-06,jora,new,https://au.jora.com/job/Retail-Administration-Assistant-f5e0265bbee57e48a7db6a92cceaef6e
3234,5,Connect Resources,RIW Labourers & Operators Required- DIDO ASAP start,"Sydney, NSW",,2026-08-06,jora,new,https://au.jora.com/job/RIW-Labourer-715c65d0e69901a5ade1e7747a1b0faf
3235,5,Government schools,Integration Teacher Aide,"Melbourne Northern Suburbs, VIC",,2026-08-06,jora,new,https://au.jora.com/job/Integration-Teacher-Aide-01793ec2bcd94be249e77bc1abfd15b6
3241,5,Woolworths Supermarkets,Store Team Member,"Kenmore, QLD",,2026-08-06,jora,new,https://au.jora.com/job/Store-Team-Member-9fbef03921829a309277823cd6d5ed3b
3243,5,Sharp and Carter,Accounts Officer,"Altona, VIC",,2026-08-06,jora,new,https://au.jora.com/job/Accounts-Officer-cf7fa6bd708be7aa3cce9458609ec556
3245,5,One Harvest,Process Worker,"Bairnsdale, VIC",,2026-08-06,jora,new,https://au.jora.com/job/Process-Worker-33f5660f88f6412cf86a3e081c69df00
3246,5,Domino's Pizza,In Store Team Member - Launceston,"Launceston, TAS",,2026-08-06,jora,new,https://au.jora.com/job/In-Store-Team-742dd98d8acedc657c3df00257bc9665
3247,5,Marchese Partners International,Receptionist,"North Sydney, NSW",,2026-08-06,jora,new,https://au.jora.com/job/Receptionist-cf487b96365e24c44ef9304088ba4ada
3248,5,Parabellum International,Emergency Services Officers | Perth Local | DIDO,"Peel, NSW",,2026-08-06,jora,new,https://au.jora.com/job/Emergency-Services-Officer-5190861a7267d7408e31baa312a99d8d
3249,5,The Salvation Army,Youth Worker,"Surry Hills, NSW",,2026-08-06,jora,new,https://au.jora.com/job/Youth-Worker-884e6a14a9a327d350e372c6dae0d402
3252,5,Mulpha,IT Help Desk Officer,"Sydney, NSW",,2026-08-06,jora,new,https://au.jora.com/job/IT-Help-Desk-3cbf6dd95252c676c989ae374a00ca66
3253,5,Perth Radiological Clinic,Patient Support Officer,"Osborne Park, WA",,2026-08-06,jora,new,https://au.jora.com/job/Patient-Support-Officer-8bb388b272a5f312a61408711f613037
3254,5,4070 Deliveries,Postie,"Moggill, QLD","$6,000 - $8,000 /monthly",2026-08-06,jora,new,https://au.jora.com/job/Postie-b8b227c9c9bd1cd4e93fff41946548ee
3255,5,Domino's Pizza,In Store Team Member,"Box Hill, VIC",,2026-08-06,jora,new,https://au.jora.com/job/In-Store-Team-d896487cac1f1c7962b7bc3156e8a722
3256,5,Department for Environment and Water SA,Infrastructure Operations Officer,"Winkie, SA","$92,122 - $102,456 /yearly",2026-08-06,jora,new,https://au.jora.com/job/Operations-Officer-152beb2af7aba4607546d3aedb3b0e57
3257,5,Albany Youth Support Association,Youth Worker – OAK Program and Youth Centre,"Albany, WA",$40 - $43 /hourly,2026-08-06,jora,new,https://au.jora.com/job/Youth-Worker-fae30a43ebf3dec2971824dd9871017a
3258,5,Asset Rental Group (Holdings) Ltd,Finance Manager,"Sydney CBD, NSW","$140,000 - $170,000 /yearly",2026-08-06,jora,new,https://au.jora.com/job/Finance-Manager-b84c4a78d663e3ded46580e4bd75b8fb
3259,5,Domino's Pizza,Delivery Driver,South Australia,,2026-08-06,jora,new,https://au.jora.com/job/Delivery-Driver-c119c69a820e6a6247c46e5a9f3ee2e8
3260,5,SA Health,Pre-Analytical Specimen Collection TQEH - Phlebotomist OPS2,"Woodville, SA","$66,441 - $69,504 /yearly",2026-08-06,jora,new,https://au.jora.com/job/Phlebotomist-39b84091559e0022fd2a4bb427b36f31
3261,5,Government schools,Integration Teacher Aide,"Melbourne Northern Suburbs, VIC",,2026-08-06,jora,new,https://au.jora.com/job/Integration-Teacher-Aide-3b2b248c25d2dd6824cde0d7e98f1077
3263,5,Domino's Pizza,In Store Team Member,South Australia,,2026-08-06,jora,new,https://au.jora.com/job/In-Store-Team-349194bd141010bc97318c0ac70f682f
3264,5,Suttons,STOREPERSON / DRIVER,"Huntingwood, NSW",,2026-08-06,jora,new,https://au.jora.com/job/Storeperson-90a3ecd4b61eb93439848c78767b335b
3265,5,CSR Limited,"Trainee Supervisor - Production Team (Coopers Plains, QLD)","Coopers Plains, QLD",,2026-08-06,jora,new,https://au.jora.com/job/Trainee-Supervisor-Production-dd6acd84ff251ec1bfea206d213b7ae2
3267,5,ALDI,Junior Store Assistant - Carrum,"Carrum, VIC",$17 - $21 /hourly,2026-08-06,jora,new,https://au.jora.com/job/Junior-Store-Assistant-e8c3d8da43bc257998360105cd95f157
3268,5,Domino's Pizza,Delivery Driver,"Liverpool, NSW",,2026-08-06,jora,new,https://au.jora.com/job/Delivery-Driver-37d53d28281b278d1d6e90994712f2b1
3381,5,TimePet,Full-Time Warehouse Assistant,"Surfers Paradise, QLD",,2026-08-06,jora,new,https://au.jora.com/job/Warehouse-Assistant-9df8d24348ec402126164d369b3b6d59
2330,5,BJAK,Mobile Application Developer,(Remote),,2026-08-05,linkedin,new,https://www.linkedin.com/jobs/view/4448900807
2351,5,KBH Solutions,Credit Officer,"Sydney, NSW","$75,000 - $80,000 /yearly",2026-08-05,jora,new,https://au.jora.com/job/Credit-Officer-2648db711634628aea9cdfbe4a42515e
2353,5,HorizonOne,Communications Officer,"Sydney, NSW","$90,000 - $110,000 /yearly",2026-08-05,jora,new,https://au.jora.com/job/Communications-Officer-445b1008fdd5ff2d35a88cbdcc480dd1
2355,5,Strategy One Human Resources,Afternoon Bulk Pickers - $38.80 per hour,"Sydney, NSW",$38 /hourly,2026-08-05,jora,new,https://au.jora.com/job/Picker-bc9c067e95b9d9bdf98d092abbb2147b
2356,5,Sharp and Carter,Financial Analyst - Immediate start,"Sydney, NSW","$115,000 - $125,000 /yearly",2026-08-05,jora,new,https://au.jora.com/job/Financial-Analyst-c7ebe6b2bd6e5305af116f78479a66e7
2357,5,Ivory Group,Parking Enforcement Officer,"Sydney, NSW",,2026-08-05,jora,new,https://au.jora.com/job/Parking-Enforcement-Officer-89be4f65e4f8a32fb8cc146ec3c1d54c
2358,5,Experis,Repacker,"Melbourne, VIC",$33 /hourly,2026-08-05,jora,new,https://au.jora.com/job/Repacker-b788237571ee66888bb7e0b274f4ceb7
2359,5,Townsville Catholic Education,School Officer - Administration,Queensland,$34 - $35 /hourly,2026-08-05,jora,new,https://au.jora.com/job/School-Officer-5d4647dd8e30c13acdbe766116ef5c37
2363,5,Kanda,Customer Experience Consultant,"Melbourne, VIC",$35 - $38 /hourly,2026-08-05,jora,new,https://au.jora.com/job/Customer-Experience-Consultant-993faa54d438bbde66f2ee988d3f8a34
2364,5,Government schools,Teacher Aide,"Melbourne, VIC",,2026-08-05,jora,new,https://au.jora.com/job/Teacher-Aide-b3ee0dce1cf9b42ab86982cf05573b6e
2365,5,Healius,Data Entry Operator,"Murarrie, QLD",,2026-08-05,jora,new,https://au.jora.com/job/Data-Entry-Operator-0cefc4d32111309fb3ca5a1166eb309e
2367,5,Fuse Recruitment,5 X Production labourers – Carole Park - $36 p/hr + Daily Overtime (Day shift),"Carole Park, QLD",$36 /hourly,2026-08-05,jora,new,https://au.jora.com/job/Production-Labourer-3fdd3492a811c865687dc1385118dc91
2368,5,Bidfood,Freezer Pick Packer,"Yatala, QLD",,2026-08-05,jora,new,https://au.jora.com/job/Freezer-Pick-Packer-22388899bdcac7547ee9188d91dd22ba
2371,5,Next Level Consulting Solutions,Dristibution Drivers & Warehouse Pickers,"Gold Coast, QLD",,2026-08-05,jora,new,https://au.jora.com/job/Warehouse-Picker-658f836c18b6e4792334e7fa830f914e
2377,5,Scenic Rim Regional Council,Customer Service Officer,"Beaudesert, QLD","$79,128 /yearly",2026-08-05,jora,new,https://au.jora.com/job/Customer-Service-Officer-1c8762e5d64e2687d4d2d95d055b1c0b
2384,5,Ivory Group,Office Coordinator/Office Manager,"Sydney, NSW",,2026-08-05,jora,new,https://au.jora.com/job/Office-Coordinator-44e3b874dc99cf16273fb82225ceae1c
2387,5,RZ Resources,Laboratory Technician (Process Technician),"Pinkenba, QLD",,2026-08-05,jora,new,https://au.jora.com/job/Laboratory-Technician-bc0b90a219aa143f0eddd85f087024fb
2389,5,Infopeople,Business Systems Officer | NSW,"Sydney, NSW",,2026-08-05,jora,new,https://au.jora.com/job/Business-Systems-Officer-b19bb325a8ace306d0377cc08e03b735
2399,5,Perigon Group,Financial Controller,"Sydney, NSW","$180,000 - $200,000 /yearly",2026-08-05,jora,new,https://au.jora.com/job/Financial-Controller-116233d4fe1f3abd1ba2d564e91a9ce8
2404,5,Mingara,Correspondence Officer,"Brisbane, QLD","$76,022 /yearly",2026-08-05,jora,new,https://au.jora.com/job/Correspondence-Officer-41532167f3a32ca6646f12dff1e12b38
2409,5,Prince of Wales Private Hospital,Administration Officer,"Sydney, NSW",,2026-08-05,jora,new,https://au.jora.com/job/Administration-Officer-379f88c687b5646dd4b557dfe4b33c1a
2410,5,Roy Morgan,Field Interviewer - Western Sydney,"Sydney, NSW",,2026-08-05,jora,new,https://au.jora.com/job/Field-Interviewer-250c564bd9b69d2333012d3a564c041d
2422,5,HomeMade,Engineer,"Sydney, New South Wales, (Remote)",,2026-08-05,linkedin,new,https://www.linkedin.com/jobs/view/4447329757
2549,5,Emmbr,Service Desk Analyst,"Melbourne, VIC",,2026-08-05,jora,new,https://au.jora.com/job/Service-Desk-Analyst-673d7957b0dd70ae2cc027d89f983882
2550,5,Frontline Hospitality,Pub Operations Manager/2IC |  East Subs| $90-100K+ Super,"Sydney, NSW","$90,000 - $100,000 /yearly",2026-08-05,jora,new,https://au.jora.com/job/Operations-Manager-b149e4fe9d75d3cece7c00ce76e01f59
2551,5,Trojan Recruitment Group,Pick Packer with LF,"Laverton North, VIC",,2026-08-05,jora,new,https://au.jora.com/job/Pick-Packer-with-430c20e38122db3a21dfefc991c703ad
2552,5,Celotti Workforce,Fleet Administrator | Ingleburn NSW,"Sydney, NSW",$42 /hourly,2026-08-05,jora,new,https://au.jora.com/job/Fleet-Administrator-994f76dc4a7bf44480c68846accefb3b
2553,5,UM Holdings,Alcohol and Other Drug Tester/Assistant Investigator,"Melbourne, VIC",,2026-08-05,jora,new,https://au.jora.com/job/Investigator-1907ffbb25cbfc09179d865f46d8e698
2555,5,McMillan Shakespeare,Customer Support Manager,"Melbourne, VIC",,2026-08-05,jora,new,https://au.jora.com/job/Customer-Support-Manager-46f1cb4e6ed8329964bc6008f6954646
2557,5,National Workforce,Process Worker / Pick Packers,"Murarrie, QLD",$32 - $38 /hourly,2026-08-05,jora,new,https://au.jora.com/job/Process-Worker-3da85bfddc4e1544d9de7a6e5c2cfe40
2558,5,ClearHire,Warehouse Pick Packers | Adelaide,"Adelaide, SA",,2026-08-05,jora,new,https://au.jora.com/job/Warehouse-Pick-Packers-87d0493693d108dbb1b1d8440361ee0e
2559,5,Housing Choices Australia,Housing Officer,"Mandurah, WA",,2026-08-05,jora,new,https://au.jora.com/job/Housing-Officer-6423dd0bf340751745ebacc84269ba01
2560,5,dnata Airport Services,Customer Delivery Driver [ Brisbane],"Brisbane, QLD",,2026-08-05,jora,new,https://au.jora.com/job/Customer-Delivery-Driver-41af2d8f2991a5249c7e0ed5ac4f3d25
2565,5,Temp And Agnew,Client Service Advisor,"Sydney CBD, NSW","$75,000 - $80,000 /yearly",2026-08-05,jora,new,https://au.jora.com/job/Client-Services-Advisor-1c7c5ee61dba7113897bd3eea979065d
2566,5,Townsville Catholic Education,School Officer - Administration,Queensland,$34 - $35 /hourly,2026-08-05,jora,new,https://au.jora.com/job/School-Officer-3f8fd44942eb85e98a9f2aa8dcc6f7c9
2568,5,Allan Hall Business Advisors,Sales and Leadership Trainee,"Mackay, QLD",,2026-08-05,jora,new,https://au.jora.com/job/Sales-and-Leadership-8726e0a2c3f3a54ff751278d690c71b7
2572,5,Transport for NSW,Investment Analyst,"Sydney Airport, NSW","$124,810 - $139,787 /yearly",2026-08-05,jora,new,https://au.jora.com/job/Investment-Analyst-f0a53eb536eb08833858b2b6171c27fe
2573,5,NX Blue,Material Handlers & Packers,"Bella Vista, NSW",,2026-08-05,jora,new,https://au.jora.com/job/Material-Handler-2f41b7617769aaf0e61d94f418575de1
2577,5,Canex Resources,"Housekeepers -  Rockhampton & Surrounding Regions, Queensland","Rockhampton City, QLD",$26 - $29 /hourly,2026-08-05,jora,new,https://au.jora.com/job/Housekeeper-4512a4613fc0123e98a3c104d9eb5be5
2578,5,Department of Education,School Officer,"Perth, WA","$60,000 /yearly",2026-08-05,jora,new,https://au.jora.com/job/School-Officer-f7c66e508cdbc0726c6e913aaea3a077
2579,5,Healthyworld Pharmacy,Pick & Packer,"Stones Corner, QLD",,2026-08-05,jora,new,https://au.jora.com/job/Pick-Packer-2214930cef11f627164eec9da076ca07
2580,5,Australian Clinical Labs,Pathology Collector,"Frenchs Forest, NSW",$30 /hourly,2026-08-05,jora,new,https://au.jora.com/job/Pathology-Collector-9e2ff933e1e2950c730d1e0b2a042696
2581,5,Roc Consulting,Workflow Coordinator,"Brisbane, QLD","$85,000 /yearly",2026-08-05,jora,new,https://au.jora.com/job/Workflow-Coordinator-815ee8dea80e815b427b980973b51f1c
2582,5,Medimart Group,Delivery Driver,"Welland, SA",$35 - $37 /hourly,2026-08-05,jora,new,https://au.jora.com/job/Delivery-Driver-6cbfae315cb457bba31c60ef9a7f7d32
2584,5,Yarra Ranges Council,Bushland Crew Member,"Lilydale, VIC",$33 - $36 /hourly,2026-08-05,jora,new,https://au.jora.com/job/Crew-Member-2427567b31bcd73e0237c91267a36ac0
2585,5,National Workforce,Process Worker / Pick Packers,"Murarrie, QLD",$32 - $38 /hourly,2026-08-05,jora,new,https://au.jora.com/job/Process-Worker-eefda1059ff77e919d8379af123695ae
2587,5,The Star Sydney,Customer Outreach Analyst,"Sydney, NSW",,2026-08-05,jora,new,https://au.jora.com/job/Analyst-9632c9994cf9f8e7f2e6292e2c320687
2588,5,AusHealth,"Workplace Drug and Alcohol Specimen Collector - Cairns Cairns, Queensland 4870","Cairns, QLD",$36 /hourly,2026-08-05,jora,new,https://au.jora.com/job/Workplace-Drug-and-f794dd9c5ad3b0a91b472a4c8fcf3758
2589,5,Synergy Placements,Warehouse workers immediate start! $34-$38+ per hour,"Hemmant, QLD",$34 - $38 /hourly,2026-08-05,jora,new,https://au.jora.com/job/Warehouse-Worker-1a8672ad63df87fec2daf3acaeae6e58
2590,5,AMRRIC,Office Coordinator,"Darwin, NT","$68,000 - $72,000 /yearly",2026-08-05,jora,new,https://au.jora.com/job/Office-Coordinator-abe51dd4d9abb376ca1ed4998bcaadce
2592,5,Ivory Group,Infrastructure Contributions Officer,"Sydney, NSW","$135,000 /yearly",2026-08-05,jora,new,https://au.jora.com/job/Officer-d3a689b42ef6604f1cd573446a059ee0
2593,5,Sharp and Carter,Marketing & Brand Manager,"Sydney, NSW",,2026-08-05,jora,new,https://au.jora.com/job/Marketing-Brand-Manager-3a37bf5c4726f34638c3db573c15f42d
2596,5,TFE Hotels,Front Office Receptionist,"Sydney CBD, NSW",,2026-08-05,jora,new,https://au.jora.com/job/Front-Office-Receptionist-3783a564d08bda72bdb31b31385fcea9
2597,5,Derwent Search,General Manager People,"Perth, WA",,2026-08-05,jora,new,https://au.jora.com/job/General-Manager-6ec8fdf0ea92176287fcd6fc37fe3f74
2598,5,Department of Education Victoria,Teacher Aide,"Emerald, QLD",,2026-08-05,jora,new,https://au.jora.com/job/Teacher-Aide-81cc90b7979f3bac841878a6761bc998
2602,5,Hamer Offroad,Warehouse Assistant,"Brendale, QLD",$28 - $33 /hourly,2026-08-05,jora,new,https://au.jora.com/job/Warehouse-Assistant-8bdfd053eabef895e1144f16e5930cd9
2607,5,Workforce Extensions,Call Center Outbound,"Pemulwuy, NSW",$34 - $36 /hourly,2026-08-05,jora,new,https://au.jora.com/job/Call-Center-Outbound-8a87766be5c1960ec873c17eaac87c5b
2632,5,Kira,Mobile Engineer - AI Finance Agent,(Remote),,2026-08-05,linkedin,new,https://www.linkedin.com/jobs/view/4448958726
2643,5,Symmetry Human Resources,Pick packers,"Larapinta, QLD",$34 /hourly,2026-08-05,jora,new,https://au.jora.com/job/Pick-packers-8b6c5e24601a4622acda7ba2a016f077
2644,5,Oxygen Recruitment & HR,Trust Analyst,"Sydney, NSW",,2026-08-05,jora,new,https://au.jora.com/job/Trust-Analyst-225067743b315d885425946be0b38187
2645,5,Temp And Agnew,Client Service Advisor,"Sydney, NSW","$75,000 - $80,000 /yearly",2026-08-05,jora,new,https://au.jora.com/job/Client-Services-Advisor-dadac82a4a98d3105630c21f3337088c
2646,5,Allan Hall Business Advisors,Customer Service,"Dandenong, VIC",,2026-08-05,jora,new,https://au.jora.com/job/Customer-Service-e085dcd293e15779af0e283dcde1f009
2647,5,Pathfinder Recruitment,Client Services Coordinator | Public Practice Accounting,"Sydney, NSW","$95,000 - $130,000 /yearly",2026-08-05,jora,new,https://au.jora.com/job/Client-Services-Coordinator-679c3fc790435cca56bd8d3dc44e161f
2648,5,Fuse Recruitment,5 X Production labourers – Carole Park - $36 p/hr + Daily Overtime (Day shift),"Goodna, QLD",$36 /hourly,2026-08-05,jora,new,https://au.jora.com/job/Production-Labourer-51c45805dce249017ed9aba37b7e4473
2650,5,Talent Connect Australia,Warehouse Customer Service Officer,"Granville, NSW",,2026-08-05,jora,new,https://au.jora.com/job/Warehouse-Customer-Service-802622712f1399ff82af8213f9ecf6aa
2651,5,Domino's Pizza,Delivery Driver / eBiker,"Kedron, QLD",,2026-08-05,jora,new,https://au.jora.com/job/Delivery-Driver-a3db5a6e98e5af1b57ac06dec6519885
2652,5,Trades Workforce Solutions,Labourer / Trade Assistant,"Melbourne, VIC",$36 /hourly,2026-08-05,jora,new,https://au.jora.com/job/Labourer-56fbe0e9609b618e24f72f0f61fb22f7
2653,5,Melbourne Polytechnic,Horticulture Stores Officer,"Melbourne, VIC","$70,547 /yearly",2026-08-05,jora,new,https://au.jora.com/job/Stores-Officer-a81df7cf2f729068d97839921f96ca74
2654,5,G'day Group,Park Manager - Rockhampton,"Rockhampton, QLD",,2026-08-05,jora,new,https://au.jora.com/job/Park-Manager-bcac38abfeb0a8fb96ea9ee1c21fa596
2655,5,ThompsonCook,"Accountant | Investment Firm | $130,000","Sydney CBD, NSW",,2026-08-05,jora,new,https://au.jora.com/job/Accountant-d8e402aaf44d0dca71be1cf9ba4c5a35
2656,5,Sharp and Carter,M&A Analyst - Corporate Development,"Sydney, NSW","$110,000 - $120,000 /yearly",2026-08-05,jora,new,https://au.jora.com/job/M-A-Analyst-84825ab9d4105f4a7b6bbc72acf227d5
2657,5,Robert Half,Talent Acquisition - 3 to 6 Month Temp Role,"Sydney, NSW",,2026-08-05,jora,new,https://au.jora.com/job/Talent-Acquisition-3-425fda43a8da6b7ce00beaf28c1261de
2658,5,Chandler Macleod Group,Voice Picker,"Erskine Park, NSW",$39 /hourly,2026-08-05,jora,new,https://au.jora.com/job/Voice-Picker-7ff0c27b429bde3d2c10d1e4077bf392
2659,5,Bayer,Customer Engagement Partner,"Sydney CBD, NSW",,2026-08-05,jora,new,https://au.jora.com/job/Engagement-Partner-2abfcfd9f9c0fed5d64ed4b9e1a53af3
2660,5,CSC Commonwealth Superannuation Corporation,Finance Business Partner - hybrid,"Sydney, NSW",,2026-08-05,jora,new,https://au.jora.com/job/Finance-Business-Partner-d77996f2ab9dfaa38d604620fc492864
2661,5,Autosports Group,Accounts Payable |,"Sydney, NSW","$55,000 - $65,000 /yearly",2026-08-05,jora,new,https://au.jora.com/job/Accounts-Payable-%7C-5056af214682ed433c458813bf741af3
2662,5,University of New South Wales,Team Member Electronic Resources,"Sydney, NSW","$92,265 /yearly",2026-08-05,jora,new,https://au.jora.com/job/Team-Member-964d0e97ee1959f0334ae3890021252c
2663,5,Colgate Palmolive,Executive Assistant,"Sydney CBD, NSW",,2026-08-05,jora,new,https://au.jora.com/job/Executive-Assistant-2280a99a4b4108b280c589183a105900
2664,5,The Star Gold Coast,Customer Outreach Analyst,"Sydney, NSW",,2026-08-05,jora,new,https://au.jora.com/job/Analyst-3d833cb5ac70e782167bdeebdf8ded03
2665,5,Pink Pickle Marketing,Marketing Assistant – Hospitality Digital Marketing,"Sydney CBD, NSW",$30 - $35 /hourly,2026-08-05,jora,new,https://au.jora.com/job/Marketing-Assistant-11d3968333d9ff803fc648d14c4ffc3b
2666,5,The University of Newcastle,College Services Assistant,"Newcastle, NSW",,2026-08-05,jora,new,https://au.jora.com/job/Service-Assistant-46338abce46b01f17d0d01ec431e5366
2667,5,Togs Swimwear,Warehouse Assistant,"Murwillumbah, NSW",$25 - $30 /hourly,2026-08-05,jora,new,https://au.jora.com/job/Warehouse-Assistant-c194c5c7460f4104ae2ad5683a3a92e2
2670,5,Hays Recruitment,Member Service Officer,"Perth, WA",,2026-08-05,jora,new,https://au.jora.com/job/Member-Service-Officer-198c84e71d0121d75055b78e199a531b
2674,5,Tracks Indigenous Services,Custody Officer - Broome & Kununurra,"Broome, WA",$27 - $30 /hourly,2026-08-05,jora,new,https://au.jora.com/job/Custody-Officer-4946e5e023fe56cbb8b6d3fe494c794c
2678,5,Cater Care,Administrator / Housekeeper / Utility - Remote (5610),"Sydney, NSW, (Remote)",,2026-08-05,jora,new,https://au.jora.com/job/Housekeeper-53035845216d20a94af6da954bed11cc
2680,5,Cater Care,Housekeeper / Utility - Remote (5372),"Sydney, NSW, (Remote)",,2026-08-05,jora,new,https://au.jora.com/job/Housekeeper-a13c1c497de1afd704d8fdaf99e34dfe
2681,5,Xplor,Customer Service Advisor,"Melbourne, VIC",,2026-08-05,jora,new,https://au.jora.com/job/Customer-Service-Advisor-f5791c0a03ab950b566a517e72119186
2687,5,Dream Nannies,"Professional Full Time Nanny /Housekeeper Hamilton, Brisbane","Brisbane, QLD",,2026-08-05,jora,new,https://au.jora.com/job/Housekeeper-518c43228ae58bdbb5e16015cc928610
2688,5,Domino's Pizza,In Store Team Member/ Burpengary,"Burpengary, QLD",,2026-08-05,jora,new,https://au.jora.com/job/In-Store-Team-9638277b5cd76c16e8b5c0fe5900d2aa
2689,5,Domino's Pizza,Instore Team,"Kedron, QLD",,2026-08-05,jora,new,https://au.jora.com/job/Instore-Team-35c6617949dc3814153eaf0bb9d57eb7
2691,5,Programmed Maintenance Services,Voice Order Picker (Experience Required),"Pinkenba, QLD",$40 /hourly,2026-08-05,jora,new,https://au.jora.com/job/Order-Picker-c83274ce620bc563313913b15d9e4c49
2693,5,Roadform Services Pty Ltd,Asphalt Crew Member,"Bibra Lake, WA",,2026-08-05,jora,new,https://au.jora.com/job/Asphalt-Crew-Member-7e2dfcbeafb1b82b28e4f6b7232f50db
2694,5,Cater Care,Housekeeper / Utility - Remote (5372),"Sydney, NSW, (Remote)",,2026-08-05,jora,new,https://au.jora.com/job/Housekeeper-ff6cd651addce9e00b2240369dbf3265
2695,5,WesTrac,Storeperson,"Guildford, WA",,2026-08-05,jora,new,https://au.jora.com/job/Storeperson-01f022f77d51e10670fb98ed839b2521
2697,5,Moonee Valley City Council,Planning Enforcement and Investigations Officer,"Essendon, VIC","$85,114 /yearly",2026-08-05,jora,new,https://au.jora.com/job/Investigations-Officer-1c1f10fa7d5c707c92b28a79f700d3e8
2698,5,Programmed Maintenance Services,Purchasing Officer,"Wetherill Park, NSW",,2026-08-05,jora,new,https://au.jora.com/job/Purchasing-Officer-78d3264f14aac83d0081bb0b86d4e33c
2699,5,Queensland University of Technology,Service Experience Officer,"Kelvin Grove, QLD",$53 - $60 /hourly,2026-08-05,jora,new,https://au.jora.com/job/Experience-Officer-7d21cd3f3f157b32c4e6bfc2f546c433
2700,5,Domino's Pizza,In Store Team Member,"Merrimac, QLD",,2026-08-05,jora,new,https://au.jora.com/job/In-Store-Team-b3398343b6e3e7f8038383e83094de32
2701,5,University of New South Wales,Team Member Electronic Resources,"Sydney, NSW","$92,265 /yearly",2026-08-05,jora,new,https://au.jora.com/job/Team-Member-46d93e48fb253251b5a0f81a8835b983
2704,5,Genesys Automation,Frontend Development,"Sydney, New South Wales, (Remote)",,2026-08-05,linkedin,new,https://www.linkedin.com/jobs/view/4449498182
2735,5,Plexus Resource Solutions,Product Manager,"Sydney, New South Wales, (Remote)",,2026-08-05,linkedin,new,https://www.linkedin.com/jobs/view/4447386668
2876,5,Exclaim IT,Developer,"Brisbane, Queensland",,2026-08-05,linkedin,new,https://www.linkedin.com/jobs/view/4449325296
4057,5,QNT Partners,Quant Developer / Quant Trader,"Sydney, New South Wales",,2026-08-05,linkedin,new,https://www.linkedin.com/jobs/view/4448939406
2489,5,Alo,Sales & Service Lead - Sydney CBD,"Sydney, NSW",,2026-08-03,indeed,new,https://au.indeed.com/viewjob?jk=2fcfb7fe2e02383b
2104,5,RunTime - Engineering Recruitment,Systems Test & Validation Engineer,"Melbourne, Victoria, (Remote)",,2026-08-02,linkedin,new,https://www.linkedin.com/jobs/view/4447669404
1730,5,Preciselee,Laboratory Scientist,"Sydney, New South Wales",,2026-07-31,linkedin,new,https://www.linkedin.com/jobs/view/4446919938
1797,5,YO IT Consulting,Excel Specialist - Remote,"Sydney, New South Wales, (Remote)",,2026-07-31,linkedin,new,https://www.linkedin.com/jobs/view/4447147303
1333,5,Talent,AI Enablement Engineer,"Sydney, New South Wales",,2026-07-30,linkedin,new,https://www.linkedin.com/jobs/view/4444192914
1693,5,Department of Employment and Workplace Relations,APS5 Workforce Analyst,"Sydney, New South Wales",,2026-07-30,linkedin,new,https://www.linkedin.com/jobs/view/4447060688
2390,5,Select Aust Sydney,Medical Reception,"Woolloongabba, QLD",$35 /hourly,,jora,new,https://au.jora.com/job/Medical-Reception-fc2369c42faa8cf329ec8a4d2bfadaa7
2393,5,CGC Recruitment,Customer Service,"Perth, WA",,,jora,new,https://au.jora.com/job/Customer-Service-e6fe8969c2a7ee3f08f3a3ba40b40680
2679,5,ThompsonCook,Payroll Manager | Shape Payroll in a High-Growth Business,"Sydney, NSW",,,jora,new,https://au.jora.com/job/Payroll-Manager-2befea1d7f115ed0250f5b0c0d6f97a0
2829,5,Ploomo,Junior Executive Assistant,"South Yarra, VIC",,,jora,new,https://au.jora.com/job/Executive-Assistant-e91bdde283ff422fab2dcad9e72b5215
2861,5,Mater Group,Administration Officer - Reception,"South Brisbane, QLD",$32 - $37 /hourly,,jora,new,https://au.jora.com/job/Administration-Officer-600869dea2aadf65124791f75947ed7b
2985,5,BFD Education Pty Ltd,Education Services Coordinator,"Sydney CBD, NSW",,,jora,new,https://au.jora.com/job/Service-Coordinator-48d4b4f2ce9764582bc282109acd8d95
3584,5,Select Aust Sydney,Dispatch Coordinator,"Auburn, NSW",$40 /hourly,,jora,new,https://au.jora.com/job/Dispatch-Coordinator-fa0c0c10bd8543f98daa988486004b5e
3733,5,City of Rockingham,Records Officer (Compliance),"Rockingham, WA","$75,999 /yearly",,jora,new,https://au.jora.com/job/Records-Officer-aee3243ec1919dc3b93026b2ce5fef68
4003,5,Lead Group,People and Culture Manager,"North Melbourne, VIC","$130,000 - $140,000 /yearly",,jora,new,https://au.jora.com/job/People-and-Culture-Manager-39223de35953a621308904e90f583cfc
4078,5,Costco,Member Service Assistant -  Part-Time,"Canberra, ACT",,,jora,new,https://au.jora.com/job/Member-Service-Assistant-59baef3df883396625f9d8f7e6212fba
4086,5,Costco,Food Service Assistant - Part-Time,"Canberra, ACT",,,jora,new,https://au.jora.com/job/Food-Service-Assistant-1c8cb4ac3bc1ad539c6841d40dc6e6d9
4315,5,Direct Chemist Outlet,Pharmacy Assistant,"Gawler, SA","$65,000 - $70,000 /yearly",,jora,new,https://au.jora.com/job/Pharmacy-Assistant-fe59c61a7308eb01d3620ff73886479e
5361,5,Jones Radiology,Medical Receptionist,"Burnside, SA",,,jora,new,https://au.jora.com/job/Medical-Receptionist-b5ba9ad4c0b3e408888ea7c550855722
1605,4,ZELTOO JOB,Product Assistant -Recruitment Platform,"Melbourne, Victoria",,2026-07-31,linkedin,new,https://www.linkedin.com/jobs/view/4446979593
1669,4,TMGM,Marketing Developer | Mandarin Speaking,"Sydney, New South Wales",,2026-07-30,linkedin,new,https://www.linkedin.com/jobs/view/4446011471
2414,4,Jobwire,Administration Assistant,"Warriewood, NSW","$70,000 /yearly",,jora,new,https://au.jora.com/job/Administration-Assistant-e3d98047259ab45afcf88fe242899cb3
2567,4,City of Kalgoorlie-Boulder,Administration Officer - Facilities,"Kalgoorlie, WA","$86,477 /yearly",,jora,new,https://au.jora.com/job/Administration-Officer-bffad5d51d204d615c1636c98277e88d
2859,4,Hydraulic Technical Solutions,Workshop Office Administrator,"Forrestfield, WA","$75,000 - $85,000 /yearly",,jora,new,https://au.jora.com/job/Office-Administrator-916c995be910e66848b16050af76baed
2964,4,On Track Recruitment Solutions,Receptionist / Office Administrator,"South Perth, WA","$75,000 - $85,000 /yearly",,jora,new,https://au.jora.com/job/Office-Administrator-a879e477aca1680dc2bb49ead303b478
3369,4,Korn Ferry,Executive Assistant,"Sydney, NSW",,,jora,new,https://au.jora.com/job/Executive-Assistant-c5a814f379d9044956fa9b578d6fc616
3586,4,Silverchain,Administrator,"Broome, WA",$35 /hourly,,jora,new,https://au.jora.com/job/Administrator-eafecc2c2b5286130faead6f992575da
3646,4,Service Stream Group,Traffic Control Room Operator,"Frankston, VIC",,,jora,new,https://au.jora.com/job/Traffic-Control-Room-Operator-4a83fd57c0b6a84d83a57b8fc8699d4d
3955,4,Wakali Services,Admin Officer,"Port Macquarie, NSW",$26 - $31 /hourly,,jora,new,https://au.jora.com/job/Admin-Officer-841aa7f40c5ff83dd727794817e6b4a5
4912,4,Surf Life Saving QLD,SurfCom Operator,"Mermaid Beach, QLD",,,jora,new,https://au.jora.com/job/Operator-048795fbbc2428408e198a624eae2c57
4994,4,Bank of China,"Account Service Associate | Bank of China, Brisbane","Brisbane, QLD",,,jora,new,https://au.jora.com/job/Service-Associate-9c52d66fb0a4e8d5212d7af82dfc18f5
5148,4,Kaplan Australia,"Editorial Assistant, JALT","Sydney, NSW, (Remote)",,,jora,new,https://au.jora.com/job/Editorial-Assistant-a52773aef0e8a43299fb1bde6ca9d847
2223,3,IBM,Maximo Solution Architect,"Sydney, New South Wales",,2026-08-04,linkedin,new,https://www.linkedin.com/jobs/view/4446650675
2235,3,IBM,Maximo Specialist,"Sydney, New South Wales",,2026-08-04,linkedin,new,https://www.linkedin.com/jobs/view/4446658310
2236,3,IBM,Solutions Consultant,"Sydney, New South Wales",,2026-08-04,linkedin,new,https://www.linkedin.com/jobs/view/4446648681
2253,3,Zeekr International,Product Manager (Geely Auto R&D Institute),"Sydney, New South Wales",,2026-08-04,linkedin,new,https://www.linkedin.com/jobs/view/4448678746
2258,3,Luna Rae Jewellery,Product Co-Ordinator,"Sydney, New South Wales",,2026-08-04,linkedin,new,https://www.linkedin.com/jobs/view/4448690701
2261,3,Winable Recruitment,Product Manager/Owner - Electronics/Hardware,"Sydney, New South Wales",,2026-08-04,linkedin,new,https://www.linkedin.com/jobs/view/4446274736
1992,3,Gotion,Solutions Engineer,"Sydney, New South Wales",,2026-08-03,linkedin,new,https://www.linkedin.com/jobs/view/4438148847
2038,3,BJAK,Strategy & Operations Associate,(Remote),,2026-08-03,linkedin,new,https://www.linkedin.com/jobs/view/4447695762
1529,3,Synergy Lighting Ltd.,Full-stack Developer,"Melbourne, Victoria",,2026-07-31,linkedin,new,https://www.linkedin.com/jobs/view/4446996332
1564,3,Yarra Valley Water,Yarra Valley Water - Water Futures Graduate Program,"Melbourne, Victoria",,2026-07-31,linkedin,new,https://www.linkedin.com/jobs/view/4447245991
1715,3,Sabre,Project Associate - Airline IT (Brisbane Australia),"Sydney, New South Wales",,2026-07-31,linkedin,new,https://www.linkedin.com/jobs/view/4429028473
1801,3,Knauf Australia,Knauf APAC Graduate Program,"Camellia, New South Wales",,2026-07-31,linkedin,new,https://www.linkedin.com/jobs/view/4446992088
1868,3,Mirvac,Assistant Marketing Manager,"Sydney, New South Wales",,2026-07-31,linkedin,new,https://www.linkedin.com/jobs/view/4446952981
1913,3,Cryomed Aesthetics,Assistant Brand Manager - Aesthetics,"Eveleigh, New South Wales",,2026-07-31,linkedin,new,https://www.linkedin.com/jobs/view/4420258316
1618,3,BJAK,Strategy & Operations Associate,(Remote),,2026-07-30,linkedin,new,https://www.linkedin.com/jobs/view/4446449835
1829,3,CBRE Asia Pacific,"Business Program Manager, Real Estate","Sydney, New South Wales",,2026-07-30,linkedin,new,https://www.linkedin.com/jobs/view/4444533517
1306,3,Billigence,Data Modeler,"Sydney, New South Wales",,2026-07-28,linkedin,new,https://www.linkedin.com/jobs/view/4445492854
946,3,Preacta,Back End Developer,"Sydney, New South Wales",,2026-07-27,linkedin,new,https://www.linkedin.com/jobs/view/4444880521
741,3,Deloitte,Dynamics 365 | Multiple Opportunities Available,"Sydney, New South Wales",,2026-07-25,linkedin,new,https://www.linkedin.com/jobs/view/4387759863
221,3,Texture,GIS Developer/Analyst,"Adelaide, South Australia",,2026-07-23,linkedin,new,https://www.linkedin.com/jobs/view/4444264940
9,3,AXIS Teletherapy,Speech Language Pathologist - Schools,"Joplin, MO, (Remote)",,2026-07-22,indeed,new,https://www.indeed.com/viewjob?jk=3e7d97c27e384d31
20,3,Washington County Public Schools,Food Service Kitchen Manager II Springfield Middle School,"Springfield, MD",$19 - $34 /hourly,2026-07-22,indeed,new,https://www.indeed.com/viewjob?jk=2149d648b79db351
23,3,CENTSTONE SERVICES LLC,Registered Nurse Supervisor-ED,"Fall River Mills, CA","$2,600 - $2,880 /weekly",2026-07-21,indeed,new,https://www.indeed.com/viewjob?jk=ebf9070ed50cb292
25,3,CENTSTONE SERVICES LLC,Registered Nurse-ER,"King City, CA","$2,100 - $2,304 /weekly",2026-07-21,indeed,new,https://www.indeed.com/viewjob?jk=21b3c474542ca3eb
88,3,Talent,AI Enablement Engineer,"Sydney, New South Wales",,2026-07-20,linkedin,new,https://www.linkedin.com/jobs/view/4442008102
2352,3,Bidfood,Delivery Driver,"Yatala, QLD",,,jora,new,https://au.jora.com/job/Delivery-Driver-deea97f1c26eca937f201333ed5daf43
2370,3,Decipher Bureau,Junior Penetration Tester,"Sydney, NSW",,,jora,new,https://au.jora.com/job/Penetration-Tester-66f60a11bc4148f9ff4a13a2f66c244d
2372,3,Allan Hall Business Advisors,Business Management Graduate Program,"Brisbane, QLD",,,jora,new,https://au.jora.com/job/Business-Management-Graduate-cdeffa18d8704911e830061cddfd8fe8
2373,3,SLS Business and Scheduling Solutions Pty Ltd,Customer Contact Officer / Rostering,"Shellharbour Village, NSW",$27 - $41 /hourly,,jora,new,https://au.jora.com/job/Customer-Contact-Officer-782da5a9b8481e320bddae4e2044476d
2375,3,Bing Technologies,Production Team Member *No Experience Required*,"Malaga, WA","$69,000 /yearly",,jora,new,https://au.jora.com/job/Production-Team-Member-b6da67716fff3bbb7cfd30047a733f69
2378,3,Catholic Schools Office Maitland - Newcastle,Learning Support Assistant - Lochinvar,"Lochinvar, NSW",,,jora,new,https://au.jora.com/job/Learning-Support-Assistant-c43cb97fee30781364d6d3e0b25cc7a0
2380,3,RFBI,Administration Officer,"Berry, NSW",,,jora,new,https://au.jora.com/job/Administration-Officer-9ef81d3a768f82dcf67ff4c2b400d340
2383,3,Secure Parking,"Customer Service Officer - Kerbside ""Brisbane Airport""","Brisbane, QLD",$32 - $54 /hourly,,jora,new,https://au.jora.com/job/Customer-Service-Officer-59943be3225f9f8881f26d6c635c7d6a
2391,3,Village Roadshow Theme Parks,Seasonal Warehouse Attendant,"Oxenford, QLD",$26 - $33 /hourly,,jora,new,https://au.jora.com/job/Warehouse-Attendant-685611a937e315b0bce45d0b664a2e92
2392,3,Allan Hall Business Advisors,Sales and Leadership Trainee,"Townsville, QLD",,,jora,new,https://au.jora.com/job/Sales-and-Leadership-241acd47eccec22357e20d42927050b7
2394,3,Business Nest,Full-Time Contract Administrator,"Strathfield, NSW","$60,001 - $80,000 /yearly",,jora,new,https://au.jora.com/job/Full-Time-Contract-ec008db39a39fb892a0d8ac74ad93257
2396,3,Blooms The Chemist,Full-time or Part-time Pharmacy Assistant,"Kenmore, QLD",$28 - $35 /hourly,,jora,new,https://au.jora.com/job/Pharmacy-Assistant-6b9b771d7a857a9105e141635d35a4e4
2397,3,Sydney Grammar School,Library Assistant,"Darlinghurst, NSW",,,jora,new,https://au.jora.com/job/Library-Assistant-eabef6b1a627ac9c6df885f29c5fe18c
2401,3,Secure Parking,"Customer Service Officer - Kerbside ""Brisbane Airport""","Brisbane, QLD",$32 - $54 /hourly,,jora,new,https://au.jora.com/job/Customer-Service-Officer-a367ca3a33f91d3f35256bded5cb700a
2402,3,Master Group,Customer Support & Success Officer,"Subiaco, WA",,,jora,new,https://au.jora.com/job/Officer-2dde1edce4b8ccb82d728500c8af9743
2403,3,Bespoke Careers,Office ManagerJust posted!,"Sydney, NSW","$100,000 - $120,000 /yearly",,jora,new,https://au.jora.com/job/Office-ManagerJust-posted-a3019e2de3a97907b6acea931898d21c
2405,3,Austcorp Executive,Service Coordinator,"Hemmant, QLD",,,jora,new,https://au.jora.com/job/Service-Coordinator-e89ce1b19bc18827fec366b75ed40113
2407,3,Brand Influence Group,Merchandiser,"Cooma, NSW",$34 /hourly,,jora,new,https://au.jora.com/job/Merchandiser-733bbd9987dd877302a8b9ebdfa9a02e
2408,3,Field Dayz Doggy Daycare,Dog Daycare Attendant and Taxi Driver,"Wollongong, NSW",$32 - $35 /hourly,,jora,new,https://au.jora.com/job/Dog-Daycare-Attendant-21a55d183105932242eb392760dfb0d4
2412,3,Perigon Group,Assistant Accountant,"Sydney, NSW","$80,000 - $95,000 /yearly",,jora,new,https://au.jora.com/job/Assistant-Accountant-a0d9b897791cf6d5b68c1b7bec9652c1
2413,3,KBH Solutions,Credit Officer,"Sydney, NSW",,,jora,new,https://au.jora.com/job/Credit-Officer-ca0b1c00d369a02862655d95496c206f
2415,3,Hyatt Hotels,Guest Service Agent | Full Time,"Haymarket, NSW",$26 /hourly,,jora,new,https://au.jora.com/job/Guest-Service-Agent-e69a744643a5b1d8fa0bb8d41bd03cda
2417,3,Capral Aluminium,Administration Support,"Canning Vale, WA",,,jora,new,https://au.jora.com/job/Administration-Support-cc297b481db3010512c521b3dbc351b9
2418,3,Discount Drug Stores,Pharmacy Assistant,"Redcliffe, QLD",,,jora,new,https://au.jora.com/job/Pharmacy-Assistant-9b1c596128d6ff1db338f771bab7c687
2556,3,Hermès,Assistant Accountant,"Sydney, NSW",,,jora,new,https://au.jora.com/job/Assistant-Accountant-40352077ab5a0a9bf0638014588b6adf
2561,3,Pronto Packaging SA Pty Ltd,Full Time Delivery Driver & Storeman,"Findon, SA",,,jora,new,https://au.jora.com/job/Delivery-Driver-276de9a0d5caf3596d89db08f4ac67aa
2563,3,Talent Connect Australia,Administration Assistant - Reception,"Sydney, NSW",,,jora,new,https://au.jora.com/job/Administration-Assistant-Reception-c3fba7628ed9940998bdc76fa4b03633
2564,3,Bell People Consultants,QA Associate,"Melbourne, VIC",,,jora,new,https://au.jora.com/job/QA-Associate-cd2b8f7b331a9e7ba425aee32f7a4c31
2569,3,UpLyft,Administration Support Officer,"Kelmscott, WA","$92,016 /yearly",,jora,new,https://au.jora.com/job/Administration-Support-Officer-e85d8abdbe7e857c182150e96bc76d59
2571,3,Payroll,Standalone Payroll Officer - Sydney CBD - Permanent Part - Time role -,"Sydney, NSW",,,jora,new,https://au.jora.com/job/Payroll-Officer-a1a4f3c3488a76a720d3c38c8132c9ba
2575,3,North Coast Engineering and Mechanical,Administration Officer,"Cairns, QLD",$30 - $36 /hourly,,jora,new,https://au.jora.com/job/Administration-Officer-f37fd89db7fa4690d43c7092cf48f372
2576,3,Temp Recruitment CS/GOAL/NRG/SWP,Reinforcing Machine Operator,"Pooraka, SA",$44 /hourly,,jora,new,https://au.jora.com/job/Machine-Operator-ad6f7d8c43ca79171f80bdd1ca749f17
2601,3,Australia Wide Personnel,Storeperson,"Laverton, VIC","$72,048 /yearly",,jora,new,https://au.jora.com/job/Storeperson-2da4995a38c5a95f7125b639193f92f7
2603,3,Hilton,Guest Relations Manager,"Sydney, NSW",,,jora,new,https://au.jora.com/job/Guest-Relations-Manager-b876f085460641d113993cba34f6ac94
2604,3,Village Roadshow,Seasonal Warehouse Attendant,"Gold Coast, QLD",$26 - $33 /hourly,,jora,new,https://au.jora.com/job/Warehouse-Attendant-39851bec94369ee8f0f1d0f03c899d5e
2605,3,AXR Recruitment & Search,Finance Business Partner,"Sydney CBD, NSW","$200,000 /yearly",,jora,new,https://au.jora.com/job/Finance-Business-Partner-9b88f034dfcc234e4f59f0b3338d6d19
2608,3,Rapid Glass,Bookkeeper/Office manager,"Brisbane, QLD","$72,000 - $75,000 /yearly",,jora,new,https://au.jora.com/job/Office-Manager-813226a7ebddf525626b662243fad340
2669,3,PrixCar Services,Account Client Coordinator,"Altona, VIC",,,jora,new,https://au.jora.com/job/Client-Coordinator-cf74110e5b3ed4b441732f6c4e140a03
2671,3,Centrecare,Community Services Worker Trainee - Section 50(d),"Esperance, WA",,,jora,new,https://au.jora.com/job/Community-Services-Worker-0834c8fae89a1e3b6f58523fbe340a71
2677,3,Coca-Cola,District Sales Manager - Melbourne North & East Subs,"Moorabbin, VIC",,,jora,new,https://au.jora.com/job/District-Sales-Manager-da077b7d4373627dad65232d3109109a
2682,3,Bethanie Group,Unqualified Support Worker - Lower South Metro,"Rockingham, WA",,,jora,new,https://au.jora.com/job/Support-Worker-86eb44f67314a605ba25eb84b5814a2a
2683,3,Gelion Technologies,R&D Technician - CAM,"Eveleigh, NSW",,,jora,new,https://au.jora.com/job/R-D-Technician-dd27f7e4ec400be3bc6ef1ce406ed4ca
2684,3,First Aid Coach Sydney,Student Support & Administration Officer |,"Blacktown, NSW","$65,000 - $70,000 /yearly",,jora,new,https://au.jora.com/job/Student-Support-Administration-77877ef5497ea5d6517101e16cde4fa1
2685,3,APM Group,Therapy Coordinator,"Elizabeth, SA",,,jora,new,https://au.jora.com/job/Therapy-Coordinator-80d725e890286cb4aeab90a0c4c69de7
2776,3,Queensland Racing Integrity Commission,RAO3 Assistant Steward - Harness,"Albion, QLD",,,jora,new,https://au.jora.com/job/Assistant-ece4aadc98714b0de5cc633b7cef520d
2777,3,EY,Service Delivery Manager,"Sydney CBD, NSW",,,jora,new,https://au.jora.com/job/Service-Delivery-Manager-fa8c51296f8ddd104d212d4a7d51631c
2778,3,Gondwana Choirs,Accounts Payable,"Dawes Point, NSW","$71,027 /yearly",,jora,new,https://au.jora.com/job/Accounts-Payable-f9fa3d49c0c0cd1966f9b94fe5a0d550
2783,3,AC3,Service Desk Analyst,"Sydney CBD, NSW","$70,000 /yearly",,jora,new,https://au.jora.com/job/Service-Desk-Analyst-9388fd9064f72885456b62e41da47f0b
2784,3,Pindara Private Hospital,Environmental Services Assistant,"Benowa, QLD",,,jora,new,https://au.jora.com/job/Environmental-Services-Assistant-b2806aa5e86f91bc7f61dcc8a53b1664
2790,3,Grid Electrical,Office Administrator,"Glendenning, NSW","$50,000 - $60,000 /yearly",,jora,new,https://au.jora.com/job/Office-Administrator-022844575297c55286bdf08cd74301cb
2796,3,HomeFront Australia,Client Services Officer,"Milton, QLD","$60,000 - $70,000 /yearly",,jora,new,https://au.jora.com/job/Client-Services-Officer-c1910b66f6f182ef680a69cfcd8c9ed0
2797,3,Yarra Ranges Council,Business Support Officer,"Lilydale, VIC",$40 - $45 /hourly,,jora,new,https://au.jora.com/job/Business-Support-Officer-77a2dc866405b1374a8f2037b6dfd587
2798,3,Perceptor,Financial Controller,"Sydney CBD, NSW",,,jora,new,https://au.jora.com/job/Financial-Controller-18d3af84f66a1e4f17b0ea9b58b3c49a
2800,3,Australian Produce Brokers,Office Admin,"Canning Vale, WA","$60,000 - $65,000 /yearly",,jora,new,https://au.jora.com/job/Office-Admin-c5f579870b7fc9f3a53e0e3b9e241821
2818,3,PetO,Retail Assistant - Pet Superstore,"Hornsby, NSW",$34 - $48 /hourly,,jora,new,https://au.jora.com/job/Retail-Assistant-Pet-2a5e51815a0ca60e346c8a821629f034
2819,3,Fitness Cartel Health Clubs,Expression of Interest - Customer Care Specialist - Virginia,"Virginia, QLD",,,jora,new,https://au.jora.com/job/Customer-Care-Specialist-fa6c7d38b78ad9eec2329fbe00f0b729
2823,3,Polaris Marine,"Administration Assistant (Marine Industry, Yamba)","Harwood, NSW",,,jora,new,https://au.jora.com/job/Administration-Assistant-Marine-940ff865848f0275bf6a70a1113f4a01
2824,3,Team Employment,Level 1 Onsite Support,"Melbourne, VIC","$60,000 - $70,000 /yearly",,jora,new,https://au.jora.com/job/Level-1-Onsite-47bec829dd3f1dc33c4a7437ba619af0
2825,3,Nuchem Pharmacies No 7 Pty Ltd,"Beauty Adviser, Manage Cosmetics","Miranda, NSW","$55,000 - $75,000 /yearly",,jora,new,https://au.jora.com/job/Beauty-Adviser-5870e5a89d68c1cbbb7e088e58e62e51
2827,3,Ela & Earth,Returns & Customer Care Assistant,"Coolangatta, QLD",$32 - $33 /hourly,,jora,new,https://au.jora.com/job/Returns-Customer-Care-1838655ff7822354c62eed54cd0cabcb
2828,3,Australia Post,Motorcycle Postie,"Broken Hill, NSW",$32 /hourly,,jora,new,https://au.jora.com/job/Motorcycle-Postie-7d5897469235425c95ad2ee2f06e4a5c
2830,3,The Fertility Centre,Administration Officer,"Liverpool, NSW",,,jora,new,https://au.jora.com/job/Administration-Officer-141ad979418dae14e4b63b5d4ffa682a
2837,3,Techforce Personnel,Communications Officer,"Brisbane, QLD",,,jora,new,https://au.jora.com/job/Communications-Officer-23e378f296605f462ffdf0cc9eec6867
2839,3,Ambition Recruitment,Accounts Payable Officer,"Sydney, NSW",$35 - $40 /hourly,,jora,new,https://au.jora.com/job/Accounts-Payable-Officer-86c9d0b5c86db7abfd834e94a97a7cf9
2840,3,Strategy One Human Resources,Pick Packer $32.84 ph,"Eagle Farm, QLD",$32 /hourly,,jora,new,https://au.jora.com/job/Pick-Packer-$32-2119e46d58fd54c00743ebd12478af06
2841,3,Reo Group,Accounts Officer,"Sydney, NSW","$80,000 /yearly",,jora,new,https://au.jora.com/job/Accounts-Officer-d86c382b23c0465c2775d0858a0d88fa
2845,3,Ambition Recruitment,Financial Accountant,"Sydney CBD, NSW","$100,000 - $105,000 /yearly",,jora,new,https://au.jora.com/job/Financial-Accountant-3fb2bfad1511a434c6afd85bfbfba886
2846,3,Ambition Recruitment,Accounts Receivable Officer,"Rosebery, NSW","$85,000 - $86,000 /yearly",,jora,new,https://au.jora.com/job/Accounts-Receivable-Officer-534e833dfebe691fe257e95b5dc2959b
2847,3,Backam Group,PALLET REPAIRER | ENTRY LEVEL | WETHERILL PARK NSW,"Wetherill Park, NSW",$32 - $33 /hourly,,jora,new,https://au.jora.com/job/Pallet-Repairer-a796b8ebaaf92ac3017465b1dcf9b84e
2854,3,Art Gallery of New South Wales,Corporate Partnerships Manager,"Sydney CBD, NSW","$116,981 - $129,492 /yearly",,jora,new,https://au.jora.com/job/Corporate-Partnerships-Manager-f39cdba7446d2642935965296ea5d1c1
2855,3,Woolworths Supermarkets,Store Team Member,"Elizabeth, SA",,,jora,new,https://au.jora.com/job/Store-Team-Member-e52f3d9fe88e8bd100d43a6dd83e3398
2856,3,PT HCI,Membership Consultant | Full-time & Part-time,"Burnie, TAS",,,jora,new,https://au.jora.com/job/Membership-Consultant-a4ca93d8435bfb6a1df4d8f2354206a9
2860,3,Palermo Perfumes,Retail Sales Assistant,"Robina, QLD",,,jora,new,https://au.jora.com/job/Retail-Sales-Assistant-87135ce49be7bab621eee67fbc91c8ca
2862,3,NSW Department of Education,Infrastructure Economics Project Officer,"Eveleigh, NSW","$116,981 - $129,492 /yearly",,jora,new,https://au.jora.com/job/Project-Officer-d1309f4f21c7a20713acae9812270ca0
2865,3,Metro Joinery,Storeman,"Regency Park, SA",,,jora,new,https://au.jora.com/job/Storeman-9154ae8e984a36b1c5e7b5ec4680f6b8
2962,3,Talent Connect Australia,Reception and Administration Opportunities | CBD & North Sydney,"Sydney, NSW",$30 - $45 /hourly,,jora,new,https://au.jora.com/job/Reception-and-Administration-2940c305d8f07594b0e6116efc730ae0
2963,3,HB Recruitment,Field Assistant - Virginia,"Virginia, QLD",,,jora,new,https://au.jora.com/job/Field-Assistant-dea47158da6b919d158d9cbb80761ce0
2965,3,Easy Authoring,HR Project Manager,"Sydney, NSW",,,jora,new,https://au.jora.com/job/HR-Project-Manager-0eaf4e840bbf7cefea65f2092a58d08f
2966,3,Windsor Group,Manager - People & Culture,"Brisbane, QLD",,,jora,new,https://au.jora.com/job/Manager-People-Culture-8310e90032c07e09de77c6e39b1c1432
2967,3,Central Coast Group Training,Process Manufacturing Trainee (Women Only),"Somersby, NSW",,,jora,new,https://au.jora.com/job/Manufacturing-Trainee-626b0c457b6e6911c385e16e8fdd3327
2968,3,Gold Group Consulting,Receptionist,"Southport, QLD",,,jora,new,https://au.jora.com/job/Receptionist-c2c076a065751c7b81df94a31967d79a
2971,3,Strategy One Human Resources,Packer - $34.66 per hour,"Melbourne, VIC",$34 /hourly,,jora,new,https://au.jora.com/job/Packer-328fee27a969df08219a1bd2b4c5283d
2975,3,Ambition Recruitment,Accounts Receivable Officer,"North Sydney, NSW",$40 - $41 /hourly,,jora,new,https://au.jora.com/job/Accounts-Receivable-Officer-e405f52d3c6bd99687029d13a7dbcd04
2977,3,Latrobe Regional Health,Payroll Officer,"Traralgon, VIC",,,jora,new,https://au.jora.com/job/Payroll-Officer-859d906f36e09d5282bfe3745df274dc
2980,3,Elite Staffing Solutions,Process Workers,"Brisbane, QLD",$32 - $40 /hourly,,jora,new,https://au.jora.com/job/Process-Worker-586ca6751324d188ed7e85690ab7512b
2981,3,CatholicCare Diocese of Broken Bay,Entry Level Caseworker - Integrated Domestic Family Violence,"Tuggerah, NSW",$40 /hourly,,jora,new,https://au.jora.com/job/Caseworker-4d22f94f73407854aea21b9bfae90326
2983,3,2121,Classroom & Learning Support,"North Parramatta, NSW",,,jora,new,https://au.jora.com/job/Classroom-Learning-Support-c376ff05b0539d12549bc8c09da20ad7
2984,3,Australian Medical Placements,Administrative Assistant,"Southport, QLD",$27 - $32 /hourly,,jora,new,https://au.jora.com/job/Administrative-Assistant-a7d92394ce2fc787fea834bc264c4163
2986,3,Johnston Recruitment Services,Purchasing Assistant,"North Sydney, NSW","$65,000 - $75,000 /yearly",,jora,new,https://au.jora.com/job/Purchasing-Assistant-0c25005782edac47b186f7b0bc70701c
2988,3,Wulguru Group,Shipping Operations Assistant,"Townsville, QLD",,,jora,new,https://au.jora.com/job/Operations-Assistant-2f6de52d5062bd2709ac6615bdc0e60d
2989,3,Sunshine Coast Council,Skilled Park Worker and Parks Worker/Operator (multiple positions),"Caloundra, QLD","$71,000 - $84,000 /yearly",,jora,new,https://au.jora.com/job/Parks-Worker-e7fe70d67e138b76a48e357798c6a82f
2994,3,True resources,Drillers Offsider (Assistant) | FIFO from Townsville or Brisbane | HR Required,"Brisbane, QLD","$120,000 - $140,000 /yearly",,jora,new,https://au.jora.com/job/Drillers-Offsider-95d8eb709ad51989c27b6b862de96543
2995,3,Dan Murphy's,Customer Assistant - Dan Murphy’s Cannington,"Beckenham, WA",,,jora,new,https://au.jora.com/job/Customer-Assistant-Dan-9f83ecef4ba8c819c92de1080d80541b
2996,3,Benneaux,Business Services Accountant - Peninsula,"Melbourne, VIC",,,jora,new,https://au.jora.com/job/Business-Services-Accountant-4443d4a0dd3ceed178de5f896fb7d201
2997,3,Cann Group,Production Operator - Cultivation & Manufacturing,"Mildura, VIC",,,jora,new,https://au.jora.com/job/Production-Operator-777a70be29099df539a757044a04c9e6
2998,3,Smaart Recruitment,Customer Success Specialist,"Sydney CBD, NSW","$72,500 /yearly",,jora,new,https://au.jora.com/job/Customer-Success-Specialist-b12af29cfd7489775b75880a3ff41789
3021,3,Trojan Recruitment Group,Storesperson,"Geebung, QLD",,,jora,new,https://au.jora.com/job/Storesperson-5bffc03a6f5ccd774305d6e6050f6243
3023,3,Maxima Group,Nursery Production Assistant,"Murray Bridge, SA",,,jora,new,https://au.jora.com/job/Production-Assistant-ce86935ebecedbb60ab8d58c27c77c93
3024,3,UniLodge,Customer Service Coordinator,"Brisbane, QLD",,,jora,new,https://au.jora.com/job/Customer-Service-Coordinator-5b1bdf10eae29c50dc678d2d4b246a1f
3025,3,G James Glass and Aluminium,Assembler,"Townsville, QLD",,,jora,new,https://au.jora.com/job/Assembler-74eda989ee3b9e3d763357b868a1e0bf
3026,3,Benneaux,Accountant - Family Office,"Melbourne, VIC",,,jora,new,https://au.jora.com/job/Accountant-edde5df48aed9af8f7e3fc4bc74a85c0
3028,3,Dance Conservatory Australia PTY LTD,Performing Arts - Admin Clerk,"Burleigh Heads, QLD","$55,000 - $65,000 /yearly",,jora,new,https://au.jora.com/job/Performing-Arts-Admin-6a2eb177523a3d8712a52f4739da90ae
3029,3,Government schools,Integration Aide & Administration Support,"Gippsland, VIC",,,jora,new,https://au.jora.com/job/Integration-Aide-c3fae51830a0d2fe2a902ff204624f24
3030,3,Custom Design Cabinetry,Factory Labourer,"Cairns, QLD",$30 - $40 /hourly,,jora,new,https://au.jora.com/job/Factory-Labourer-34ebfd6a398d90bc5c50b9e0fe46dafe
3031,3,E&S Trading,Store Admin,"Geelong, VIC",,,jora,new,https://au.jora.com/job/Store-Admin-9b1fc43b9c7bdc111a657eeb79ea6790
3032,3,Mainstream Aquaculture,Administration Assistant,"Martyville, QLD",,,jora,new,https://au.jora.com/job/Administration-Assistant-f1695c2a08b4407a8fd4aac1fad3a30a
3033,3,Queensland Rail,Customer Contact Officer,"Brassall, QLD","$85,757 /yearly",,jora,new,https://au.jora.com/job/Customer-Contact-Officer-dff5bf89ad3a8cc9f0b1cbb44fd331ff
3041,3,Government schools,First Aid Officer / Administrative Assistant,"Melbourne Western Suburbs, VIC",,,jora,new,https://au.jora.com/job/First-Aid-Officer-33f3d619cbc54258cefcc5ec29b2371a
3042,3,Isis Pet Resort,Kennel Attendant,"Bundaberg, QLD",,,jora,new,https://au.jora.com/job/Kennel-Attendant-d745e3889e6d8618a2a97dd84599fe15
3043,3,Eire Constructions,Administration Officer,"Carrington, NSW",,,jora,new,https://au.jora.com/job/Administration-Officer-a83f01be1e7345bc87666ca3dd0cfae2
3044,3,Origin Energy,Workplace Experience Assistant,"Brisbane, QLD",,,jora,new,https://au.jora.com/job/Workplace-Experience-Assistant-fde3408c6b903ee4989918787f9bc565
3046,3,BNK Banking Corporation,Junior IT Operations Specialist,"Sydney CBD, NSW",,,jora,new,https://au.jora.com/job/Junior-IT-Operations-5640f1c0871a278668914b42b07479de
3048,3,Oriental Merchant,Picker and Packer,"Laverton North, VIC",,,jora,new,https://au.jora.com/job/Picker-and-Packer-41cd5cd6da76610ea74964a5ef0f2f68
3050,3,Gough Recruitment,Property Accountant,"Sydney CBD, NSW",,,jora,new,https://au.jora.com/job/Property-Accountant-40b6aac01edf4c0766f6fc16852c4601
3051,3,Parks Victoria,Ranger,"Gippsland, VIC","$59,511 - $79,626 /yearly",,jora,new,https://au.jora.com/job/Ranger-2be10b4b3342ca6a4f742e5e985929c0
3053,3,Design & Build Recruitment,Project Accountant,"Sydney Western Suburbs, NSW","$90,000 - $110,000 /yearly",,jora,new,https://au.jora.com/job/Project-Accountant-305cd829b922905f05552bff1922c297
3062,3,DCL Recruitment,Assistant Accountant - Northern Beaches,"Sydney, NSW",,,jora,new,https://au.jora.com/job/Assistant-Accountant-a933a12f9a4ca69fb3430c594e7d6457
3068,3,Turtle Beach Resort,Kids Club/Waterpark Attendant,"Mermaid Beach, QLD",,,jora,new,https://au.jora.com/job/Attendant-db3f53c07dfb25c0cc2804cbe6e552cd
3069,3,Surfers Paradise Helicopters,Customer Service Agent,"Main Beach, QLD",$32 - $34 /hourly,,jora,new,https://au.jora.com/job/Customer-Service-Agent-71961d61964e4522a1b75ed3fbb0e5e0
3070,3,Hurex Link Pty Ltd,Junior Export Officer,"North Sydney, NSW","$65,000 - $70,000 /yearly",,jora,new,https://au.jora.com/job/Export-Officer-dd8350f8a6a694b421f903b87430e58b
3071,3,Benneaux,Administration Manager - Accounting Firm,"Frankston, VIC",,,jora,new,https://au.jora.com/job/Administration-Manager-a32ee1fa9dda6633b4666935f220bb95
3072,3,Brand Influence Group,Merchandiser,"Bentley, WA",$34 /hourly,,jora,new,https://au.jora.com/job/Merchandiser-832ae6b6658b5fa561df7523a6df64da
3073,3,Lake Joondalup Baptist Church,Administrator,"Joondalup, WA","$65,000 - $75,000 /yearly",,jora,new,https://au.jora.com/job/Administrator-cf70fb7559b980160435e644b339691d
3074,3,PATH4 Group,Customer Service Manager | Freight Forwarding,"Banksmeadow, NSW","$120,000 - $130,000 /yearly",,jora,new,https://au.jora.com/job/Customer-Service-Manager-cdd1797833b310dc7c430db22cb356d0
3075,3,CBRE,Finance Business Partner,"Sydney, NSW",,,jora,new,https://au.jora.com/job/Finance-Business-Partner-9ffbf34dd2a3b1eb8bc31de5612614e1
3077,3,HPS Transport,Administration Assistant,"Canning Vale, WA",$33 /hourly,,jora,new,https://au.jora.com/job/Administration-Assistant-e4063e2ec8388e358973e4c06dded77b
3082,3,Knight Health,Administration Officer,"Perth, WA",,,jora,new,https://au.jora.com/job/Administration-Officer-57c1f927ba491be7be79f46dd79b3af2
3083,3,Parks Victoria,Ranger Team Leader Central Highlands,"Ballarat, VIC","$98,128 - $105,390 /yearly",,jora,new,https://au.jora.com/job/Ranger-Team-Leader-cf04319bf80528aacb7dfddabb79b821
3085,3,Hays Recruitment,IT Support Officer,"Sutherland, NSW",,,jora,new,https://au.jora.com/job/IT-Support-Officer-1a9ac29853f9d7d79cad3bdbda90853e
3090,3,"Department of Families, Fairness & Housing VIC",Business Services Officer,"Melbourne, VIC","$100,894 - $114,476 /yearly",,jora,new,https://au.jora.com/job/Business-Services-Officer-cf49285ae1b43fb8092e29f3d91805f8
3112,3,Constellation Brands,Customer Marketing Manager,"Surry Hills, NSW",,,jora,new,https://au.jora.com/job/Customer-Marketing-Manager-68160f75be7fb73f7d5ad1d40631085d
3118,3,Employment type:,Vocational Education and Training and Workplace Learning Officer,"Alkimos, WA",,,jora,new,https://au.jora.com/job/Workplace-Learning-Officer-e971a6eeadb2b61de15096d613303967
3137,3,Employment type:,Education Assistant - Mainstream,Western Australia,,,jora,new,https://au.jora.com/job/Education-Assistant-Mainstream-2985262338bbd78b66f6659ddd3086a6
3142,3,Employment type:,School Officer,Western Australia,,,jora,new,https://au.jora.com/job/School-Officer-88240d21203aa85bba9de4c07818f3b7
3143,3,Employment type:,Education Assistant - Special Needs,Western Australia,,,jora,new,https://au.jora.com/job/Education-Assistant-Special-6834c4842bae8347ef5c823f0740f595
3152,3,Employment type:,Customer Service Officer,"Meekatharra, WA",,,jora,new,https://au.jora.com/job/Customer-Service-Officer-69fd3e004528229b0c4c416ad49a5513
3153,3,C3 Talent,Qld Manager - Social Enterprise,"Brisbane, QLD",,,jora,new,https://au.jora.com/job/Qld-Manager-Social-a96953bb9df37c5db8d4ff5f97d5e956
3154,3,Quinn Allan Executive Pty Ltd,People and Culture Business Partner - South East,"Melbourne, VIC","$90,000 /yearly",,jora,new,https://au.jora.com/job/People-and-Culture-Business-Partner-efd5c93332247264f9899bfdf105cd4c
3156,3,Benneaux,Administration Manager - Accounting Firm,"Melbourne, VIC",,,jora,new,https://au.jora.com/job/Administration-Manager-890444f7180b2a9f1704a6e0b3be5435
3158,3,True resources,Drillers Offsider (Assistant) | FIFO from Perth | Relocate to WA,New South Wales,,,jora,new,https://au.jora.com/job/Drillers-Offsider-11244c2de9a5bc8a2fd4c02abfc14bf5
3161,3,Mergent Recruitment Advisory,Trade Assistant (Mechanical),"Roxby Downs, SA",,,jora,new,https://au.jora.com/job/Trade-Assistant-Mechanical-b9358c331ff6783b49631fccf7cd0e64
3173,3,PLS Group Limited,New-To-Industry | Entry Dump Truck Operator,"Marble Bar, WA, (Remote)",,,jora,new,https://au.jora.com/job/Dump-Truck-Operator-92d6440d639420706ad7a7c6c5cfa1d2
3180,3,Icon Group,IT Service Desk Analyst - Icon Group South Brisbane,"Brisbane, QLD",,,jora,new,https://au.jora.com/job/IT-Service-Desk-f9094a5d5ae2d5f49d0d59de7d061dc6
3181,3,HSU NSW/ACT/QLD,Organiser,"Sydney, NSW","$88,227 - $130,372 /yearly",,jora,new,https://au.jora.com/job/Organiser-fc6a10ee6876b8bbaa86b0eb08a1c284
3186,3,Studyandwork,Assistant Accountant,"Sydney, NSW",,,jora,new,https://au.jora.com/job/Assistant-Accountant-f0bf4d9c50def819c1ce04081133cd4c
3187,3,dnata catering,Catering Attendant (Production) [ Sydney],"Sydney, NSW",,,jora,new,https://au.jora.com/job/Catering-Attendant-c4aca68a72ab75344c3db3972a8f529c
3191,3,Rugby World Cup Limited,Accommodation Coordinator,"Sydney CBD, NSW",,,jora,new,https://au.jora.com/job/Accommodation-Coordinator-cb921302543c882986af685c9511fa33
3226,3,Astris PME,Customer Care Consultant – National Call Centre,"Seven Hills, NSW",,,jora,new,https://au.jora.com/job/Customer-Care-Consultant-382a5e32790cb30cb5bbdd855a1a52fe
3227,3,Recoveries Corp,Customer Service Representative,"Dandenong, VIC",,,jora,new,https://au.jora.com/job/Customer-Service-Representative-7e44c89cbbe2cd3b45f43d879539eecf
3242,3,Government schools,Teacher Aide,"Melbourne Western Suburbs, VIC",,,jora,new,https://au.jora.com/job/Teacher-Aide-c8623494b4fe83f92052d6657d69e09b
3251,3,Curtis Partnership,Operations Manager - 1 Retail Shopping Centre - Sydney,"Sydney, NSW",,,jora,new,https://au.jora.com/job/Operations-Manager-3e1a59a8233c0683f3c607ae2a66a286
3266,3,C&C Construct,Office Manager / Accounts & Operations Administrator (Part-Time),"Chermside, QLD",,,jora,new,https://au.jora.com/job/Operations-Administrator-8c3a3c7872b55e6d1c1fa3be8b86c3d3
3269,3,United Radiology Essendon,Receptionist,"Essendon, VIC",,,jora,new,https://au.jora.com/job/Receptionist-1fee7875a67898109e3d8898fd7502a6
3271,3,Government schools,Administration Support,"Ballarat, VIC",,,jora,new,https://au.jora.com/job/Administration-Support-11b0d4dde76c3b14877c782708c81ad0
3303,3,Digga,Production Office Assistant,"Yatala, QLD",,,jora,new,https://au.jora.com/job/Office-Assistant-979a66f75c5e35fc44d43b3058879a02
3307,3,B E Campbell Group,Quality Assurance Officer,"Wetherill Park, NSW",,,jora,new,https://au.jora.com/job/Quality-Assurance-Officer-597a50da046ed7268a3b406eb090c76a
3308,3,Category 5 Labour Management,Industrial Services Operator,"Brisbane, QLD",,,jora,new,https://au.jora.com/job/Industrial-Services-Operator-daa0a36aa10c4f8f332ccf16a262a510
3316,3,Digga,Warehouse Worker - NSW,"Wetherill Park, NSW",,,jora,new,https://au.jora.com/job/Warehouse-Worker-9d0d5220625ef0e0bbfc7f520af8ec30
3317,3,Department of Parliamentary Services,Network Operations Officers,"Canberra, ACT",,,jora,new,https://au.jora.com/job/Network-Operations-Officer-96b17c68fa99395e454171a20f9c877f
3318,3,Department of Parliamentary Services,Systems Operations Administrators,"Canberra, ACT",,,jora,new,https://au.jora.com/job/Operations-Administrator-29341a0486b2e46c3dc1e4666f6447c5
3319,3,Category 5 Labour Management,Industrial Services Operator,"Gold Coast, QLD",,,jora,new,https://au.jora.com/job/Industrial-Services-Operator-1d6340d722eaa73542389a5a1910e17e
3320,3,Department of Education,Technical Support Officer,"Perth, WA","$70,000 /yearly",,jora,new,https://au.jora.com/job/Technical-Support-Officer-98da4bda4fd67086d6cda208798c3dd8
3321,3,Objective Corporation,Customer Success Manager,"Sydney, NSW",,,jora,new,https://au.jora.com/job/Customer-Success-Manager-3b682aa6f0edb4690d5f2085b27972cb
3322,3,NSW Health,Administrative Officer (Level 3) - Eastern Community Mental Health Services (CMHS),"Camperdown, NSW","$73,915 - $76,218 /yearly",,jora,new,https://au.jora.com/job/Administrative-Officer-Level-16dae7952cf75a2c6c472c5318c5b60f
3326,3,Category 5 Labour Management,HR Driver/Multi System Operator,Queensland,,,jora,new,https://au.jora.com/job/Multi-System-Operator-babb25db44167ced96aec1335eb22452
3327,3,Department of Education,Education Assistant - Special Needs,"South West, WA",,,jora,new,https://au.jora.com/job/Education-Assistant-Special-67d85557d09c98a5e09cca339c23dcad
3330,3,Digga,General Hand/Industrial Cleaner,"Yatala, QLD",,,jora,new,https://au.jora.com/job/Industrial-Cleaner-510666b52ce4cab2bafad3146f07f921
3331,3,National Trust of Western Australia,Gardeners,Unknown,,,jora,new,https://au.jora.com/job/Gardener-12223c2a9f977e898c7372d14c661b8a
3335,3,Minor Hotels ANZ,Night Caretaker / Guest Service Agent,"Coolangatta, QLD",$27 - $41 /hourly,,jora,new,https://au.jora.com/job/Night-Caretaker-0d5f0e5eb795a9dd7c1b947532559327
3336,3,Anaplan Asia Pte Ltd,Junior Level 3 Support Analyst,"Sydney, NSW",,,jora,new,https://au.jora.com/job/Support-Analyst-1910dad7fb0ad5e8744fdb79ebcdf72c
3339,3,NSW Health,Administration Officer,"St Leonards, NSW",,,jora,new,https://au.jora.com/job/Administration-Officer-607a4607406c39314e9f40074c98cdc3
3365,3,Virgin Australia,Guest Contact Centre Agent,"South Bank, QLD",,,jora,new,https://au.jora.com/job/Guest-Contact-Centre-2d97890853d04ca0b32aa4d024247588
3396,3,A.I.R Recruitment,Trainer & Assessor - Counselling,"Sydney, NSW",$50 - $55 /hourly,,jora,new,https://au.jora.com/job/Trainer-Assessor-Counselling-5a51e3aae885df98e4370bfbf962f204
3398,3,Tyler Wren,Multiple Legal Roles | Australia-Wide,"Sydney, NSW",,,jora,new,https://au.jora.com/job/Legal-Role-bb11d2a6d3d4a80dd74c5344bdccd857
3400,3,Gorilla Jobs,ICU Locum Doctors - Western Sydney - Flexibility Guaranteed,"Sydney Western Suburbs, NSW",,,jora,new,https://au.jora.com/job/Doctor-702e6ee31a4fbab091c0a0eb53b8f90e
3401,3,Anderson Health Chiropractic,Operations Officer,"Croydon, VIC","$100,000 /yearly",,jora,new,https://au.jora.com/job/Operations-Officer-0198a05201799238872771830ec62b5b
3416,3,Sutherland Shire Council,Driver/Operator,"Sutherland, NSW","$67,397 /yearly",,jora,new,https://au.jora.com/job/Operator-bc9aec55514c7c6f3f9997f8a6552683
3423,3,Goulburn Produce & Rural Supplies,Admin/Receivals Clerk,"Braidwood, NSW","$65,000 /yearly",,jora,new,https://au.jora.com/job/Clerk-e1ed0f7eaa4fef69e639479fada6fe99
3461,3,UniLodge,Customer Service Coordinator,"Wodonga, VIC",,,jora,new,https://au.jora.com/job/Customer-Service-Coordinator-caebefa941ddb2efcff7e14b611e97e6
3462,3,TALENTD Recruitment,CRM Coordinator,"South Melbourne, VIC",,,jora,new,https://au.jora.com/job/CRM-Coordinator-b318fdc0104db016d38885dc15bf178b
3463,3,Fitness Lifestyle International,Membership Consultants (Croydon & Chirnside Park),"Melbourne, VIC",,,jora,new,https://au.jora.com/job/Membership-Consultant-e00bb11505d4cb1cd8f48a7fac8f726d
3466,3,Service Stream Group,Meter Reader - Tamworth,"Tamworth, NSW",$34 /hourly,,jora,new,https://au.jora.com/job/Meter-Reader-46e12d2b967a4988f5027b547bea4354
3468,3,Impact HR Group,Production Assistant,"Sydney, NSW",$32 - $37 /hourly,,jora,new,https://au.jora.com/job/Production-Assistant-ebdab75dae491a2efc37ca6d9ae7dd78
3469,3,Service Stream Group,Contractor Trainee Pole Inspector,"Sydney CBD, NSW",,,jora,new,https://au.jora.com/job/Contractor-fbbf08311ee3b307f47fc3bacb98a909
3471,3,Hays Recruitment,Remediation Advisor,"Sydney, NSW",$39 /hourly,,jora,new,https://au.jora.com/job/Remediation-Advisor-4925a61df1f2fa2f769cbe4b2660b123
3474,3,Frankie's Smokehouse,Social Media & Marketing Assistant,"Acacia Ridge, QLD",$34 - $40 /hourly,,jora,new,https://au.jora.com/job/Social-Media-Marketing-0b92a2abd73efee2d728ac8c8817430a
3475,3,Cygnett,Finance & Payroll Officer,"Melbourne, VIC",,,jora,new,https://au.jora.com/job/Finance-Payroll-Officer-9688f3d8ee74476eb1fc007ec9fa10f7
3489,3,Adaptalift Group,Warehouse Assistant,"Welshpool, WA","$70,000 - $75,000 /yearly",,jora,new,https://au.jora.com/job/Warehouse-Assistant-be1dd60cc54bfe736702cd7ccc7ce604
3491,3,Windsor Group,Operations Manager,"Brisbane, QLD",,,jora,new,https://au.jora.com/job/Operations-Manager-d8e4561b9c5f44ae75e5674b9862a579
3492,3,Sharp and Carter,Acquisition Coordinator,"Sydney CBD, NSW",$35 - $40 /hourly,,jora,new,https://au.jora.com/job/Coordinator-fbffaa42321235bd9079cf7b2b0cf796
3493,3,Australia Wide Personnel,Administration Coordinator,"Moorabbin, VIC",,,jora,new,https://au.jora.com/job/Administration-Coordinator-53a0787bb7968ef6e82138b0ccd514fe
3494,3,DCC Industry Group,Service Desk Officer,"Spring Hill, QLD","$70,000 /yearly",,jora,new,https://au.jora.com/job/Service-Desk-Officer-714f9b1554d19eb1f17d08fdd9192ff4
3495,3,Healius,Pathology Hospital Collector,"Gold Coast, QLD",,,jora,new,https://au.jora.com/job/Collector-233b25d63df502c4a2360d1c045f75c4
3496,3,Elite Staffing Solutions,Skilled Pickers/Packers,"Truganina, VIC",,,jora,new,https://au.jora.com/job/Skilled-Pickers-Packers-3296bea761997612638aabb563a361dc
3497,3,UniLodge,Customer Service Coordinator,"Melbourne, VIC",,,jora,new,https://au.jora.com/job/Customer-Service-Coordinator-7869f13da96e27efcc4dbf27968d5839
3499,3,Kirra Services,Service Desk,"Canberra, ACT",,,jora,new,https://au.jora.com/job/Service-Desk-a40bc87d070b529114c95ef094d4af09
3500,3,Happy Hounds Dog Walking and Pet Sitting,Dog Walker and Pet Sitter,"Springfield, QLD",$32 - $40 /hourly,,jora,new,https://au.jora.com/job/Dog-Walker-52ecf30e3f06c3119529fcd0403ee1ea
3501,3,Sharp and Carter,Marketing Coordinator,"Sydney, NSW","$75,000 - $85,000 /yearly",,jora,new,https://au.jora.com/job/Marketing-Coordinator-def9b08fbab80678fa0d975ffbbaa8f1
3502,3,Soul Origin,Retail Training Coach,"Sydney CBD, NSW",,,jora,new,https://au.jora.com/job/Coach-1275d0cd3a507e01ac57fa3c4eeee7d1
3505,3,"Department of Customer Services, Open Data and Small and Family Business",Client Relations Consultant,"Capalaba, QLD",,,jora,new,https://au.jora.com/job/Client-Relations-Consultant-83926e8ea8cc5df68df3e987d4e49379
3519,3,Carma,Autobody Repairer - Entry level,"Sydney, NSW",,,jora,new,https://au.jora.com/job/Repairer-74b589f5bc4e9ccb73b282682b54d567
3520,3,Goulburn Murray Water,Operations Field Officer,"Rochester, VIC",,,jora,new,https://au.jora.com/job/Field-Officer-2c33038863665c77867fc7ddc7f55720
3521,3,Australia Post,Electric Bike Delivery Driver,"Burwood, VIC",$32 - $36 /hourly,,jora,new,https://au.jora.com/job/Delivery-Driver-b766247d40eaf451244358d73c66b362
3522,3,Conquest Personnel,Warehouse Coordinator,"Cheltenham, VIC",,,jora,new,https://au.jora.com/job/Warehouse-Coordinator-c4f90cf9a481d95baf9a85f3763f9d2a
3561,3,Recruitment 24/7,Removals Offsider,"Rocklea, QLD",$32 /hourly,,jora,new,https://au.jora.com/job/Removals-Offsider-da0c8f29d84d046fd964a9b036b0bb4b
3567,3,Richard Lloyd Recruitment,Accounts & Admin Officer,"Sydney CBD, NSW","$60,000 - $75,000 /yearly",,jora,new,https://au.jora.com/job/Accounts-Admin-Officer-4a9ba7d5ece683c498b0676c3ef33f03
3611,3,WA Police,Customer Service Operator,"Midland, WA","$89,464 - $96,043 /yearly",,jora,new,https://au.jora.com/job/Customer-Service-Operator-821ff10923b867d0abdd9e8bd85b34ed
3613,3,The Magnum Ice Cream Company,Finance Manager (FTC 12 Months),"Sydney CBD, NSW",,,jora,new,https://au.jora.com/job/Finance-Manager-e001536fc2f270c7913c0d697ac49d7f
3616,3,Harvey Norman,Warehouse Storeperson,"Alice Springs, NT",,,jora,new,https://au.jora.com/job/Warehouse-Storeperson-33ff25752a9aa3a9009969deea604d46
3617,3,St John Ambulance WA,Country Ambulance Transport Officer (CATO) - Kununurra,"Kununurra, WA",,,jora,new,https://au.jora.com/job/Transport-Officer-cc309146fb7b95fc4e8408004585fcbf
3626,3,I-MED Radiology Network,Corporate Accountant,"Sydney, NSW",,,jora,new,https://au.jora.com/job/Corporate-Accountant-1671fcfebf092609f52a42dfe86863f0
3627,3,CBRE,Portfolio Administration Manager,"Sydney, NSW",,,jora,new,https://au.jora.com/job/Administration-Manager-afed7041c9c9dedd34598d2451c867e5
3629,3,Grant Thornton,Corporate Secretarial Manager,"Sydney CBD, NSW",,,jora,new,https://au.jora.com/job/Corporate-Secretarial-Manager-d9c132541fcf3a02d2b73b438cef59f7
3631,3,Solar Service Guys,Operations Support Officer (Scheduler),"Sydney CBD, NSW",,,jora,new,https://au.jora.com/job/Operations-Support-Officer-6a5960aa895b5b4f3c3a8bbec3a34cea
3654,3,Perth Radiological Clinic,Patient Support Officer,"Osborne Park, WA",$33 - $34 /hourly,,jora,new,https://au.jora.com/job/Patient-Support-Officer-2f0af99ec82f433ec2f168a7d8059447
3656,3,Hays Recruitment,Admin Assistant,"Sydney, NSW","$65,000 - $80,000 /yearly",,jora,new,https://au.jora.com/job/Admin-Assistant-09ae74604eb1901c9186948a763819b9
3699,3,Australia Post,Retail Customer Service Officer Relief,"Berri, SA",$28 - $30 /hourly,,jora,new,https://au.jora.com/job/Retail-Customer-Service-cf1498ae39fbdee52627c41dc40f2a4a
3703,3,MME Mitchell Morley Employment,Group Tour Account ManagerJust posted!,"Sydney Northern Beaches, NSW",,,jora,new,https://au.jora.com/job/Group-Tour-Account-7dafd1218d13c6d7384753d6bd188e57
3705,3,BHP,Underground Entry Level Miners Olympic Dam 7/7,"Roxby Downs, SA",,,jora,new,https://au.jora.com/job/Underground-Miner-fba923bfe852130ee8ce94ba27c2ebe1
3706,3,Fleetcare,Customer Operations Manager - Novated,"Wangara, WA",,,jora,new,https://au.jora.com/job/Customer-Operations-Manager-a0b5fe11da3509cb82c4fd874dbdc499
3707,3,Transport for NSW,Training Administrator (Temporary Opportunity up to 10 months),"Eveleigh, NSW","$111,625 - $122,786 /yearly",,jora,new,https://au.jora.com/job/Training-Administrator-5b6404acd4f75bb6c6ec0d7928b320f3
3710,3,Talent International,IT Support Officer,"Adelaide, SA",,,jora,new,https://au.jora.com/job/IT-Support-Officer-99c9db8ff5634c84acb9ad50b2e29ceb
3711,3,CSIRO,Program Administration Officer,"Melbourne, VIC","$76,000 - $96,000 /yearly",,jora,new,https://au.jora.com/job/Administration-Officer-ec1b89c171fde3d5ae52c614396ba71a
3712,3,Omni Recruit,Night shift Storeperson,"Truganina, VIC",$40 - $45 /hourly,,jora,new,https://au.jora.com/job/Storeperson-e520b80e24071f863ec88a6f10bd1e49
3713,3,Harris Farm Markets,Warehouse Assistant Full Time - Greystanes DC,"Greystanes, NSW",,,jora,new,https://au.jora.com/job/Warehouse-Assistant-8a04d83cfa379550ecb66cb203d40c20
3714,3,Regional Jobs Western Australia,Warehouse Store Person,"Geraldton, WA",,,jora,new,https://au.jora.com/job/Warehouse-Store-Person-439bcfbf586e48d984f485ace261f851
3721,3,TAP Andersen Partnership,Client Services Coordinator,"Brisbane, QLD",,,jora,new,https://au.jora.com/job/Client-Services-Coordinator-fe18c166244f467fd1c92cebca404851
3730,3,Randstad,Process Worker,"Virginia, QLD",$33 - $42 /hourly,,jora,new,https://au.jora.com/job/Process-Worker-17151e794bb0ca895eed2511ae2ebcd2
3731,3,Department of Justice and Community Safety VIC,Contact Centre Officer,"Melbourne, VIC","$81,496 - $98,955 /yearly",,jora,new,https://au.jora.com/job/Contact-Centre-Officer-20e1a428feb313c4ad335d3fe314910c
3732,3,Queensland Health,Administration Officer,"Roma, QLD, (Remote)",,,jora,new,https://au.jora.com/job/Administration-Officer-64a5583869695d84031495bd7a6723a0
3736,3,Northeast Health Wangaratta,Administration Assistant - Switchboard and Emergency,"Wangaratta, VIC",,,jora,new,https://au.jora.com/job/Administration-Assistant-Switchboard-4ff6e88767e58d5cc12e79fcdb7127f4
3761,3,Programmed / PERSOLKELLY,AM Warehouse Storeperson,"Sydney, NSW",$47 - $50 /hourly,,jora,new,https://au.jora.com/job/Warehouse-Storeperson-f04b527d8f9898f2fb38d698a8bc126f
3762,3,Oceania Ground Force,Check-In Crew,"East Mackay, QLD",$28 /hourly,,jora,new,https://au.jora.com/job/Check-in-Crew-7aadbff4cf64121433f2f85bb595acf1
3763,3,Ambition Recruitment,Accounts Receivable Officer,"Rosebery, NSW","$85,000 - $86,000 /yearly",,jora,new,https://au.jora.com/job/Accounts-Receivable-Officer-dc193ac1fb84a00cd1a12f90ebcfc0e5
3787,3,Student Accommodation,"Campus Support Officer - Safety, Welfare and Security","Sydney, NSW",,,jora,new,https://au.jora.com/job/Campus-Support-Officer-a0e74d206035285ae59197c7d484e034
3796,3,The BMD Group,Receptionist,"Sydney, NSW",,,jora,new,https://au.jora.com/job/Receptionist-45f8fe930bed7175d9152510d33e3cc3
3797,3,UPA Corporation Bhd,Administration Officer - Retirement Living,"Lavington, NSW",,,jora,new,https://au.jora.com/job/Administration-Officer-cef272d8569e7faa194f798c47a8937a
3798,3,Coca-Cola,Forklift Operator,"Moorabbin, VIC",,,jora,new,https://au.jora.com/job/Forklift-Operator-f02dfdf1d2fbb81fe1ad5a7912269ab8
3808,3,Savers,Merchandiser - Hoxton Park,"Hoxton Park, NSW",,,jora,new,https://au.jora.com/job/Merchandiser-ab4d4d209e5ab2c38a81470b1a1d0a10
3809,3,Robert Half,Management Accountant,"Nundah, QLD",$60 - $65 /hourly,,jora,new,https://au.jora.com/job/Management-Accountant-4a17ab4774862b6f0a4edb5ec9b692a7
3885,3,Queensland Department of Education,Executive Assistant - Home Hill State High School,Queensland,"$78,541 - $87,148 /yearly",,jora,new,https://au.jora.com/job/Executive-Assistant-21d67da145d03e38b308c5bf5f2a0290
3997,3,ReadyForce Personnel,Truck Drivers - Road Sheeting,"Pilbara, WA, (Remote)",,,jora,new,https://au.jora.com/job/Truck-Driver-18eb28dcf66744de6be0313c6059c450
4072,3,Australia Post,Retail Postage Sorter,"Fortitude Valley, QLD",,,jora,new,https://au.jora.com/job/Retail-Postage-Sorter-069221bc3b5592cd32b8162a040df1a2
4073,3,IGA,Retail assistant,"Smithton, TAS",$32 - $43 /hourly,,jora,new,https://au.jora.com/job/Retail-assistant-1add0cdb5d5dd834126aa9cc4c64962a
4075,3,Australia Post,Retail Customer Service Officer,"Fortitude Valley, QLD",,,jora,new,https://au.jora.com/job/Retail-Customer-Service-72716e1125fbc823943153bbfa614173
4304,3,nicholas and partners,Barista/Front of House,"Griffith, ACT",$26 - $35 /hourly,,jora,new,https://au.jora.com/job/Barista-16c63bef1b2d1874dac73db2b47b9c8f
4306,3,Tabcorp,Customer Monitoring and Assessment Team Lead - Retail,"Sydney, NSW",,,jora,new,https://au.jora.com/job/Customer-Monitoring-and-3e3e5aa49220e8ae62ce6fe41b50bae9
4316,3,HR Partners,accounts payable officer,"Deer Park, VIC",,,jora,new,https://au.jora.com/job/Accounts-Payable-Officer-f88c1147db449f8aa6d500764e8487ac
4326,3,TAL,Customer Experience Specialist,"Sydney, NSW",,,jora,new,https://au.jora.com/job/Customer-Experience-Specialist-3b68ff8a5c5fd5a37d005b759713ec6b
4332,3,Synergie,Pick Packers Required,"Sydney Western Suburbs, NSW",$32 /hourly,,jora,new,https://au.jora.com/job/Pick-Packers-Required-2f02ae3418fa4aa34d79d617c75d24c4
4334,3,COFF IPSWICH,Parcel Sorter,"Redbank, QLD",,,jora,new,https://au.jora.com/job/Parcel-Sorter-6b9dae2a07f585d405fb9014f3b9d9c2
4340,3,The Coffee Club,Barista and Cook (2 Positions),"Victoria Point, QLD",,,jora,new,https://au.jora.com/job/Barista-878c4b3d55f7dd799054e2baccb0e0aa
4365,3,Australian Taxation Office,Australian Charities and Not-for-profits Commission IT Helpdesk Support Officer - APS 5,"Melbourne, VIC",,,jora,new,https://au.jora.com/job/Australian-Charities-and-312b8062268768ff387754b321d90bdb
4413,3,Australian Taxation Office,Australian Charities and Not-for-profits Commission IT Helpdesk Team Leader - APS 6,"Melbourne, VIC",,,jora,new,https://au.jora.com/job/Australian-Charities-and-8d7e5cf6fd408b5656bbbff1ad36d16c
4414,3,Appin Bakery,Full time Barista / All rounder,"Appin, NSW",$27 - $35 /hourly,,jora,new,https://au.jora.com/job/Full-time-Barista-a0c54f422c10c3f236085a470282ef07
4420,3,Australian Taxation Office,Australian Charities and Not-for-profits Commission IT Helpdesk Support Officer - APS 4,"Melbourne, VIC",,,jora,new,https://au.jora.com/job/Australian-Charities-and-04b24d127a85ed595c248efaaad98750
4452,3,Master Trades Network,Dispatch Coordinator,"Sydney CBD, NSW",,,jora,new,https://au.jora.com/job/Dispatch-Coordinator-f2dc078b5166cda9acdc88ae26af6858
4486,3,Truck Art Trailers,Administration assistant,"Wagga Wagga, NSW",$25 - $30 /hourly,,jora,new,https://au.jora.com/job/Administration-assistant-ee93c8be2301e6e79f9bdd01b82ec265
4537,3,Colliers,Property Administrator,"Brisbane, QLD",,,jora,new,https://au.jora.com/job/Property-Administrator-8a10774535f4b66c1ea0cc3f1bfc238a
4543,3,CS Energy,Business Administration - Trainee,"Brisbane, QLD",,,jora,new,https://au.jora.com/job/Business-Administration-Trainee-a89f1537a20e0ba3a0d197022bb08505
4548,3,people2people,Corporate Concierge/Receptionist,"Sydney CBD, NSW",$38 /hourly,,jora,new,https://au.jora.com/job/Corporate-Concierge-ce0332784e3d5c8eacfdab09b84cc8ba
4555,3,Metal Manufactures Electrical Merchandising - Q2,Contracts Support Administrator,"Eight Mile Plains, QLD",,,jora,new,https://au.jora.com/job/Contract-Support-Administrator-eda15b39fea6cea4c2c3c32f523a9154
4581,3,A G Pulie,Customer Service Officer,"Granville, NSW","$63,232 - $65,000 /yearly",,jora,new,https://au.jora.com/job/Customer-Service-Officer-155c506aa435f55bb32a2e590deacb56
4582,3,Eye Group,Medical Receptionist,"Sydney CBD, NSW",$30 - $35 /hourly,,jora,new,https://au.jora.com/job/Medical-Receptionist-a0d9f76f69205f9086fa77c611a8ef45
4902,3,Kilcoy Global Foods,Process Workers | Coominya,"Ipswich, QLD",,,jora,new,https://au.jora.com/job/Process-Worker-41f784976201dee66ed9a7c8ce857679
4907,3,Power Up Electrical Solutions,Financial Accountant,"Sumner, QLD","$110,000 - $125,000 /yearly",,jora,new,https://au.jora.com/job/Financial-Accountant-ce6cef515a869f0dcbddf6745e037573
4947,3,Zoom Recruitment,Pick Packer,"Hawthorn, VIC",$33 /hourly,,jora,new,https://au.jora.com/job/Pick-Packer-061e7db6f56f4658bcbe094a358d3b23
5136,3,Programmed / PERSOLKELLY,AM Warehouse Storeperson,"Sydney, NSW",$48 /hourly,,jora,new,https://au.jora.com/job/Warehouse-Storeperson-b2c763cb4679a49537da4ca4ae559014
5140,3,HR Partners,production assistant,"Minto, NSW",,,jora,new,https://au.jora.com/job/Production-Assistant-be606dc52f1ba808543e477c3b6bbfa5
5144,3,Little Lovelies Nanny Agency,"Nanny - Figtree, NSW","Figtree, NSW",$40 /hourly,,jora,new,https://au.jora.com/job/Nanny-45d15dd175b6eef965f19e6706fd2855
5209,3,Digga,Quality Control Officer,"Yatala, QLD",,,jora,new,https://au.jora.com/job/Quality-Control-Officer-4aa5029ffdd70efd08b4d755a7e65ab3
5289,3,Perm Recruitment RF/BDT,General Manager - Faulkner Farming,"Tamworth, NSW",,,jora,new,https://au.jora.com/job/General-Manager-b29c40b8cf74b3998efad4a076f7aa9c
5295,3,Australia Wide Personnel,Contract Administration,"Fortitude Valley, QLD",,,jora,new,https://au.jora.com/job/Contract-Administration-8ee49d2bba5eef26dcc4d61dae86e1d4
5300,3,Richard Lloyd Recruitment,Finance Business Partner,"Sydney North Shore, NSW","$140,000 - $150,000 /yearly",,jora,new,https://au.jora.com/job/Finance-Business-Partner-669982fb1484a5d569d468a605461962
5304,3,Tree and Arbor Supplies,Nursery assistant,"Stratford, QLD",$25 - $35 /hourly,,jora,new,https://au.jora.com/job/Nursery-Assistant-57ebe05a79ed68b5b7e1407e566add4c
5333,3,MLKA Hospitality Recruitment,Kitchen Hand / Public Areas Cleaner,"Cairns, QLD",$27 - $41 /hourly,,jora,new,https://au.jora.com/job/Public-Area-Cleaner-513ebde88cbcea4f8b7635645b3042c8
5352,3,Majors Group Australasia,Warehouse Assistant VIC,"Brooklyn, VIC",$34 - $36 /hourly,,jora,new,https://au.jora.com/job/Warehouse-Assistant-1e0f132422d1f8c9f33cf13b2010dcdb
5368,3,UPA Aged Care Solutions,Maintenance Officer - Gumleigh Gardens,"Wagga Wagga, NSW",,,jora,new,https://au.jora.com/job/Maintenance-Officer-517ec6396663ea83cf48f765a3e278bf
7,2,EVANS AIR SERVICES,Lead HVAC Installer,"Randleman, NC",$23 - $35 /hourly,2026-07-22,indeed,new,https://www.indeed.com/viewjob?jk=4b35ba39fe8f811a
13,2,Empower for Her PLLC,Evening Receptionist OBGYN (5PM-9PM),"Plano, TX",$16 - $19 /hourly,2026-07-22,indeed,new,https://www.indeed.com/viewjob?jk=9056934fa42e987c
16,2,The Highland Mint,Accounting Specialist,"Indian Harbour Beach, FL",,2026-07-22,indeed,new,https://www.indeed.com/viewjob?jk=c14c175ac8222768
1039,1,BJAK,Strategy & Operations Associate,"Sydney, New South Wales, (Remote)",,2026-07-28,linkedin,new,https://www.linkedin.com/jobs/view/4443235729
1082,1,AIMaster.live,Salesforce Automation & AI Specialist,"Greater Sydney Area, (Remote)",,2026-07-27,linkedin,new,https://www.linkedin.com/jobs/view/4442873880
842,1,DutchTechX,Mews,"Sydney, New South Wales",,2026-07-26,linkedin,new,https://www.linkedin.com/jobs/view/4445639802
658,1,Eaton,Field Service Technician - NSW,"Mascot, New South Wales, (Remote)",,2026-07-25,linkedin,new,https://www.linkedin.com/jobs/view/4433191555
669,1,Hire Feed,Quality Assurance Engineer (Remote),(Remote),,2026-07-25,linkedin,new,https://www.linkedin.com/jobs/view/4445318523
737,1,BJAK,Mobile Engineer,(Remote),,2026-07-24,linkedin,new,https://www.linkedin.com/jobs/view/4444382161
740,1,IBM,Customer Success Engineer (Sydney),"Sydney, New South Wales",,2026-07-24,linkedin,new,https://www.linkedin.com/jobs/view/4410375049
269,1,Draft Partners,AI Engineer,"Sydney, New South Wales",,2026-07-23,linkedin,new,https://www.linkedin.com/jobs/view/4444422351
4,1,Lux World,Sales B2B Representative – Stone & Countertop Industry,"Tukwila, WA","$60,000 - $80,000 /yearly",2026-07-22,indeed,new,https://www.indeed.com/viewjob?jk=ca822e20e9bc002a
10,1,Jackrabbit Concepts,Busser/Food Runner,"Bend, OR",$22 - $25 /hourly,2026-07-22,indeed,new,https://www.indeed.com/viewjob?jk=d0e4ebbdd2620533
11,1,Aikan Sushi & Ramen,"AIKAN SUSHI PASADENA ""BUSSER""","Pasadena, CA",,2026-07-22,indeed,new,https://www.indeed.com/viewjob?jk=30ae1758edca1d23
57,1,The Onset,Product Manager -  AI Commerce,"Sydney, New South Wales",,2026-07-22,linkedin,new,https://www.linkedin.com/jobs/view/4443712459
121,1,The Onset,Product Manager | Checkout Experiences,"Sydney, New South Wales",,2026-07-22,linkedin,new,https://www.linkedin.com/jobs/view/4443713403
430,1,Hastha Solutions,AWS DevOps Engineer - Contract - Sydney,"Sydney, New South Wales",,2026-07-22,linkedin,new,https://www.linkedin.com/jobs/view/4442964432
27,1,JMK Developers,Labor,"Graham, NC",,2026-07-21,linkedin,new,https://www.linkedin.com/jobs/view/4442651486
31,1,Velvet Taco,HOH,"Richardson, TX",,2026-07-21,linkedin,new,https://www.linkedin.com/jobs/view/4439448576
32,1,Event Staff App,test,"San Jose, CA, (Remote)",,2026-07-21,linkedin,new,https://www.linkedin.com/jobs/view/4442679014
34,1,Harmonic,General Opportunity,"Palo Alto, CA",,2026-07-21,linkedin,new,https://www.linkedin.com/jobs/view/4330588623
38,1,Headwaters Construction Company,General Interest,"Rexburg, ID",,2026-07-21,linkedin,new,https://www.linkedin.com/jobs/view/4443385837
79,1,Viable Solutions Pty Ltd,Developer,Victoria,,2026-07-21,linkedin,new,https://www.linkedin.com/jobs/view/4440408339
350,1,Horizon Digital,Platform Engineer,"Perth, Western Australia",,2026-07-21,linkedin,new,https://www.linkedin.com/jobs/view/4443094832
367,1,Medtronic,Graduate -Marketing Analytics Assistant,"Macquarie Park, New South Wales",,2026-07-21,linkedin,new,https://www.linkedin.com/jobs/view/4443325351
268,1,XtalPi Inc.,化学合成科学家-上海,Unknown,,2026-07-20,linkedin,new,https://www.linkedin.com/jobs/view/4432426816
30,1,Whistle Express Car Wash,Team Member,"Jacksonville, NC",,2026-07-19,linkedin,new,https://www.linkedin.com/jobs/view/4375032595
33,1,Whistle Express Car Wash,Team Member,"Graham, NC",,2026-07-19,linkedin,new,https://www.linkedin.com/jobs/view/4373806067
35,1,Syncere,You Tell Us,"Palo Alto, CA",,2026-07-19,linkedin,new,https://www.linkedin.com/jobs/view/4442547158
36,1,Best Choice Roofing,Competitive People Needed ASAP,"Jackson, MS",,2026-07-19,linkedin,new,https://www.linkedin.com/jobs/view/4424974844
5203,1,Richard Lloyd Recruitment,Assistant Accountant,"Sydney CBD, NSW","$90,000 - $95,000 /yearly",2026-07-13,jora,new,https://au.jora.com/job/Assistant-Accountant-60c105434ceab14ad62d30f3a7830e1e
2696,1,Adecco Australia Group,Mobile Speed Camera Operator (Wyong),"Wyong, NSW",,2026-07-07,jora,new,https://au.jora.com/job/Mobile-Speed-Camera-Operator-e0f660dac840862a0716f0f0846abf78
5188,0,Shine Lawyers,Client Service Officer - Client Support,"Brisbane, QLD, (Remote)",,2026-08-12,jora,filtered,https://au.jora.com/job/Client-Service-Officer-623b1b9b28033b05b167f427e0fe07a2
5190,0,Sunraysia Community Health Services Inc,Maintenance Support Officer - Stores and Facilities,Unknown,,2026-08-12,jora,filtered,https://au.jora.com/job/Maintenance-Support-Officer-b62ab05c073840325c39eaa7553da425
5191,0,Virgin Australia,Cabin Crew,"Perth, WA",,2026-08-12,jora,filtered,https://au.jora.com/job/Cabin-Crew-b543024ba6eb751d734117e2a2ef1a88
5207,0,ThompsonCook,"FP&A Manager | High-Growth Financial Services | $150,000 + super","Sydney, NSW","$140,000 - $150,000 /yearly",2026-08-12,jora,filtered,https://au.jora.com/job/FP-A-Manager-d56e1f2b1be9e3dabdfe68d067b3cc04
5208,0,PrixCar Services,Operations Assistant,"Kembla, NSW",,2026-08-12,jora,filtered,https://au.jora.com/job/Operations-Assistant-295e7886444fa7e88cd2375415bb8bc5
5214,0,Brett Harvey Design and Construction,Residential Head of Sales & Marketing,"Dubbo, NSW",,2026-08-12,jora,filtered,https://au.jora.com/job/Residential-Head-of-842c6bbc1888789c97266e19f85f5a7b
5215,0,Frontline Health,Operations Director | Healthcare Services,"Brisbane, QLD","$120,000 - $130,000 /yearly",2026-08-12,jora,filtered,https://au.jora.com/job/Operations-Director-568b0dbf2a2349653db12ed45925d2d1
5216,0,Frontline Retail,Inventory Purchasing Assistant,"Malaga, WA","$60,000 - $65,000 /yearly",2026-08-12,jora,filtered,https://au.jora.com/job/Purchasing-Assistant-a9ffee61fb0a646f67bba7ee7a675a93
5222,0,Star Aviation,Western Sydney International - Airport Manager,"Sydney Western Suburbs, NSW",,2026-08-12,jora,filtered,https://au.jora.com/job/Airport-Manager-fe25c6aa41e4edb917af52cec12c6748
5238,0,McDonald's,Crew Member,"Lyndhurst, VIC",,2026-08-12,jora,filtered,https://au.jora.com/job/Crew-Member-fb786842bace5d631d6746194ff707c5
5244,0,ThompsonCook,Head of Finance | Technology led start-up | Rapid growth,"Melbourne, VIC",,2026-08-12,jora,filtered,https://au.jora.com/job/Head-of-Finance-1e800bebaadafa4cdd69401fd1becfab
5245,0,Bethanie Group,Administration Officer- Gwelup,"Gwelup, WA",,2026-08-12,jora,filtered,https://au.jora.com/job/Administration-Officer-fa55e33e2c6bcdfccee78cad0bd4b429
5249,0,McDonald's,Crew Member,"Bicton, WA",,2026-08-12,jora,filtered,https://au.jora.com/job/Crew-Member-783cbfae727e9c4bfa57e9a28bfe51a3
5252,0,Veolia,Senior Investment Analyst,"Pyrmont, NSW",,2026-08-12,jora,filtered,https://au.jora.com/job/Investment-Analyst-ec7565b81b7d5d1bdb7adb777f8d77d2
5253,0,Bluhat,Chief Financial Officer,Queensland,,2026-08-12,jora,filtered,https://au.jora.com/job/Chief-Financial-Officer-ffbbbf770b3a68c601d34a35fc765cd6
5254,0,McDonald's,Crew Member,"Tamborine, QLD",,2026-08-12,jora,filtered,https://au.jora.com/job/Crew-Member-16f77916d5573e742e1580bbcbc9e626
5261,0,Cannington Warehouse,"Customer Service Team Member Full -Time, Cannington WA","Cannington, WA",$28 /hourly,2026-08-12,jora,filtered,https://au.jora.com/job/Customer-Service-Team-4dfee4d7d35d09cc4495757b3030ef44
5323,0,Broome Regional Aboriginal Medical Service,Human Resources Trainee,"Broome, WA, (Remote)","$60,000 - $70,000 /yearly",2026-08-12,jora,filtered,https://au.jora.com/job/Human-Resources-Trainee-3154a7ae601f2dbf5605819b4debb148
5327,0,Prowler Proof,Storeperson - Security Door & Window Manufacturer,"Banyo, QLD",$30 - $35 /hourly,2026-08-12,jora,filtered,https://au.jora.com/job/Manufacturer-11d58a0dc70a27b306ffbb68f3be35ff
5331,0,North Australian Aboriginal Justice Agency,Peacemaking and Mediation Program Manager,"Alice Springs, NT","$129,177 - $143,999 /yearly",2026-08-12,jora,filtered,https://au.jora.com/job/Program-Manager-21b3eb3015e383ff79eb29fda1899cdb
5346,0,Bridge Crown Consulting,Senior Rehabilitation Consultant - Sutherland Shire,"Sydney, NSW",,2026-08-12,jora,filtered,https://au.jora.com/job/Rehabilitation-Consultant-4b8ba7a4e65d43c49d271d8ad9813849
5350,0,Honeywell Technologies,Project Administrator,"Sydney, NSW",,2026-08-12,jora,filtered,https://au.jora.com/job/Project-Administrator-36acca3c3d163d13cc61ae4b801fc534
5351,0,Shine Lawyers,Receptionist,"Melbourne, VIC",,2026-08-12,jora,filtered,https://au.jora.com/job/Receptionist-d4ad483256bca7d5fcffcc409d5f488f
5357,0,Australian Target Systems,Financial Controller,"Albury, NSW","$145,000 - $154,000 /yearly",2026-08-12,jora,filtered,https://au.jora.com/job/Financial-Controller-490d45f11f474b5e71e9b0ddf5ef791d
5364,0,CHS Broadbent,Weighbridge Operator/Administration Officer,"Toowoomba, QLD",$30 - $35 /hourly,2026-08-12,jora,filtered,https://au.jora.com/job/Administration-Officer-f392cab00ae268cf975692bdb01b4d81
5377,0,Southern Star Research,Project Manager,"North Sydney, NSW, (Remote)",,2026-08-12,indeed,filtered,https://au.indeed.com/viewjob?jk=1760482696228bd5
4807,0,Sociable Tech,Director of Transformation,"Sydney, NSW",,2026-08-11,jora,filtered,https://au.jora.com/job/Director-b55572d151cad9bb168f17ec44d82ce9
4810,0,HR Staff n' Stuff,Administration Assistant,"Perth, WA","$60,000 /yearly",2026-08-11,jora,filtered,https://au.jora.com/job/Administration-Assistant-e2bc26aa26b4ad3453e1ff574abefd25
4811,0,Uipath,Senior Executive Assistant / Office Manager,"Sydney, NSW, (Remote)",,2026-08-11,jora,filtered,https://au.jora.com/job/Assistant-Office-Manager-c4fef71f66347f6711763746b511694e
4818,0,Lutheran Services,Housing Officer - PT,"Brisbane, QLD",$47 - $51 /hourly,2026-08-11,jora,filtered,https://au.jora.com/job/Housing-Officer-40fbfb594e4a2113152ab6bc7b418009
4820,0,Data#3,Services Administrator,"Toowong, QLD",,2026-08-11,jora,filtered,https://au.jora.com/job/Service-Administrator-aab71b301d314ce197fbbc7e05a8df0b
4824,0,NSW Health,"Director, People Experience & Capability","St Leonards, NSW",,2026-08-11,jora,filtered,https://au.jora.com/job/Director-People-Experience-5ae4eb9f915bb36a91d15623175482a7
4833,0,Google,"Database Sales Specialist, Google Cloud","Sydney CBD, NSW",,2026-08-11,jora,filtered,https://au.jora.com/job/Sales-Specialist-ade8fcb52d5ce4fbd8ea77f947265c9a
4841,0,L3Harris Technologies,Procurement Officer,"Fremantle, WA",,2026-08-11,jora,filtered,https://au.jora.com/job/Procurement-Officer-d6cce3ee89516225a246a8df9e1df195
4845,0,Sociable Tech,Compliance Officer,"Sydney, NSW","$80,001 - $100,000 /yearly",2026-08-11,jora,filtered,https://au.jora.com/job/Compliance-Officer-43a89cc9e9eac464e64e523e273a8f00
4884,0,EducationHQ,EOI - Teacher Aide - Stretton State College (2 positions),"Brisbane, QLD",,2026-08-11,jora,filtered,https://au.jora.com/job/EOI-Teacher-Aide-42d80725d6bfac3287caad11d346d756
4892,0,MooGoo Skin Care,Head of Finance,"Burleigh Heads, QLD",,2026-08-11,jora,filtered,https://au.jora.com/job/Head-of-Finance-33fd4e3b981f4eccd3bd2b8f2573984b
4896,0,Orchard Talent Group,Director - Residential Operations,New South Wales,,2026-08-11,jora,filtered,https://au.jora.com/job/Director-e4700b32180172ef21561713710c51ee
4926,0,Adelaide Mason,Warehouse Pick Packer / Fulfilment Officer,"Braeside, VIC",,2026-08-11,jora,filtered,https://au.jora.com/job/Fulfilment-Officer-d4d2f47e8aa2309e93e1bc530104b7a0
4938,0,ColorTile Installations,Warehouse worker,"Revesby, NSW",$31 - $33 /hourly,2026-08-11,jora,filtered,https://au.jora.com/job/Warehouse-Worker-5a4ad2e9bcffd54ac0edd28aed19cd69
4942,0,Icon Group,Administration Officer,"Brisbane, QLD",,2026-08-11,jora,filtered,https://au.jora.com/job/Administration-Officer-9368300e3a365069de42d0d21c8e6ef0
4970,0,Emanate Technology,Head of Customer Success,"Sydney CBD, NSW",,2026-08-11,jora,filtered,https://au.jora.com/job/Head-of-Customer-Success-22d9e328743d51a47d943fe282b142b7
4975,0,Ambition Recruitment,Senior Finance Manager,"Sydney CBD, NSW","$200,000 /yearly",2026-08-11,jora,filtered,https://au.jora.com/job/Finance-Manager-e1514393021f136ce30ee23594777a7a
4987,0,Mane Consulting,Senior Accountant,"North Sydney, NSW","$100,000 - $120,000 /yearly",2026-08-11,jora,filtered,https://au.jora.com/job/Accountant-36095154da9c8e3afa00d004eed9a225
5006,0,Amazon Flex,Amazon Cargo Van Package Delivery Driver,"Montacute, SA",$33 /hourly,2026-08-11,jora,filtered,https://au.jora.com/job/Delivery-Driver-7a8e33630a59a66f1dbf6563cb5c881f
5009,0,Moir Group,Senior Financial Accountant,"Sydney, NSW, (Remote)",,2026-08-11,jora,filtered,https://au.jora.com/job/Financial-Accountant-5d89621e2a8c8bc2178344527e412218
5017,0,MEGT,Customer Service Officer,"Southport, QLD",,2026-08-11,jora,filtered,https://au.jora.com/job/Customer-Service-Officer-51dcfc94f280dafde3d5c72bdb2f9064
5019,0,Spud Shed,Entry Level Frontend Team Members,"Ballajura, WA",,2026-08-11,jora,filtered,https://au.jora.com/job/Team-Member-2eef27c15972c0ecb7e5825778363c38
5022,0,NR Metal Recycling,Administration Assistant,"Wangara, WA",$28 - $35 /hourly,2026-08-11,jora,filtered,https://au.jora.com/job/Administration-Assistant-e15dea6e976888f8eb82bc90a8e93ce6
5028,0,Perigon Group,Senior Finance Manager - Projects,"Brisbane, QLD",,2026-08-11,jora,filtered,https://au.jora.com/job/Finance-Manager-1b3e61f12ec62d1fffccfc75449f9807
5040,0,Corto Pty Ltd,Senior Software Engineer (.NET),"Sydney, NSW",,2026-08-11,indeed,filtered,https://au.indeed.com/viewjob?jk=00e6a93e992caf4e
5041,0,Corto Pty Ltd,Frontend Software Engineer,"Sydney, NSW",,2026-08-11,indeed,filtered,https://au.indeed.com/viewjob?jk=dd82e261ed89aee4
5042,0,Endeavour Group,Senior Business Analyst,"Sydney, NSW",,2026-08-11,indeed,filtered,https://au.indeed.com/viewjob?jk=875532242cc2ef0c
5043,0,Endeavour Energy,Senior Engineer - Future Energy Planning,"Parramatta, NSW",,2026-08-11,indeed,filtered,https://au.indeed.com/viewjob?jk=a24210ef1a12cfbb
5045,0,Unknown,Senior Full-Stack Engineer,(Remote),,2026-08-11,indeed,filtered,https://au.indeed.com/viewjob?jk=c46e2137e880e480
5047,0,CORTO,Frontend Software Engineer,"Sydney, New South Wales",,2026-08-11,linkedin,filtered,https://www.linkedin.com/jobs/view/4452094516
5049,0,Lyra,Forward Deployed Engineer,"Brisbane, Queensland",,2026-08-11,linkedin,filtered,https://www.linkedin.com/jobs/view/4451619009
5071,0,Adelaide Bathroom Projects,PA to Director / Admin Assistant,"Pooraka, SA","$70,000 - $80,000 /yearly",2026-08-11,jora,filtered,https://au.jora.com/job/PA-to-Director-552bfb9776c66048070fd1e4c007ed43
5077,0,Techforce Personnel,Sydney - Chief Operations Officer,"Sydney CBD, NSW",,2026-08-11,jora,filtered,https://au.jora.com/job/Sydney-Chief-Operations-b13a6286b52e9e040db9965fb666bf5c
5085,0,Trumps,"Production - Permanent Full-Time | AM, PM & Night shifts avail","Rocklea, QLD",$27 - $41 /hourly,2026-08-11,jora,filtered,https://au.jora.com/job/Production-Permanent-Full-bae48c928f6e986e68f69bbe6af1ac4e
5092,0,ThompsonCook,"Senior Project Accountant | High Growth Infrastructure | $160,000 + Super","Sydney CBD, NSW","$145,000 - $165,000 /yearly",2026-08-11,jora,filtered,https://au.jora.com/job/Project-Accountant-1dc0c5bc521b455c7e93a683e4556393
5096,0,Orchard Talent Group,Director - Residential Operations,"Sydney, NSW",,2026-08-11,jora,filtered,https://au.jora.com/job/Director-00161591a1c7623399b5ba9da37837ae
5112,0,Ambition Recruitment,Senior Finance Manager,"Sydney, NSW",,2026-08-11,jora,filtered,https://au.jora.com/job/Finance-Manager-afdf3cc389f9adcd7215186e5634518b
5119,0,Domain Group,Account Coordinator - Corporate & Industry Partnerships,"Fortitude Valley, QLD",,2026-08-11,jora,filtered,https://au.jora.com/job/Account-Coordinator-f99f9ee0eead6197b6c942a738dd02c8
5124,0,DW Tiles,Warehouse Pick Packer,"Chester Hill, NSW",,2026-08-11,jora,filtered,https://au.jora.com/job/Warehouse-Pick-Packer-66fc7f90308d7b7b070cb596c19c3ade
5129,0,Techforce JobAdder,Sydney - Chief Operations Officer,"Sydney CBD, NSW",,2026-08-11,jora,filtered,https://au.jora.com/job/Sydney-Chief-Operations-a7cfc6a096d158d141ac69ef4679864d
5130,0,Swissport International AG,Ramp Agent,"Pinkenba, QLD",,2026-08-11,jora,filtered,https://au.jora.com/job/Ramp-Agent-8722ce55fa4ae671b6220f47d627b0dd
5134,0,Amazon Flex,Amazon Cargo Van Package Delivery Driver,"Mile End, SA",$33 /hourly,2026-08-11,jora,filtered,https://au.jora.com/job/Delivery-Driver-89bfd14ef67afbe0471e4b261dd21dc1
5147,0,Advanced Hair Studio,Receptionist Permanent Part Time,"Hobart, TAS",$27 - $28 /hourly,2026-08-11,jora,filtered,https://au.jora.com/job/Receptionist-d2be19ec21eab6f239a225796217c085
5165,0,Avance Consulting,Full Stack Developer - Python,"Sydney, New South Wales",,2026-08-11,linkedin,filtered,https://www.linkedin.com/jobs/view/4451645800
5166,0,AIONIX,AI Software Engineer,"Sydney, New South Wales, (Remote)",,2026-08-11,linkedin,filtered,https://www.linkedin.com/jobs/view/4451624885
5167,0,Commonwealth Bank,Staff Software Engineer,"Sydney, New South Wales",,2026-08-11,linkedin,filtered,https://www.linkedin.com/jobs/view/4452408037
5170,0,Stake,Senior Software Engineer,"Sydney, New South Wales",,2026-08-11,linkedin,filtered,https://www.linkedin.com/jobs/view/4452191750
5171,0,Everpure,Cloud Native Customer Engineer,"Sydney, NSW",,2026-08-11,indeed,filtered,https://au.indeed.com/viewjob?jk=ff0525a03d651c62
5172,0,Stantec,Senior Geotechnical Engineer,"St Leonards, NSW, (Remote)",,2026-08-11,indeed,filtered,https://au.indeed.com/viewjob?jk=e05b197a5414e1bd
5173,0,Endeavour Group,Senior Business Analyst,"Sydney, NSW",,2026-08-11,indeed,filtered,https://au.indeed.com/viewjob?jk=72229c5e1ff4c24b
5175,0,HCLTech,Senior Technical Specialist,"Sydney, NSW",,2026-08-11,indeed,filtered,https://au.indeed.com/viewjob?jk=a2bb004ff23bf664
5176,0,Employment Hero,Senior Service Delivery Engineer,"Sydney, NSW",,2026-08-11,indeed,filtered,https://au.indeed.com/viewjob?jk=7639d8a51263b7e0
5177,0,Unknown,DevOps Engineer,"Sydney, NSW",,2026-08-11,indeed,filtered,https://au.indeed.com/viewjob?jk=fe08bbd4d84f41d0
5178,0,Endeavour Energy,Senior Design Engineer - Electrical,"Glendenning, NSW",,2026-08-11,indeed,filtered,https://au.indeed.com/viewjob?jk=30ee4cebd3af241b
5180,0,Australian Government,Senior Executive Lawyer - DR Civil Regulation,"Sydney, NSW",,2026-08-11,indeed,filtered,https://au.indeed.com/viewjob?jk=f759486c5b09900b
5182,0,Australian Government,Senior Lawyer - Office of General Counsel,"Sydney, NSW",,2026-08-11,indeed,filtered,https://au.indeed.com/viewjob?jk=fd41895fffdc4dd1
5186,0,Torrens University Australia,Information Security Engineer,"Surry Hills, NSW",,2026-08-11,indeed,filtered,https://au.indeed.com/viewjob?jk=014b3b013a7eeb74
5262,0,Amazon,2026 Software Dev Engineer Intern (Location : Sydney),"Sydney, New South Wales",,2026-08-11,linkedin,filtered,https://www.linkedin.com/jobs/view/4443030800
5263,0,Hatch,2026/27 Student Engineer - Digital (Brisbane),"Brisbane, Queensland",,2026-08-11,linkedin,filtered,https://www.linkedin.com/jobs/view/4452180853
5267,0,Fynd,Graduate Software Developer,"Brisbane, Queensland",,2026-08-11,linkedin,filtered,https://www.linkedin.com/jobs/view/4451628569
5278,0,Lite n' Easy,Full Stack Developer,"Brisbane, Queensland",,2026-08-11,linkedin,filtered,https://www.linkedin.com/jobs/view/4452184518
5286,0,Fastly,Senior Sales Engineer,"Sydney, NSW, (Remote)",,2026-08-11,indeed,filtered,https://au.indeed.com/viewjob?jk=7bb4342561d9be88
4378,0,Adelaide Safety Supplies,Office Administrator,"Dudley Park, SA",$31 - $35 /hourly,2026-08-10,jora,filtered,https://au.jora.com/job/Office-Administrator-d6132fad32afcf19e7d46ce8408821f9
4385,0,The Y Australia,Customer Support Officer,"Adelaide, SA",,2026-08-10,jora,filtered,https://au.jora.com/job/Customer-Support-Officer-bdd3c97c0fc1aca0bb704a9f0de831e8
4391,0,McDonald's,Crew Member,"Calliope, QLD",,2026-08-10,jora,filtered,https://au.jora.com/job/Crew-Member-19831533c38667950620d99c9b4ce83d
4418,0,Meantime,Bar Staff & Floor Staff,"Hamilton, NSW",$30 - $40 /hourly,2026-08-10,jora,filtered,https://au.jora.com/job/Floor-Staff-59eade70e181c46b8f8d4e7f79413d30
4419,0,Australian Department of Defence,EL 1 - Assistant Director Governance,"Russell, ACT","$124,393 - $140,315 /yearly",2026-08-10,jora,filtered,https://au.jora.com/job/Assistant-Director-692063e40ad131719c4c12203522802a
4423,0,Capstone Recruitment,Senior Fund Accountant - Property,"Sydney CBD, NSW",,2026-08-10,jora,filtered,https://au.jora.com/job/Fund-Accountant-dab08f3759daae59c7a2a0b3dda4f0c8
4444,0,People Group,Freight Forwarding - Senior Export Coordinator - BNE -new,"Brisbane, QLD","$85,000 - $100,000 /yearly",2026-08-10,jora,filtered,https://au.jora.com/job/Export-Coordinator-ca3f220d83b24e390c5cbd58f96340bd
4455,0,Legal People,Senior Commercial Lawyer,"Melbourne, VIC",,2026-08-10,jora,filtered,https://au.jora.com/job/Commercial-Lawyer-9a98338eec1e3ced4a1e20e5a7a0b058
4465,0,PFD Food Services,Storeperson - Nightshift,Western Australia,,2026-08-10,jora,filtered,https://au.jora.com/job/Storeperson-2051ff3d214576716bad82392a1bce9f
4466,0,GMHBA,Member Experience Advisor,"Warrnambool, VIC","$72,334 /yearly",2026-08-10,jora,filtered,https://au.jora.com/job/Experience-Advisor-ec2086e7f4ba43cac879b6e668ceadf8
4477,0,Liverpool Metals Pty Ltd,Truck Driver / Yard Hand,"Moorebank, NSW",$36 - $38 /hourly,2026-08-10,jora,filtered,https://au.jora.com/job/Truck-Driver-6b383103ab8aceeeaa80b1c025ed8c75
4493,0,TrooCoo,Growth Manager,"Brisbane, QLD",,2026-08-10,jora,filtered,https://au.jora.com/job/Growth-Manager-7459367645eae44abaa4d38be5f00a82
4494,0,CCW Cabinet Works,Delivery Driver,"Cairns, QLD",,2026-08-10,jora,filtered,https://au.jora.com/job/Delivery-Driver-99638341a3d68c2f1e8887e8c413061a
4552,0,Boral,Payroll Officer - Operations,"Sydney, NSW",,2026-08-10,jora,filtered,https://au.jora.com/job/Payroll-Officer-9b2070fe0972354ee6040dc38817fb2c
4565,0,Nicriel Partners,Graduate Accountant | Part- Time |,"Sydney Western Suburbs, NSW",,2026-08-10,jora,filtered,https://au.jora.com/job/Accountant-11f75ad33d23803a0dbeb43c6710e43e
4589,0,Ailo,Technical Customer Support,"Sydney CBD, NSW",,2026-08-10,jora,filtered,https://au.jora.com/job/Technical-Customer-Support-06bef730e68f08fba686acd528de3539
4590,0,Scentre Group,Senior Finance Analyst - Developments - 12 month contract,"Sydney CBD, NSW",,2026-08-10,jora,filtered,https://au.jora.com/job/Senior-Finance-Analyst-2664bc1bb6d32aeb8d3303394fd0950a
4593,0,Belbaker Bus Charter,Patient Transport Officer (Casual) - Belbaker Patient Transport,"Zillmere, QLD",$41 - $62 /hourly,2026-08-10,jora,filtered,https://au.jora.com/job/Patient-Transport-Officer-279e0f53039a8a9dcae01b36f9965e67
4595,0,Robert Half,Head of Operations,"Sydney CBD, NSW","$200,000 /yearly",2026-08-10,jora,filtered,https://au.jora.com/job/Head-of-Operations-01c324aa390ce669558e7261733af2e3
4596,0,St Patrick's Community Support Centre,Finance Assistant - Part Time,"Fremantle, WA",$40 /hourly,2026-08-10,jora,filtered,https://au.jora.com/job/Finance-Assistant-Part-c67e267621e739b0c9b7aca5f0afd44a
4611,0,CareCone Group,Java Developer - AWS,"Sydney, New South Wales",,2026-08-10,linkedin,filtered,https://www.linkedin.com/jobs/view/4451381166
4619,0,Cyient,Senior Full Stack developer,"Sydney, New South Wales",,2026-08-10,linkedin,filtered,https://www.linkedin.com/jobs/view/4449535195
4622,0,BlueRose Technologies,React JS Developer,"Sydney, New South Wales",,2026-08-10,linkedin,filtered,https://www.linkedin.com/jobs/view/4451382644
4649,0,Queensland Government,Principal Technical Architect,"Brisbane, Queensland",,2026-08-10,linkedin,filtered,https://www.linkedin.com/jobs/view/4451385452
4650,0,Nasdaq,Senior Java Developer,"Sydney, New South Wales",,2026-08-10,linkedin,filtered,https://www.linkedin.com/jobs/view/4451391200
4653,0,Hired,Member of Technical Staff - Research Engineering (Remote),(Remote),,2026-08-10,linkedin,filtered,https://www.linkedin.com/jobs/view/4451395278
4654,0,HotDoc,Senior Full Stack Software Engineer,"Melbourne, Victoria, (Remote)",,2026-08-10,linkedin,filtered,https://www.linkedin.com/jobs/view/4451108005
4655,0,LAB3,Senior Full Stack Developer,"Melbourne, Victoria, (Remote)",,2026-08-10,linkedin,filtered,https://www.linkedin.com/jobs/view/4451119228
4662,0,Viable Solutions Pty Ltd,Data Engineer,"Sydney, New South Wales",,2026-08-10,linkedin,filtered,https://www.linkedin.com/jobs/view/4449520696
4674,0,Splend,Head of Operations,"Sydney CBD, NSW",,2026-08-10,jora,filtered,https://au.jora.com/job/Head-of-Operations-b2629ca1f2e1297ea3d7ff5627181de9
4675,0,Government schools,Enrolments and Administration Officer,"Melbourne Western Suburbs, VIC",,2026-08-10,jora,filtered,https://au.jora.com/job/Administration-Officer-9ac5168635c33b217fc8c0c0f83c21b0
4688,0,Employment type:,Service Desk Team Lead,"Western Australia, (Remote)",,2026-08-10,jora,filtered,https://au.jora.com/job/Service-Desk-Team-dd9cbefc7a2d236698721c307c22f336
4698,0,Government schools,Specialist School Education Support - classroom - Days of work are flexible,"Gippsland, VIC",,2026-08-10,jora,filtered,https://au.jora.com/job/Specialist-bf18bc08aa1e405540d8d15809f3b4d2
4703,0,Orchard Talent Group,"Director - People, Culture & Safety","Sydney CBD, NSW",,2026-08-10,jora,filtered,https://au.jora.com/job/Director-People-Culture-f0cbad1db55b5825ad6dfe4e0abbd341
4704,0,FindIT Recruitment,L1 Technical Support Technician,"Sydney CBD, NSW, (Remote)","$60,000 - $65,000 /yearly",2026-08-10,jora,filtered,https://au.jora.com/job/Technical-Support-Technician-431b87a9bf0d7db3806b078fafebeada
4722,0,Lutheran Services,Housing Officer - FT,"Brisbane, QLD",$47 - $51 /hourly,2026-08-10,jora,filtered,https://au.jora.com/job/Housing-Officer-87d2a7ae351826a740041050f473f270
4725,0,HorizonOne,Administration Support Officer,"Canberra, ACT, (Remote)","$65,000 - $75,000 /yearly",2026-08-10,jora,filtered,https://au.jora.com/job/Administration-Support-Officer-647c697db5102a0a85585788b120e36c
4735,0,Love to Dream™,Junior Developer: Data and Integrations,"Zetland, New South Wales",,2026-08-10,linkedin,filtered,https://www.linkedin.com/jobs/view/4451103272
4740,0,Symbio,Software Engineer,"Melbourne, Victoria",,2026-08-10,linkedin,filtered,https://www.linkedin.com/jobs/view/4451101482
4742,0,N2S.Global,Core Java Developer,"Sydney, New South Wales",,2026-08-10,linkedin,filtered,https://www.linkedin.com/jobs/view/4448969020
4747,0,ELMO Software,Senior Software Engineer,Greater Sydney Area,,2026-08-10,linkedin,filtered,https://www.linkedin.com/jobs/view/4450685346
4749,0,Showtime Consulting,Frontend Developer,"Sydney, New South Wales",,2026-08-10,linkedin,filtered,https://www.linkedin.com/jobs/view/4449563068
4752,0,Canva,Staff Production Engineer,"Sydney, New South Wales",,2026-08-10,linkedin,filtered,https://www.linkedin.com/jobs/view/4433636369
4755,0,Tech Mahindra,Sr. UI developer,"Sydney, New South Wales",,2026-08-10,linkedin,filtered,https://www.linkedin.com/jobs/view/4451105464
4756,0,CareCone Group,UI/UX Designer/Frontend Developer,"Sydney, New South Wales",,2026-08-10,linkedin,filtered,https://www.linkedin.com/jobs/view/4451500055
4757,0,Commonwealth Bank,Staff Software Engineer – Full Stack (.NET),"Sydney, New South Wales",,2026-08-10,linkedin,filtered,https://www.linkedin.com/jobs/view/4414690039
4758,0,Big Wave Digital,Senior Software Engineer – Full Stack (C#/.NET + React) | $160k + Super + Bonus | Sydney CBD (Onsite),"Sydney, New South Wales",,2026-08-10,linkedin,filtered,https://www.linkedin.com/jobs/view/4434222682
4759,0,Macquarie Group,"Applied AI Engineer, Non-Financial Risk","Sydney, New South Wales, (Remote)",,2026-08-10,linkedin,filtered,https://www.linkedin.com/jobs/view/4449537191
4760,0,Avance Consulting,Senior AI Engineer,"Sydney, New South Wales",,2026-08-10,linkedin,filtered,https://www.linkedin.com/jobs/view/4451100591
4761,0,Kaizen Global Technologies,Automation Engineer (AI),"Sydney, New South Wales",,2026-08-10,linkedin,filtered,https://www.linkedin.com/jobs/view/4451142239
4762,0,Vexev,Senior Software Engineer,"Sydney, New South Wales",,2026-08-10,linkedin,filtered,https://www.linkedin.com/jobs/view/4451107086
4763,0,Heidi,Senior LLMOps Engineer,"Sydney, New South Wales",,2026-08-10,linkedin,filtered,https://www.linkedin.com/jobs/view/4451513119
4767,0,ADG ENGINEERS (AUST) PTY LTD,Associate Engineer-Civil,"Sydney, NSW",,2026-08-10,indeed,filtered,https://au.indeed.com/viewjob?jk=81d07fee90306c9c
4769,0,Strategic Partners Australia,Artificial Intelligence Engineer,"Canberra, Australian Capital Territory",,2026-08-10,linkedin,filtered,https://www.linkedin.com/jobs/view/4451389350
4776,0,Quik Hire Staffing,Member of Technical Staff - Frontier AI (Remote),(Remote),,2026-08-10,linkedin,filtered,https://www.linkedin.com/jobs/view/4451387538
4781,0,Australian Government,Senior Lawyer - Office of General Counsel,"Sydney, NSW",,2026-08-10,indeed,filtered,https://au.indeed.com/viewjob?jk=04856a6819a0b76a
4782,0,Australian Government,Senior Executive Lawyer - DR Civil Regulation,"Sydney, NSW",,2026-08-10,indeed,filtered,https://au.indeed.com/viewjob?jk=7d7901038e324a2e
4784,0,NSW Government,Senior Application Developer,"Parramatta, NSW",,2026-08-10,indeed,filtered,https://au.indeed.com/viewjob?jk=d542aafa0a0d2780
4787,0,Jack & Jill,Development Team Lead ($180k-$220k) at Kyckr,(Remote),,2026-08-10,linkedin,filtered,https://www.linkedin.com/jobs/view/4451121109
4791,0,CareCone Group,Data engineer - Salesforce Data Cloud,"Sydney, New South Wales",,2026-08-10,linkedin,filtered,https://www.linkedin.com/jobs/view/4451503534
4794,0,CareCone Group,Data Engineer (AWS),"Sydney, New South Wales",,2026-08-10,linkedin,filtered,https://www.linkedin.com/jobs/view/4450054280
4795,0,Commonwealth Bank,Staff Data Engineer,"Sydney, New South Wales",,2026-08-10,linkedin,filtered,https://www.linkedin.com/jobs/view/4451396521
4799,0,Blinq,Senior Data Engineer,"Sydney, New South Wales",,2026-08-10,linkedin,filtered,https://www.linkedin.com/jobs/view/4449524738
4851,0,Constantinople,Senior Software Engineer,"Sydney, New South Wales",,2026-08-10,linkedin,filtered,https://www.linkedin.com/jobs/view/4405491704
4862,0,Coforge,Senior Software Engineer,"Sydney, New South Wales",,2026-08-10,linkedin,filtered,https://www.linkedin.com/jobs/view/4451113027
4863,0,Flight Centre Travel Group,"Software Engineer - South Bank, QLD","Brisbane, Queensland",,2026-08-10,linkedin,filtered,https://www.linkedin.com/jobs/view/4442575748
4864,0,Infosys,"Full Stack Software Engineer- DotNet, React, Azure","Brisbane, Queensland",,2026-08-10,linkedin,filtered,https://www.linkedin.com/jobs/view/4440115970
4869,0,Tata Consultancy Services,API Developer,Greater Sydney Area,,2026-08-10,linkedin,filtered,https://www.linkedin.com/jobs/view/4451138138
4872,0,MYOB,Principal AI Engineer,"Sydney, New South Wales",,2026-08-10,linkedin,filtered,https://www.linkedin.com/jobs/view/4406105294
4874,0,MYOB,Principal AI Engineer,"Melbourne, Victoria",,2026-08-10,linkedin,filtered,https://www.linkedin.com/jobs/view/4406115042
4875,0,TheDriveGroup,Senior & Principal Software Engineers (AI),Unknown,,2026-08-10,linkedin,filtered,https://www.linkedin.com/jobs/view/4451101343
4876,0,Tata Consultancy Services,Senior AI/ML Engineer,"Melbourne, Victoria",,2026-08-10,linkedin,filtered,https://www.linkedin.com/jobs/view/4450971996
4877,0,"NTT DATA, Inc.",Data Engineer,"Sydney, New South Wales",,2026-08-10,linkedin,filtered,https://www.linkedin.com/jobs/view/4449575004
4955,0,Talent Insights Group,Fullstack Software Engineer - 4 month Contract,"New South Wales, (Remote)",,2026-08-10,linkedin,filtered,https://www.linkedin.com/jobs/view/4450992856
4956,0,clickhouse,Senior Consulting Engineer - Australia,"Sydney, NSW, (Remote)",,2026-08-10,indeed,filtered,https://au.indeed.com/viewjob?jk=ed04f46b0b6f49ca
4957,0,clickhouse,Senior Technical Customer Support Engineer - Australia,"Sydney, NSW, (Remote)",,2026-08-10,indeed,filtered,https://au.indeed.com/viewjob?jk=dfc4bfd1c670a237
4958,0,Accenture,Graduate Analyst - Supply Chain & Engineering - 2027 Graduate Program,"Sydney, NSW",,2026-08-10,indeed,filtered,https://au.indeed.com/viewjob?jk=fb0b2a6969fc5caf
4959,0,clickhouse,Senior Consulting Engineer - Australia,(Remote),,2026-08-10,indeed,filtered,https://au.indeed.com/viewjob?jk=f6c08db32c797272
5051,0,Commonwealth Bank,Principal Software Engineer – Backend Platforms & Service Domains,"Sydney, New South Wales",,2026-08-10,linkedin,filtered,https://www.linkedin.com/jobs/view/4451831611
5266,0,Teradata,Australian Federal Government Intenship Program,"Canberra, Australian Capital Territory",,2026-08-10,linkedin,filtered,https://www.linkedin.com/jobs/view/4451137351
4194,0,Pinpoint Property Recruitment,Senior Property Manager,"Sydney, NSW","$130,000 - $160,000 /yearly",2026-08-09,jora,filtered,https://au.jora.com/job/Property-Manager-19d05aefae13d765eabfa4ddd227fea5
4196,0,Adelaide University,"Associate Director, Contract Management","Adelaide, SA","$150,816 - $160,739 /yearly",2026-08-09,jora,filtered,https://au.jora.com/job/Associate-Director-d9db207e92f4786379f9a6232fd34d76
4206,0,Site Force Recruitment,Labourer,"Redcliffe, QLD",$37 /hourly,2026-08-09,jora,filtered,https://au.jora.com/job/Labourer-155eb394e0ba6e498e119a1a97a04ea3
4219,0,Law Staff,Professional Indemnity Insurance SA or SC Lawyer - Remote Option,"Brisbane, QLD, (Remote)",,2026-08-09,jora,filtered,https://au.jora.com/job/Lawyer-b900a923e922aacd4e21609416514e41
4235,0,Veriu,Duty Manager (Super Host),"Melbourne, VIC",,2026-08-09,jora,filtered,https://au.jora.com/job/Duty-Manager-bbe000d88c28f949db82702506de23a2
4272,0,Airport Parking,Customer Service-Car Parking Officer-Full-time,"Westmeadows, VIC",$26 - $41 /hourly,2026-08-09,jora,filtered,https://au.jora.com/job/Parking-Officer-ed48550a83adffb0267a8728f640363a
4274,0,Swissport,Airline Freight Handling Agents,"Launceston, TAS",,2026-08-09,jora,filtered,https://au.jora.com/job/Agent-dc0b5c1a0b8f559f77acb8da98ab8a5d
4279,0,Amazon Flex,Amazon Cargo Van Package Delivery Driver,"Sydney, NSW",$33 /hourly,2026-08-09,jora,filtered,https://au.jora.com/job/Delivery-Driver-ad2cec0f58d98898f37eb80ba64a30a0
4292,0,DoorDash,DoorDash Shopper - No Experience Needed,"Redcliffe, QLD",,2026-08-09,jora,filtered,https://au.jora.com/job/DoorDash-Shopper-No-a1960df8997f68f64fb2f8c74e694d12
4294,0,RTR Services,Operations Assistant/ PA,"Canberra, ACT","$70,000 - $80,000 /yearly",2026-08-09,jora,filtered,https://au.jora.com/job/Operations-Assistant-bcf4bb256ad5e45522df8ad5ef3cd844
4317,0,Tabcorp,Senior Manager Customer Monitoring and Assessment,"Sydney CBD, NSW",,2026-08-09,jora,filtered,https://au.jora.com/job/Manager-37509335cd5ba554fed4015bc5cc179d
4336,0,Amazon Flex,Amazon Cargo Van Package Delivery Driver,"Saint Peters, NSW",$33 /hourly,2026-08-09,jora,filtered,https://au.jora.com/job/Delivery-Driver-d1752dddadd92faa76b612b7af0537c3
4338,0,Deacon Recruitment,Recruitment Consultant,"Eight Mile Plains, QLD",,2026-08-09,jora,filtered,https://au.jora.com/job/Recruitment-Consultant-5a591a4dc9e7d6c7ba32b1c0a2798925
4356,0,Hired,Member of Technical Staff - Research Engineering (Remote),(Remote),,2026-08-09,linkedin,filtered,https://www.linkedin.com/jobs/view/4451325631
4359,0,Australian Government,Senior Executive Lawyer - DR Civil Regulation,"Sydney, NSW",,2026-08-09,indeed,filtered,https://au.indeed.com/viewjob?jk=6743f7528c6f52ba
4361,0,Australian Government,Senior Executive Lawyer - DR Monetary Claims,"Sydney, NSW",,2026-08-09,indeed,filtered,https://au.indeed.com/viewjob?jk=4e78553609b0fb3a
4388,0,DoorDash,DoorDash Shopper - No Experience Needed,"West Footscray, VIC",,2026-08-09,jora,filtered,https://au.jora.com/job/DoorDash-Shopper-No-60ad4d3f11ba5b1c7ff461796525a0af
4401,0,DoorDash,DoorDash Shopper - No Experience Needed,"Parkville, VIC",,2026-08-09,jora,filtered,https://au.jora.com/job/DoorDash-Shopper-No-cd2a101e1fd847b9618c4885eb7099e8
4408,0,DoorDash,DoorDash Shopper - No Experience Needed,"Deepdene, VIC",,2026-08-09,jora,filtered,https://au.jora.com/job/DoorDash-Shopper-No-10ae9e08bfd24b3101f4763eaaff6ea6
4426,0,HUB24 Limited,Software Engineer (Full stack),"Melbourne, Victoria",,2026-08-09,linkedin,filtered,https://www.linkedin.com/jobs/view/4414727674
4431,0,LAB3,Senior Engineer - AI,"Sydney, New South Wales, (Remote)",,2026-08-09,linkedin,filtered,https://www.linkedin.com/jobs/view/4450955616
4432,0,Google,"Staff Gen AI Engineer, Forward Deployed, Google Cloud","Sydney, New South Wales",,2026-08-09,linkedin,filtered,https://www.linkedin.com/jobs/view/4424590633
4434,0,Cover Genius,Engineering Manager - Agentic AI,"Sydney, New South Wales, (Remote)",,2026-08-09,linkedin,filtered,https://www.linkedin.com/jobs/view/4358592239
4502,0,Latitude IT,Senior Full Stack Engineer,"Sydney, New South Wales",,2026-08-09,linkedin,filtered,https://www.linkedin.com/jobs/view/4450950083
4507,0,Revenue NSW,Principal Developer,"Sydney, New South Wales",,2026-08-09,linkedin,filtered,https://www.linkedin.com/jobs/view/4450944372
4511,0,Mathspace,Senior UI Software Engineer (React),"Sydney, New South Wales, (Remote)",,2026-08-09,linkedin,filtered,https://www.linkedin.com/jobs/view/4451334720
4516,0,Rocket Software,Senior Software Engineer,"Canberra, Australian Capital Territory",,2026-08-09,linkedin,filtered,https://www.linkedin.com/jobs/view/4424179637
4612,0,ELMO Software,Senior Software Engineer,"Sydney, New South Wales",,2026-08-09,linkedin,filtered,https://www.linkedin.com/jobs/view/4450994802
4636,0,ANZ,"Associate, Central Business Execution","Melbourne, Victoria",,2026-08-09,linkedin,filtered,https://www.linkedin.com/jobs/view/4451343955
4637,0,Temenos,BSG Solution Architect,"Sydney, New South Wales",,2026-08-09,linkedin,filtered,https://www.linkedin.com/jobs/view/4414668849
4638,0,Datadog,Partner Solutions Architect (ANZ),"Sydney, New South Wales",,2026-08-09,linkedin,filtered,https://www.linkedin.com/jobs/view/4415345752
4646,0,Pitch Technology,Senior Solutions Engineer,"Sydney, New South Wales",,2026-08-09,linkedin,filtered,https://www.linkedin.com/jobs/view/4450939890
4651,0,Kraken,Senior Software Engineer (Remote - AEST timezone location) - Kraken Distribution,(Remote),,2026-08-09,linkedin,filtered,https://www.linkedin.com/jobs/view/4450983618
4652,0,TheDriveGroup,Senior & Mid Level Engineers - Space Technology 🚀,(Remote),,2026-08-09,linkedin,filtered,https://www.linkedin.com/jobs/view/4450994801
4663,0,Australian Government,Senior Lawyer - Office of General Counsel,"Sydney, NSW",,2026-08-09,indeed,filtered,https://au.indeed.com/viewjob?jk=20d0d5e8ef6b1e38
4764,0,Prezzee,Senior  Machine Learning Engineer,"Sydney, New South Wales",,2026-08-09,linkedin,filtered,https://www.linkedin.com/jobs/view/4449998775
4765,0,Accenture Australia,Senior Gemini Platform Engineer,"Sydney, New South Wales",,2026-08-09,linkedin,filtered,https://www.linkedin.com/jobs/view/4385272350
4766,0,Anduril Industries,Senior Machine Learning Engineer,"Sydney, New South Wales",,2026-08-09,linkedin,filtered,https://www.linkedin.com/jobs/view/4358109811
4786,0,Transport for NSW,Senior Manager H&S Risk & Assurance,"Sydney, NSW, (Remote)",,2026-08-09,indeed,filtered,https://au.indeed.com/viewjob?jk=2484a0e15fab447f
4796,0,Simon-Kucher,Graduate Consultant 2027,"Sydney, New South Wales",,2026-08-09,linkedin,filtered,https://www.linkedin.com/jobs/view/4449514365
3778,0,Robert Half,Head of People & Culture,"Sydney, NSW",,2026-08-08,jora,filtered,https://au.jora.com/job/Head-of-People-9f6c2753bda6e182e5aeddcb16287821
3781,0,seek.com.au,Senior Payroll Officer,"Sydney CBD, NSW",,2026-08-08,jora,filtered,https://au.jora.com/job/Payroll-Officer-c173ea490700a5a13681359592e7ac6f
3782,0,Australian Christian College,School Support Staff - Multiple Opportunities,"Singleton, WA",,2026-08-08,jora,filtered,https://au.jora.com/job/Support-Staff-8ce60e6a4c38498640c35e4a64204f14
3818,0,Framework Search & Select,Associate Director Cost Management,"Sydney, NSW",,2026-08-08,jora,filtered,https://au.jora.com/job/Associate-Director-39709b849c632da65e208b054d8f673d
3860,0,AirTrunk,"Manager, Procurement","North Sydney, NSW",,2026-08-08,jora,filtered,https://au.jora.com/job/Manager-Procurement-3ce93f6c9f334986c8710c61b4a76405
3896,0,Studyandwork,Assistant Accountant Intern,"Sydney, NSW","$60,000 /yearly",2026-08-08,jora,filtered,https://au.jora.com/job/Assistant-Accountant-f14ad543c8afd3361b72a955898986d6
3906,0,Sharp and Carter,Senior Group Financial Reporting Manager - 18 Month FTC,"Sydney, NSW, (Remote)","$200,000 - $250,000 /yearly",2026-08-08,jora,filtered,https://au.jora.com/job/Financial-Reporting-Manager-614c9167860e48b8dc6c4fe703631ba6
3926,0,2K Elevations,"No Experience Necessary! RETAIL AND HOSPITALITY STAFF, APPLY NOW.","Adelaide, SA",$35 /hourly,2026-08-08,jora,filtered,https://au.jora.com/job/No-Experience-Necessary-7e21f2c19ec6ce8fa9c7475cc7897de7
3928,0,Korn Ferry,Senior Client Director (Assessment & Succession and Leadership Development),"Sydney, NSW",,2026-08-08,jora,filtered,https://au.jora.com/job/Client-Director-42edb8c7f46bedfee91eed0e8d762e7c
3930,0,EducationHQ,SEN Teaching Assistant,"Burnley, VIC",,2026-08-08,jora,filtered,https://au.jora.com/job/SEN-Teaching-Assistant-2725c56206eb75fb120ee8953a0e2620
3935,0,Hays Recruitment,Desktop Support Engineer/ IT Helpdesk Engineer,"Sydney CBD, NSW",,2026-08-08,jora,filtered,https://au.jora.com/job/Desktop-Support-Engineer-0af7468054f7d4c50aeab8c8aaa93dcf
3950,0,Excel Cleaning,House Cleaner / Housekeeper,"Melbourne, VIC",$35 /hourly,2026-08-08,jora,filtered,https://au.jora.com/job/House-Cleaner-648e48249ad098184b0201db764d9dd5
3959,0,EducationHQ,Unqualified Teaching Assistant,"Port Wakefield, SA",,2026-08-08,jora,filtered,https://au.jora.com/job/Unqualified-Teaching-Assistant-b4eeef76f4f6094efc702ae3077d80e8
3975,0,Amazon Flex,Amazon Cargo Van Package Delivery Driver,"Waverton, NSW",$33 /hourly,2026-08-08,jora,filtered,https://au.jora.com/job/Delivery-Driver-2310244b32a97e1af7a8fd50d7f17005
3976,0,EducationHQ,Teaching Assistant - MAKATON,"Lancaster, VIC",,2026-08-08,jora,filtered,https://au.jora.com/job/Teaching-Assistant-MAKATON-8e29157ed4758e7c6e29a46742b314be
3977,0,McArthur,Customer Service Box Office Event Staff,"Gold Coast, QLD",$34 - $61 /hourly,2026-08-08,jora,filtered,https://au.jora.com/job/Event-Staff-597657dde1601e4c2d07abb926978aed
3991,0,Amazon Flex,Amazon Cargo Van Package Delivery Driver,"Logan City, QLD",$33 /hourly,2026-08-08,jora,filtered,https://au.jora.com/job/Delivery-Driver-e4326640f8e7a27cffc3dfae32f91566
4016,0,The Recruitment Alternative,Accountant ANZ,"Sydney, NSW","$90,000 - $110,000 /yearly",2026-08-08,jora,filtered,https://au.jora.com/job/Accountant-964414a4d7114ae8a11601fc1bd1ef30
4022,0,Roc Consulting,Manager - 100% Remote,"Brisbane, QLD, (Remote)","$130,000 - $145,000 /yearly",2026-08-08,jora,filtered,https://au.jora.com/job/Manager-4e883bbbd6e6f52b8d64f8aec95ee86b
4034,0,Fresh Hope,Revenue and Receivables Officer,"Sydney CBD, NSW","$70,000 - $80,000 /yearly",2026-08-08,jora,filtered,https://au.jora.com/job/Revenue-and-Receivables-Officer-7a1ffc8652a9deaa25ba5457a0494ec2
4040,0,All In Marketing Group Pty Ltd,Customer Service Role... START ASAP,"Sydney CBD, NSW",$40 /hourly,2026-08-08,jora,filtered,https://au.jora.com/job/Customer-Service-Role-28195330abf0816fa87e550cdd6067f4
4046,0,Solvexia,Software Engineer,"Sydney, New South Wales",,2026-08-08,linkedin,filtered,https://www.linkedin.com/jobs/view/4450532111
4067,0,Hired,Member of Technical Staff - Research Engineering (Remote),(Remote),,2026-08-08,linkedin,filtered,https://www.linkedin.com/jobs/view/4451030633
4081,0,Amazon Flex,Amazon Cargo Van Package Delivery Driver,"Sydney, NSW",$33 /hourly,2026-08-08,jora,filtered,https://au.jora.com/job/Delivery-Driver-10608309d3bc901f74abfc6d53b1eb71
4092,0,DoorDash,DoorDash Shopper - No Experience Needed,"Subiaco, WA",,2026-08-08,jora,filtered,https://au.jora.com/job/DoorDash-Shopper-No-5e0b89c7b5ecc3cc8f00f5756b8be306
4093,0,Clarkson North Dental Care,Dental Assistant & Front office coordinator | 3-5 days a week,"Clarkson, WA",$30 - $35 /hourly,2026-08-08,jora,filtered,https://au.jora.com/job/Front-Office-Coordinator-d7e5ced9899c0b6935e0d26a8c62ef5f
4099,0,DoorDash,DoorDash Shopper - No Experience Needed,"Stirling, WA",,2026-08-08,jora,filtered,https://au.jora.com/job/DoorDash-Shopper-No-ef257de57bba9a603c0b57f308e47fb2
4104,0,Amazon Flex,Amazon Cargo Van Package Delivery Driver,"Darlinghurst, NSW",$33 /hourly,2026-08-08,jora,filtered,https://au.jora.com/job/Delivery-Driver-4102d5df7aaa228b735cb96472a3dbb3
4116,0,Erceg Mcintyre,Funeral Director's Assistant,"Geraldton, WA",$31 - $32 /hourly,2026-08-08,jora,filtered,https://au.jora.com/job/Funeral-Director-Assistant-349743a44dadbf5d186646886cd796b9
4136,0,Avanade,Azure Cloud Architect,"Sydney, New South Wales",,2026-08-08,linkedin,filtered,https://www.linkedin.com/jobs/view/4429822497
4140,0,Future Secure AI,Senior Software Engineer (AI),"Sydney, New South Wales",,2026-08-08,linkedin,filtered,https://www.linkedin.com/jobs/view/4433527142
4143,0,Databricks,Deployment Strategist,"Sydney, New South Wales",,2026-08-08,linkedin,filtered,https://www.linkedin.com/jobs/view/4402474445
4152,0,Australian Government,Senior Executive Lawyer - DR Civil Regulation,"Sydney, NSW",,2026-08-08,indeed,filtered,https://au.indeed.com/viewjob?jk=09a124eee9199f7c
4154,0,Australian Government,Senior Executive Lawyer - DR Monetary Claims,"Sydney, NSW",,2026-08-08,indeed,filtered,https://au.indeed.com/viewjob?jk=759a46362f141a90
4241,0,Leidos Australia,Software Engineer | 12-month FTC,"Canberra, Australian Capital Territory, (Remote)",,2026-08-08,linkedin,filtered,https://www.linkedin.com/jobs/view/4433838780
4242,0,Leidos Australia,Software Engineer | 12-month FTC,"Melbourne, Victoria, (Remote)",,2026-08-08,linkedin,filtered,https://www.linkedin.com/jobs/view/4433838731
4243,0,Coates Group,Senior Full-Stack Engineer,"Sydney, New South Wales",,2026-08-08,linkedin,filtered,https://www.linkedin.com/jobs/view/4330057935
4244,0,Eucalyptus,Senior Software Engineer I,"Sydney, New South Wales",,2026-08-08,linkedin,filtered,https://www.linkedin.com/jobs/view/4368073581
4245,0,LAB3,Senior Full Stack Developer,"Melbourne, Victoria, (Remote)",,2026-08-08,linkedin,filtered,https://www.linkedin.com/jobs/view/4450917221
4249,0,Cartology - Part of the Woolworths Group,Senior Product Manager - Data,"Sydney, New South Wales, (Remote)",,2026-08-08,linkedin,filtered,https://www.linkedin.com/jobs/view/4451055905
4252,0,DoorDash,"Manager, Strategy & Operations, In-Store","Sydney, New South Wales",,2026-08-08,linkedin,filtered,https://www.linkedin.com/jobs/view/4432959161
4255,0,Circular Economy Systems (CES),Project Manager,"Sydney, New South Wales",,2026-08-08,linkedin,filtered,https://www.linkedin.com/jobs/view/4424565016
4256,0,Zendesk,Platform Architect,"Sydney, New South Wales, (Remote)",,2026-08-08,linkedin,filtered,https://www.linkedin.com/jobs/view/4430238429
4257,0,LAB3,Principal Technologist,"Sydney, New South Wales",,2026-08-08,linkedin,filtered,https://www.linkedin.com/jobs/view/4424292919
4258,0,Datacom,Senior Solution Specialist | M365,"Sydney, New South Wales, (Remote)",,2026-08-08,linkedin,filtered,https://www.linkedin.com/jobs/view/4333401412
4259,0,Datacom,Senior Solution Specialist | M365,"Canberra, Australian Capital Territory, (Remote)",,2026-08-08,linkedin,filtered,https://www.linkedin.com/jobs/view/4333381575
4270,0,Forum Economique des Marocains du Monde,Senior Business Analyst / Lead Business Analyst / Principal Business Analyst,"New South Wales, (Remote)",,2026-08-08,linkedin,filtered,https://www.linkedin.com/jobs/view/4450514839
4357,0,Airwallex,"Senior Software Engineer, Yield","Sydney, New South Wales",,2026-08-08,linkedin,filtered,https://www.linkedin.com/jobs/view/4004250728
4519,0,Block,Senior Site Reliability Engineer,"Melbourne, Victoria, (Remote)",,2026-08-08,linkedin,filtered,https://www.linkedin.com/jobs/view/4421171172
4521,0,Constantinople,Senior Software Engineer,"Melbourne, Victoria",,2026-08-08,linkedin,filtered,https://www.linkedin.com/jobs/view/4405603437
4617,0,Macquarie Group,Identity Engineer,"Sydney, New South Wales, (Remote)",,2026-08-08,linkedin,filtered,https://www.linkedin.com/jobs/view/4382856879
4870,0,NiCE,"Lead Software Engineer, Playvox, CX","Sydney, New South Wales",,2026-08-08,linkedin,filtered,https://www.linkedin.com/jobs/view/4420732338
4873,0,Future Secure AI,Senior Software Engineer (AI),"Melbourne, Victoria",,2026-08-08,linkedin,filtered,https://www.linkedin.com/jobs/view/4433521731
3299,0,Northern Health,Divisional Director Assistant,"Epping, VIC",,2026-08-07,jora,filtered,https://au.jora.com/job/Divisional-Director-141333bea8703b554ce4659bcb73f7bf
3334,0,Martinus,Senior Financial Accountant,"Sydney, NSW",,2026-08-07,jora,filtered,https://au.jora.com/job/Financial-Accountant-0373009544f9fe138a6a272d4f34eead
3371,0,4 D Talent,Senior FP and A Manager,"Sydney, NSW","$180,000 /yearly",2026-08-07,jora,filtered,https://au.jora.com/job/Senior-FP-and-006ba5019f15844ddad4aafcd98783d6
3377,0,"Department of Families, Fairness & Housing VIC","Director, Child Protection, Western Melbourne Area","Melbourne, VIC","$240,938 - $310,385 /yearly",2026-08-07,jora,filtered,https://au.jora.com/job/Director-32d6b0f49530a67942be4f355c83209e
3415,0,Bjak Sdn Bhd,Chief of Staff,"Sydney, NSW",,2026-08-07,jora,filtered,https://au.jora.com/job/Chief-of-Staff-efd50803b33558bdd689d4d485b3acac
3455,0,Chubb Insurance,Head of FP&A and Finance Transformation,"North Sydney, NSW",,2026-08-07,jora,filtered,https://au.jora.com/job/Head-of-FP-ff8d237279fa67b1378902ef30fbeca5
3484,0,Woolworths Group,Head of Finance Capability & Innovation,"Surry Hills, NSW",,2026-08-07,jora,filtered,https://au.jora.com/job/Head-of-Finance-702fb6c6b1e51b1d5d1a64088ff8e67a
3487,0,Chubb Insurance,Head of FP&A and Finance Transformation,"North Sydney, NSW",,2026-08-07,jora,filtered,https://au.jora.com/job/Head-of-FP-1427ebe1f7fbe29e58202d7136a2a1d5
3534,0,Hays,Senior Full Stack Developer,"Sydney, New South Wales, (Remote)",,2026-08-07,linkedin,filtered,https://www.linkedin.com/jobs/view/4450035476
3538,0,Compare Club,Staff Software Engineer - AI,"Sydney, New South Wales",,2026-08-07,linkedin,filtered,https://www.linkedin.com/jobs/view/4450010824
3539,0,Avance Consulting,Senior AI Engineer,"Sydney, New South Wales",,2026-08-07,linkedin,filtered,https://www.linkedin.com/jobs/view/4450034052
3540,0,Compare Club,Senior Software Engineer - AI,"Sydney, New South Wales",,2026-08-07,linkedin,filtered,https://www.linkedin.com/jobs/view/4450014688
3541,0,Mane Consulting,AI Technical Delivery Lead,"Eveleigh, New South Wales",,2026-08-07,linkedin,filtered,https://www.linkedin.com/jobs/view/4450664789
3547,0,AirTrunk,"Associate Director, Security Programs & Assurance","Sydney, NSW",,2026-08-07,indeed,filtered,https://au.indeed.com/viewjob?jk=c10e1a6fdd6e6c2e
3548,0,Hired,Member of Technical Staff - Research Engineering (Remote),(Remote),,2026-08-07,linkedin,filtered,https://www.linkedin.com/jobs/view/4450013976
3549,0,Syneos Health,FSP Senior CRA I/ II (Melbourne/ Sydney),(Remote),,2026-08-07,indeed,filtered,https://au.indeed.com/viewjob?jk=25bdd11eaa7562bb
3550,0,Syneos Health,FSP- Sr CRA II (Melbourne/ Sydney),(Remote),,2026-08-07,indeed,filtered,https://au.indeed.com/viewjob?jk=19405b76b6aec204
3551,0,Syneos Health,FSP Senior CRA I/ II (Melbourne/ Sydney home based),(Remote),,2026-08-07,indeed,filtered,https://au.indeed.com/viewjob?jk=baeed07c1b539e94
3558,0,Perigon Group,Senior Financial Accountant,"Sydney, NSW","$120,000 - $130,000 /yearly",2026-08-07,jora,filtered,https://au.jora.com/job/Financial-Accountant-9fc3997175bf110698834878dffa9a7f
3562,0,Sharp and Carter,Accounts Receivable Officer - Immediate Start,"Footscray, VIC",,2026-08-07,jora,filtered,https://au.jora.com/job/Accounts-Receivable-Officer-fe310349fe30a78b437dc789907280cc
3568,0,FourQuarters Recruitment,AR Officer,"Burwood, VIC",,2026-08-07,jora,filtered,https://au.jora.com/job/AR-Officer-ce0b44440a732a81f518d2a98f3ab814
3600,0,Calidus Group,Business Advisory Manager,"Sydney, NSW",,2026-08-07,jora,filtered,https://au.jora.com/job/Business-Advisory-Manager-91572574716ae7da3a4091b2493b4a81
3623,0,Legacy Club Services,Senior Payroll Administrator,"Sydney CBD, NSW",,2026-08-07,jora,filtered,https://au.jora.com/job/Payroll-Administrator-d35360d1e0e2490ab0e267bd036b4911
3647,0,Richard Lloyd Recruitment,Senior Accountant / Finance Business Partner,"Sydney CBD, NSW","$140,000 - $150,000 /yearly",2026-08-07,jora,filtered,https://au.jora.com/job/Finance-Business-Partner-b4762e236b8f9ce7cf3e647cf140c5c9
3650,0,Talent Map Group Pty Ltd,Senior Manager - FInance Business Partnering,"Melbourne, VIC",,2026-08-07,jora,filtered,https://au.jora.com/job/Senior-Manager-FInance-ce46e151b1f1b1dfbbba79acfc94742a
3653,0,seek.com.au,Senior Fund Accountant,"Sydney CBD, NSW",,2026-08-07,jora,filtered,https://au.jora.com/job/Fund-Accountant-5b1562f271247b2d423f14cc1c6bf236
3672,0,RiDiK (a Subsidiary of CLPS. Nasdaq: CLPS),Artificial Intelligence Engineer,"Sydney, New South Wales",,2026-08-07,linkedin,filtered,https://www.linkedin.com/jobs/view/4450074393
3678,0,Commonwealth Bank,Senior Software Engineer,"Sydney, New South Wales",,2026-08-07,linkedin,filtered,https://www.linkedin.com/jobs/view/4450078382
3679,0,MongoDB,Senior Software Engineer,"Sydney, New South Wales",,2026-08-07,linkedin,filtered,https://www.linkedin.com/jobs/view/4450667725
3680,0,NAB - National Australia Bank,"Principal Engineer, Platform Engineering","Sydney, NSW",,2026-08-07,indeed,filtered,https://au.indeed.com/viewjob?jk=6bc578c693b34e0a
3681,0,Canva,Senior Backend Engineer - Entities Platform,"Sydney, NSW, (Remote)",,2026-08-07,indeed,filtered,https://au.indeed.com/viewjob?jk=c1974c9d25948a72
3682,0,MongoDB,Staff Engineer,"Sydney, NSW, (Remote)",,2026-08-07,indeed,filtered,https://au.indeed.com/viewjob?jk=44eadb64c654fe70
3687,0,Hired,"Software Engineer, Micro Platforms (Remote)",(Remote),,2026-08-07,linkedin,filtered,https://www.linkedin.com/jobs/view/4450052796
3689,0,Optus,Senior Security Platform Engineer - SRE,"Sydney, NSW, (Remote)",,2026-08-07,indeed,filtered,https://au.indeed.com/viewjob?jk=4de0bb26a14bf9b2
3691,0,Commonwealth Bank,Staff Data Engineer,"Sydney, New South Wales",,2026-08-07,linkedin,filtered,https://www.linkedin.com/jobs/view/4450072572
3708,0,Stockland,Senior Analyst,"Sydney, NSW",,2026-08-07,jora,filtered,https://au.jora.com/job/Analyst-75f83bb0e31e1da347bbbcf40a780906
3724,0,Latitude IT,Head of Supply Chain Technology,"Sydney, NSW","$220,000 - $240,000 /yearly",2026-08-07,jora,filtered,https://au.jora.com/job/Head-of-Supply-Chain-cc8231ff23031e37b3c5dc764378a88a
3726,0,4Dtalent,Senior Financial Accountant,"Sydney CBD, NSW","$120,000 - $140,000 /yearly",2026-08-07,jora,filtered,https://au.jora.com/job/Financial-Accountant-906bdc02a7d28775c121f78fa46d8b2f
3745,0,Cognizant,Product Manager,"Melbourne, Victoria",,2026-08-07,linkedin,filtered,https://www.linkedin.com/jobs/view/4450092258
3746,0,Tata Consultancy Services,Infrastructure Solutions Architect,"Sydney, New South Wales",,2026-08-07,linkedin,filtered,https://www.linkedin.com/jobs/view/4426085442
3750,0,CrowdStrike,"Software Engineer III, Golang Core Services & Libraries (Remote, AUS)","Sydney, New South Wales, (Remote)",,2026-08-07,linkedin,filtered,https://www.linkedin.com/jobs/view/4438740156
3751,0,CrowdStrike,"Software Engineer III, Golang Core Services & Libraries (Remote, AUS)","Melbourne, Victoria, (Remote)",,2026-08-07,linkedin,filtered,https://www.linkedin.com/jobs/view/4438725847
3752,0,Employment Hero,Travel & Reservations Consultant,"Sydney, NSW, (Remote)",,2026-08-07,indeed,filtered,https://au.indeed.com/viewjob?jk=19621df5950fe98c
3753,0,Firmus Technologies,"Head of Electrical Engineering, AI Factory Development","Sydney, NSW",,2026-08-07,indeed,filtered,https://au.indeed.com/viewjob?jk=419ded2a29fb8ccf
3754,0,CrowdStrike,"Sr. Software Engineer - Golang Core Services and Libraries (Remote, AUS)","Sydney, New South Wales, (Remote)",,2026-08-07,linkedin,filtered,https://www.linkedin.com/jobs/view/4438735659
3756,0,Australian Government,Senior Executive Lawyer - DR Monetary Claims,"Sydney, NSW",,2026-08-07,indeed,filtered,https://au.indeed.com/viewjob?jk=d06ef3b20b10bd5a
3757,0,Australian Government,Senior Executive Lawyer - DR Civil Regulation,"Sydney, NSW",,2026-08-07,indeed,filtered,https://au.indeed.com/viewjob?jk=e1db73b544abb0ba
3839,0,Microsoft,"Solution Engineer, Cloud and AI Platform - Apps","Sydney, New South Wales",,2026-08-07,linkedin,filtered,https://www.linkedin.com/jobs/view/4450316700
3845,0,Accenture Australia,API Platform Engineer,"Sydney, New South Wales",,2026-08-07,linkedin,filtered,https://www.linkedin.com/jobs/view/4448766348
3847,0,Pet Circle,Senior Software Engineer,"Sydney, New South Wales",,2026-08-07,linkedin,filtered,https://www.linkedin.com/jobs/view/4412776048
3848,0,Eaton,National Service Operations Manager,"Mascot, NSW, (Remote)",,2026-08-07,indeed,filtered,https://au.indeed.com/viewjob?jk=f1d2307278826a7d
3852,0,Jobgether,Platform and Automation Engineer,(Remote),,2026-08-07,linkedin,filtered,https://www.linkedin.com/jobs/view/4448774059
3914,0,N2S.Global,Solutions Architect,"Sydney, New South Wales",,2026-08-07,linkedin,filtered,https://www.linkedin.com/jobs/view/4450010914
3915,0,Capgemini,Cloud Architect,"Sydney, New South Wales",,2026-08-07,linkedin,filtered,https://www.linkedin.com/jobs/view/4387668810
3916,0,Eucalyptus,Lead Product Manager,"Sydney, New South Wales",,2026-08-07,linkedin,filtered,https://www.linkedin.com/jobs/view/4432641717
3917,0,SS&C Technologies,Senior Software Engineer,"Sydney, New South Wales",,2026-08-07,linkedin,filtered,https://www.linkedin.com/jobs/view/4450708744
3919,0,SS&C,Senior Software Engineer,"Sydney, NSW",,2026-08-07,indeed,filtered,https://au.indeed.com/viewjob?jk=cd3714533dc689ea
3921,0,NSW Government,Senior Developer,"Sydney, NSW",,2026-08-07,indeed,filtered,https://au.indeed.com/viewjob?jk=1d1669e7bcc86d09
3981,0,Jump Trading,Software Engineer,"Sydney, New South Wales",,2026-08-07,linkedin,filtered,https://www.linkedin.com/jobs/view/4433049570
3987,0,Motorola Solutions,Pre-Sales Technical Architect,"Sydney, New South Wales",,2026-08-07,linkedin,filtered,https://www.linkedin.com/jobs/view/4442101075
3988,0,Transport for NSW,"Senior Manager, Commercial TFT","Macquarie Park, NSW",,2026-08-07,indeed,filtered,https://au.indeed.com/viewjob?jk=7747634252261cd9
4048,0,Accenture Australia,Graduate Analyst - Technology - 2027 Graduate Program,"Melbourne, Victoria",,2026-08-07,linkedin,filtered,https://www.linkedin.com/jobs/view/4451003070
4053,0,Umbrella Club,Solutions Architect,"Melbourne, Victoria",,2026-08-07,linkedin,filtered,https://www.linkedin.com/jobs/view/4450070156
4058,0,IT Alliance Australia,Artificial Intelligence Engineer,"Canberra, Australian Capital Territory",,2026-08-07,linkedin,filtered,https://www.linkedin.com/jobs/view/4448736130
4059,0,IT Alliance Australia,AI Developers,Australian Capital Territory,,2026-08-07,linkedin,filtered,https://www.linkedin.com/jobs/view/4448730186
4060,0,Optus,Lead Software Developer,"Macquarie Park, New South Wales",,2026-08-07,linkedin,filtered,https://www.linkedin.com/jobs/view/4432063267
4061,0,LAB3,Senior Engineer - AI,"Sydney, New South Wales, (Remote)",,2026-08-07,linkedin,filtered,https://www.linkedin.com/jobs/view/4450388206
4062,0,Talent,AI Program Delivery Lead,"Eveleigh, New South Wales, (Remote)",,2026-08-07,linkedin,filtered,https://www.linkedin.com/jobs/view/4448715536
4066,0,Accenture,Graduate Analyst - Technology - 2027 Graduate Program,"Sydney, NSW",,2026-08-07,indeed,filtered,https://au.indeed.com/viewjob?jk=620e45e2840ece34
4068,0,Westpac Group,Senior Technical Business Analyst - Enterprise Integrations,"Sydney, NSW",,2026-08-07,indeed,filtered,https://au.indeed.com/viewjob?jk=e6d4112aa877ff61
4070,0,Accenture Australia,Graduate Analyst - Supply Chain & Engineering - 2027 Graduate Program,"Perth, Western Australia",,2026-08-07,linkedin,filtered,https://www.linkedin.com/jobs/view/4450786544
4127,0,TheDriveGroup,Senior Software Engineer,"Sydney, New South Wales, (Remote)",,2026-08-07,linkedin,filtered,https://www.linkedin.com/jobs/view/4450070088
4144,0,hipages Group,Senior Product Manager,"Sydney, New South Wales",,2026-08-07,linkedin,filtered,https://www.linkedin.com/jobs/view/4441971493
4147,0,Preacta,Full Stack Engineer,"Sydney, New South Wales, (Remote)",,2026-08-07,linkedin,filtered,https://www.linkedin.com/jobs/view/4450027037
4149,0,Kaizen Global Technologies,Java Backend Developer,"Sydney, New South Wales",,2026-08-07,linkedin,filtered,https://www.linkedin.com/jobs/view/4450090448
4167,0,Accenture Australia,Snowflake Engineer,"Sydney, New South Wales",,2026-08-07,linkedin,filtered,https://www.linkedin.com/jobs/view/4448766338
4168,0,Zone IT Solutions,Data Engineer,"Sydney, New South Wales",,2026-08-07,linkedin,filtered,https://www.linkedin.com/jobs/view/4450692096
4250,0,JPMorganChase,Payments Product & Market Manager Vice President - Australia and New Zealand (Sydney),"Sydney, New South Wales",,2026-08-07,linkedin,filtered,https://www.linkedin.com/jobs/view/4441667396
4251,0,Nine,AI Product Lead,"North Sydney, New South Wales",,2026-08-07,linkedin,filtered,https://www.linkedin.com/jobs/view/4448747318
4261,0,Digital10,Senior AI Engineer,"Canberra, Australian Capital Territory",,2026-08-07,linkedin,filtered,https://www.linkedin.com/jobs/view/4450079913
4264,0,Macquarie Group,Model & AI Risk Data Scientist | Associate Director,"Sydney, New South Wales, (Remote)",,2026-08-07,linkedin,filtered,https://www.linkedin.com/jobs/view/4450044829
4265,0,Commonwealth Bank,Principal Data Scientist,"Eveleigh, New South Wales",,2026-08-07,linkedin,filtered,https://www.linkedin.com/jobs/view/4441466673
4269,0,WEX,Staff Software Development Engineer - Data Acquisition,Victoria,,2026-08-07,linkedin,filtered,https://www.linkedin.com/jobs/view/4450040946
4353,0,Future Secure AI,Senior Software Engineer (AI),"Brisbane, Queensland",,2026-08-07,linkedin,filtered,https://www.linkedin.com/jobs/view/4433518730
4354,0,Vanguard,Application Engineer IV,"Melbourne, Victoria",,2026-08-07,linkedin,filtered,https://www.linkedin.com/jobs/view/4450725052
4355,0,Canva,Senior Backend Engineer - Entities Platform,"Sydney, New South Wales, (Remote)",,2026-08-07,linkedin,filtered,https://www.linkedin.com/jobs/view/4450071327
4358,0,Dovetail,Senior Platform Engineer,"Sydney, New South Wales, (Remote)",,2026-08-07,linkedin,filtered,https://www.linkedin.com/jobs/view/4351124314
4499,0,Nuage Technology Group,Senior Machine Learning Engineer,"Sydney, New South Wales, (Remote)",,2026-08-07,linkedin,filtered,https://www.linkedin.com/jobs/view/4450035034
4501,0,Ord Minnett,Senior Developer,"Sydney, New South Wales",,2026-08-07,linkedin,filtered,https://www.linkedin.com/jobs/view/4450064472
4503,0,Kaizen Global Technologies,Java API Developer,"Sydney, New South Wales",,2026-08-07,linkedin,filtered,https://www.linkedin.com/jobs/view/4450072013
4512,0,Commerce,Senior Software Engineer - B2B,Greater Sydney Area,,2026-08-07,linkedin,filtered,https://www.linkedin.com/jobs/view/4441666710
4513,0,MongoDB,Staff Engineer,"Sydney, New South Wales, (Remote)",,2026-08-07,linkedin,filtered,https://www.linkedin.com/jobs/view/4450080364
4514,0,Jobgether,AEM Backend Developer - Senior,(Remote),,2026-08-07,linkedin,filtered,https://www.linkedin.com/jobs/view/4448733264
4515,0,Bendigo Bank,Staff Software Engineer - ABC Platforms,"Melbourne, Victoria",,2026-08-07,linkedin,filtered,https://www.linkedin.com/jobs/view/4448725471
4518,0,Bendigo Bank,Software Engineer,"Adelaide, South Australia",,2026-08-07,linkedin,filtered,https://www.linkedin.com/jobs/view/4448734267
4522,0,Vanguard Australia,Application Engineer IV,"Melbourne, Victoria",,2026-08-07,linkedin,filtered,https://www.linkedin.com/jobs/view/4450062071
4526,0,Commonwealth Bank,Staff Data Engineer,"Melbourne, Victoria",,2026-08-07,linkedin,filtered,https://www.linkedin.com/jobs/view/4450082068
4608,0,Pentana Solutions,Front End Engineer,"Parramatta, New South Wales",,2026-08-07,linkedin,filtered,https://www.linkedin.com/jobs/view/4448761584
4613,0,Pentana Solutions,Azure Engineer,"Parramatta, New South Wales",,2026-08-07,linkedin,filtered,https://www.linkedin.com/jobs/view/4448772201
4633,0,DoorDash,"Senior Associate, Strategy & Operations - Restaurant Operations","Sydney, New South Wales",,2026-08-07,linkedin,filtered,https://www.linkedin.com/jobs/view/4431883435
4634,0,Nuix,"Senior Product Manager, AI","Sydney, New South Wales, (Remote)",,2026-08-07,linkedin,filtered,https://www.linkedin.com/jobs/view/4441963628
4645,0,TheDriveGroup,Solutions Architect,"Melbourne, Victoria",,2026-08-07,linkedin,filtered,https://www.linkedin.com/jobs/view/4450061289
2788,0,Wholelife Pharmacy and Healthfoods,Payroll Expert with Accounts Payable experience – MILTON,"Milton, QLD",,2026-08-06,jora,filtered,https://au.jora.com/job/Payroll-Expert-with-e206cfb4e803c9c49acbb7b3ba474f8b
2789,0,Perigon Group,Head of Strategic Finance,"Sydney CBD, NSW","$170,000 - $200,000 /yearly",2026-08-06,jora,filtered,https://au.jora.com/job/Head-of-Strategic-d6be41a621f7f12f55a4898d59b7e0e6
2803,0,Apex Event Recruitment,Head of Sales and Partnerships,"Sydney, NSW","$140,000 - $150,000 /yearly",2026-08-06,jora,filtered,https://au.jora.com/job/Head-of-Sales-9673bf4b5132307d2cd4394cbbcb9666
2806,0,People Group,Freight Forwarding - Project Coordinator - MEL-new,"Melbourne, VIC","$85,000 /yearly",2026-08-06,jora,filtered,https://au.jora.com/job/Project-Coordinator-2030a806d693db6dfc88f6380e9f66ad
2813,0,Department of State Development SA,"Director, People and Culture","Adelaide, SA",,2026-08-06,jora,filtered,https://au.jora.com/job/Director-People-and-b2939e141838d52dc385f08f089c87a3
2831,0,Harrison Barratt Group,Senior Project Manager - Boutique Fit Out Contractor,"Sydney, NSW","$200,000 /yearly",2026-08-06,jora,filtered,https://au.jora.com/job/Project-Manager-62033569aa15c3b774d5161f4d1563fd
2857,0,Ansvar Insurance,General Manager - Corporate and Commercial,"Sydney CBD, NSW",,2026-08-06,jora,filtered,https://au.jora.com/job/General-Manager-da24e42852fc7e63aff763b6514c35b7
2910,0,Hamilton Lane,"Associate, Client Solutions","Sydney, NSW",,2026-08-06,indeed,filtered,https://au.indeed.com/viewjob?jk=0cfd056cd9b739a3
2926,0,Perigon Group,Accounts Payable Officer,"Melbourne, VIC",,2026-08-06,jora,filtered,https://au.jora.com/job/Accounts-Payable-Officer-45e085238817d559d31b16cea26d6207
2932,0,United Heavy Industries Pty Ltd,Warehouse Staff,"Bundaberg East, QLD","$60,000 - $70,000 /yearly",2026-08-06,jora,filtered,https://au.jora.com/job/Warehouse-Staff-e1bf9d9427fc7a498ffa3b085feb47ce
3003,0,Xero,Senior Software Engineer,"Sydney, New South Wales, (Remote)",,2026-08-06,linkedin,filtered,https://www.linkedin.com/jobs/view/4449982334
3004,0,NinjaTech AI,Senior Full Stack Engineer - Growth & Monetisation,"Sydney, New South Wales",,2026-08-06,linkedin,filtered,https://www.linkedin.com/jobs/view/4449979041
3006,0,Pentana Solutions,AI Engineer,"Mount Waverley, Victoria",,2026-08-06,linkedin,filtered,https://www.linkedin.com/jobs/view/4435640409
3009,0,Fyndr Group,Principal AI Engineer,"Sydney, New South Wales",,2026-08-06,linkedin,filtered,https://www.linkedin.com/jobs/view/4449335091
3010,0,Canva,"Staff Software Engineer – Create, Grow - Growth","Sydney, New South Wales, (Remote)",,2026-08-06,linkedin,filtered,https://www.linkedin.com/jobs/view/4449945849
3013,0,ADG ENGINEERS (AUST) PTY LTD,Senior Design Technician - Construction Services,"Sydney, NSW",,2026-08-06,indeed,filtered,https://au.indeed.com/viewjob?jk=da0f371e0ff43a43
3015,0,ADG ENGINEERS (AUST) PTY LTD,Design Technician,"Sydney, NSW",,2026-08-06,indeed,filtered,https://au.indeed.com/viewjob?jk=d29be35c387827e1
3047,0,Fat Zebra,Senior Financial Accountant,"Sydney CBD, NSW",,2026-08-06,jora,filtered,https://au.jora.com/job/Financial-Accountant-9669f948173a8fa3548808b0e0f24de2
3091,0,Richard Lloyd Recruitment,Senior Accountant,"Sydney Hills District, NSW","$150,000 /yearly",2026-08-06,jora,filtered,https://au.jora.com/job/Accountant-5331763496ad557f58da183d3d8a9cde
3098,0,NinjaTech AI,Senior Full Stack Engineer - Agent Experience,"Sydney, New South Wales",,2026-08-06,linkedin,filtered,https://www.linkedin.com/jobs/view/4449955992
3102,0,Talent,AI Developer,"Canberra, Australian Capital Territory",,2026-08-06,linkedin,filtered,https://www.linkedin.com/jobs/view/4449369454
3104,0,Canva,Senior Backend Engineer,"Sydney, New South Wales, (Remote)",,2026-08-06,linkedin,filtered,https://www.linkedin.com/jobs/view/4449362189
3105,0,Tyro Payments,Senior Software Engineer,"Sydney, New South Wales, (Remote)",,2026-08-06,linkedin,filtered,https://www.linkedin.com/jobs/view/4449351722
3106,0,FinXL,Software Engineer,"Sydney, NSW",,2026-08-06,indeed,filtered,https://au.indeed.com/viewjob?jk=48dca8a0c4ab2726
3121,0,Navarra Venues,Wait Staff,"Sydney CBD, NSW",,2026-08-06,jora,filtered,https://au.jora.com/job/Wait-Staff-7d24326a1e32d6f4285daad05acd1187
3123,0,Amicus Legal Recruitment,Office & Corporate Services Manager | CBD Law Firm,"Melbourne, VIC",,2026-08-06,jora,filtered,https://au.jora.com/job/Corporate-Services-Manager-99f3a94508d2da79cba4e73990b95d73
3130,0,Lawson Elliott Recruitment,Senior Financial Accountant,"Sydney CBD, NSW","$130,000 - $140,000 /yearly",2026-08-06,jora,filtered,https://au.jora.com/job/Financial-Accountant-1c1ef031d8197bf42f85d0aa6604a8f2
3141,0,Martinus,Senior Financial Accountant,"Sydney CBD, NSW",,2026-08-06,jora,filtered,https://au.jora.com/job/Financial-Accountant-87b9e9c78235e3879f3e9bb22dd38132
3165,0,Fisher Leadership,Chief People Officer,Victoria,,2026-08-06,jora,filtered,https://au.jora.com/job/Chief-People-Officer-029c10c05014808acf084bff4c8ea35c
3190,0,City of Parramatta,Customer Service Team Leader,"Parramatta, NSW","$108,795 /yearly",2026-08-06,jora,filtered,https://au.jora.com/job/Customer-Service-Team-Leader-7c56e2d78d61468ca6a753cab71c30af
3195,0,BAH Partners,"Software Engineer | Python, C++ & Front-Office Trading | Hong Kong or Sydney","Sydney, New South Wales",,2026-08-06,linkedin,filtered,https://www.linkedin.com/jobs/view/4449380328
3197,0,TechnologyOne,Backend Developer - Integration,"Melbourne, Victoria",,2026-08-06,linkedin,filtered,https://www.linkedin.com/jobs/view/4449993279
3198,0,Smartgroup,Product Owner,"Sydney, New South Wales",,2026-08-06,linkedin,filtered,https://www.linkedin.com/jobs/view/4450226234
3199,0,Fat Zebra,Product Manager (Payments),"Sydney, New South Wales",,2026-08-06,linkedin,filtered,https://www.linkedin.com/jobs/view/4450205527
3202,0,NAB - National Australia Bank,"Principal Engineer, Platform Engineering","Sydney, NSW",,2026-08-06,indeed,filtered,https://au.indeed.com/viewjob?jk=6912e65ca7eedb34
3206,0,Syneos Health,SCRA II- FSP (Melbourne/ Sydney),(Remote),,2026-08-06,indeed,filtered,https://au.indeed.com/viewjob?jk=87c22b678dcc007e
3207,0,Commonwealth Bank of Australia,"Staff Platform Engineer, Payments Technology","Sydney, NSW",,2026-08-06,indeed,filtered,https://au.indeed.com/viewjob?jk=73afb82cc6e8e921
3212,0,SustainRecruit,Senior .NET Engineer (Primarily Remote),(Remote),,2026-08-06,linkedin,filtered,https://www.linkedin.com/jobs/view/4448083574
3240,0,Boortmalt,Accounts Receivable & Payable Officer,"Melbourne, VIC",,2026-08-06,jora,filtered,https://au.jora.com/job/Accounts-Receivable-Payable-0292c4018dc8a4ea685babb4a8f6dc38
3275,0,Macquarie Group,Software Engineer,"Sydney, New South Wales, (Remote)",,2026-08-06,linkedin,filtered,https://www.linkedin.com/jobs/view/4448405815
3277,0,"Docker, Inc",Staff Solutions Architect (Australia),(Remote),,2026-08-06,linkedin,filtered,https://www.linkedin.com/jobs/view/4440994584
3283,0,Tech Aalto,Agentic AI Engineer – Tech Lead,"Sydney, New South Wales",,2026-08-06,linkedin,filtered,https://www.linkedin.com/jobs/view/4449395289
3284,0,Microsoft,Senior Software Engineer,"Sydney, New South Wales",,2026-08-06,linkedin,filtered,https://www.linkedin.com/jobs/view/4450242424
3290,0,Australian Government,Senior Executive Lawyer - DR Monetary Claims,"Sydney, NSW",,2026-08-06,indeed,filtered,https://au.indeed.com/viewjob?jk=9a312cbeaa172026
3291,0,Australian Government,Senior Executive Lawyer - DR Civil Regulation,"Sydney, NSW",,2026-08-06,indeed,filtered,https://au.indeed.com/viewjob?jk=29a7adb45af77a3f
3292,0,Arkeus,Data Engineer,"Port Melbourne, Victoria",,2026-08-06,linkedin,filtered,https://www.linkedin.com/jobs/view/4448418039
3344,0,LEAP Legal Software,Software Engineer,"Sydney, New South Wales",,2026-08-06,linkedin,filtered,https://www.linkedin.com/jobs/view/4440643419
3346,0,Hatch,Graduate Engineer - Digital - Brisbane (2027),"Brisbane, Queensland",,2026-08-06,linkedin,filtered,https://www.linkedin.com/jobs/view/4438466451
3348,0,Epsilon,Software Engineer,"Brisbane, Queensland",,2026-08-06,linkedin,filtered,https://www.linkedin.com/jobs/view/4449764070
3351,0,LEAP Legal Software,Product Manager,"Sydney, New South Wales",,2026-08-06,linkedin,filtered,https://www.linkedin.com/jobs/view/4440641451
3352,0,Equifax,Product Manager (Identity Products),"Sydney, New South Wales",,2026-08-06,linkedin,filtered,https://www.linkedin.com/jobs/view/4413172953
3353,0,TikTok,"Product Solutions & Operations - Commerce, TikTok AUS","Sydney, New South Wales",,2026-08-06,linkedin,rejected,https://www.linkedin.com/jobs/view/4449737917
3354,0,Linktree,"Staff Software Engineer, AI Experiences & Agents","Sydney, New South Wales, (Remote)",,2026-08-06,linkedin,filtered,https://www.linkedin.com/jobs/view/4440292052
3355,0,Linktree,"Staff Software Engineer, AI Experiences & Agents","Melbourne, Victoria, (Remote)",,2026-08-06,linkedin,filtered,https://www.linkedin.com/jobs/view/4440272918
3356,0,Appian,Associate Solution Engineer,"Sydney, New South Wales",,2026-08-06,linkedin,filtered,https://www.linkedin.com/jobs/view/4422457210
3357,0,Workday,Principal Enterprise Architect,"North Sydney, New South Wales, (Remote)",,2026-08-06,linkedin,filtered,https://www.linkedin.com/jobs/view/4438488132
3358,0,Airtasker,Senior Software Engineer,"Greater Sydney Area, (Remote)",,2026-08-06,linkedin,filtered,https://www.linkedin.com/jobs/view/4438476523
3359,0,Relevance AI,Staff AI Platform Engineer,"Sydney, NSW",,2026-08-06,indeed,filtered,https://au.indeed.com/viewjob?jk=393a4e8cfb182de0
3360,0,Midnite,Senior Platform Engineer,(Remote),,2026-08-06,linkedin,filtered,https://www.linkedin.com/jobs/view/4440286328
3362,0,Advanced Navigation,Chief Operating Officer,"Sydney, NSW",,2026-08-06,indeed,filtered,https://au.indeed.com/viewjob?jk=4f4c1f7f462bc9be
3433,0,Elastic,Senior Solution Architect - Sydney based,"Sydney, New South Wales",,2026-08-06,linkedin,filtered,https://www.linkedin.com/jobs/view/4450292198
3434,0,Google,"Product Manager, Exceptions Management","Sydney, New South Wales",,2026-08-06,linkedin,filtered,https://www.linkedin.com/jobs/view/4449767308
3435,0,Neogen Corporation,Software Product Owner,"Oakdale, New South Wales",,2026-08-06,linkedin,filtered,https://www.linkedin.com/jobs/view/4449789586
3438,0,XPT Software Australia,Prompt Engineer,"Sydney, New South Wales",,2026-08-06,linkedin,filtered,https://www.linkedin.com/jobs/view/4449981170
3440,0,Envato,Senior Engineer,(Remote),,2026-08-06,linkedin,filtered,https://www.linkedin.com/jobs/view/4438489203
3441,0,Macquarie Group,Software Engineer,"Melbourne, Victoria, (Remote)",,2026-08-06,linkedin,filtered,https://www.linkedin.com/jobs/view/4448438367
3443,0,EngRadar,Senior Software Engineer,"Greater Sydney Area, (Remote)",,2026-08-06,linkedin,filtered,https://www.linkedin.com/jobs/view/4450298205
3445,0,CoStar Group,Data Engineer,"Pyrmont, New South Wales",,2026-08-06,linkedin,filtered,https://www.linkedin.com/jobs/view/4438205330
3529,0,Bright Network Consulting,Data Engineering Intern,(Remote),,2026-08-06,linkedin,rejected,https://www.linkedin.com/jobs/view/4448467767
3542,0,Mane Consulting,Principal AI Engineer,"Eveleigh, New South Wales",,2026-08-06,linkedin,filtered,https://www.linkedin.com/jobs/view/4450652698
3543,0,LAB3,Senior Engineer - AI,"Sydney, New South Wales, (Remote)",,2026-08-06,linkedin,filtered,https://www.linkedin.com/jobs/view/4449759488
3544,0,Xero,Senior Software Engineer,"Melbourne, Victoria, (Remote)",,2026-08-06,linkedin,filtered,https://www.linkedin.com/jobs/view/4449966464
3686,0,Relevance AI,Staff AI Application Security Engineer,"Sydney, NSW",,2026-08-06,indeed,filtered,https://au.indeed.com/viewjob?jk=9b5c562e0bc288ed
3688,0,Eaton,National Service Operations Manager,"Mascot, NSW, (Remote)",,2026-08-06,indeed,filtered,https://au.indeed.com/viewjob?jk=86ebd5df5f1f5755
3841,0,Google,"Security Customer Engineer, Google Cloud","Sydney, New South Wales",,2026-08-06,linkedin,filtered,https://www.linkedin.com/jobs/view/4449755166
3913,0,Tech Data APAC,Solutions Architect - Unified Communications,"Macquarie Park, New South Wales",,2026-08-06,linkedin,filtered,https://www.linkedin.com/jobs/view/4444145164
4055,0,Alignerr,Frontend TypeScript Engineer (AI Training),"Sydney, New South Wales, (Remote)",,2026-08-06,linkedin,rejected,https://www.linkedin.com/jobs/view/4449942676
4056,0,Reapit Australia & New Zealand,Forward Deployed Engineer,"Sydney, New South Wales",,2026-08-06,linkedin,filtered,https://www.linkedin.com/jobs/view/4449378412
4064,0,Macquarie Group,Global Head of Applied AI & Decision Systems - Commodities & Global Markets,"Sydney, New South Wales, (Remote)",,2026-08-06,linkedin,filtered,https://www.linkedin.com/jobs/view/4449357463
4124,0,TikTok,Site Reliability Engineer - Infrastructure,"Sydney, New South Wales",,2026-08-06,linkedin,rejected,https://www.linkedin.com/jobs/view/4449771983
4126,0,Peoplebank,Software Engineer,"Sydney, New South Wales",,2026-08-06,linkedin,filtered,https://www.linkedin.com/jobs/view/4450234218
4128,0,Alignerr,Software Engineer – Machine Learning (AI Training),"Sydney, New South Wales, (Remote)",,2026-08-06,linkedin,rejected,https://www.linkedin.com/jobs/view/4449960545
4133,0,Simpro Software,Intermediate Full Stack Engineer | Full Stack | AI-Powered Development,"Eight Mile Plains, Queensland",,2026-08-06,linkedin,filtered,https://www.linkedin.com/jobs/view/4438537648
4141,0,NEC Australia,Product Solutions Engineer - Public Safety,"Sydney, New South Wales",,2026-08-06,linkedin,filtered,https://www.linkedin.com/jobs/view/4449326535
4150,0,Airwallex,"Staff Software Engineer, Business Accounts","Sydney, New South Wales",,2026-08-06,linkedin,filtered,https://www.linkedin.com/jobs/view/4412797369
4262,0,Macquarie Group,Senior Fullstack AI and Automation Engineer,"Sydney, New South Wales, (Remote)",,2026-08-06,linkedin,filtered,https://www.linkedin.com/jobs/view/4412640046
4263,0,Relevance AI,Staff AI Platform Engineer,"Sydney, New South Wales",,2026-08-06,linkedin,filtered,https://www.linkedin.com/jobs/view/4450282252
2193,0,Alignerr,Back End Developer (AI Infrastructure),"Sydney, New South Wales, (Remote)",,2026-08-05,linkedin,rejected,https://www.linkedin.com/jobs/view/4449410953
2200,0,Alignerr,Back End Developer (AI Infrastructure),"Melbourne, Victoria, (Remote)",,2026-08-05,linkedin,rejected,https://www.linkedin.com/jobs/view/4449414899
2213,0,Commonwealth Bank,"Senior Software Engineer, x15ventures","Sydney, New South Wales",,2026-08-05,linkedin,filtered,https://www.linkedin.com/jobs/view/4449417418
2274,0,Rotor Studios,Senior Full Stack Developer [Freelance],"North Sydney, New South Wales",,2026-08-05,linkedin,filtered,https://www.linkedin.com/jobs/view/4448917160
2275,0,Quantium,Senior Full Stack Engineer - Checkout,"Sydney, New South Wales, (Remote)",,2026-08-05,linkedin,filtered,https://www.linkedin.com/jobs/view/4449415263
2277,0,International Convention Centre Sydney (ICC Sydney),AI Solutions Developer,"Sydney, New South Wales",,2026-08-05,linkedin,filtered,https://www.linkedin.com/jobs/view/4448912549
2288,0,Alignerr,Senior Software Engineer (AI Infrastructure),"Sydney, New South Wales, (Remote)",,2026-08-05,linkedin,rejected,https://www.linkedin.com/jobs/view/4449412927
2295,0,XPT Software Australia,AI Consultant,"Sydney, New South Wales",,2026-08-05,linkedin,filtered,https://www.linkedin.com/jobs/view/4448908791
2296,0,Infosys Consulting,AI Architect,"Sydney, New South Wales",,2026-08-05,linkedin,filtered,https://www.linkedin.com/jobs/view/4448916728
2303,0,Quantium,Senior Engineer - Developer Experience,"Sydney, New South Wales, (Remote)",,2026-08-05,linkedin,filtered,https://www.linkedin.com/jobs/view/4449405694
2304,0,navigAI8,Senior GO Developer,"Sydney, New South Wales",,2026-08-05,linkedin,filtered,https://www.linkedin.com/jobs/view/4448583897
2324,0,89 Solutions,Senior AI Engineer (Australia) Remote,(Remote),,2026-08-05,linkedin,filtered,https://www.linkedin.com/jobs/view/4449437268
2339,0,NexVenture,Analytics Engineer,"Sydney, New South Wales",,2026-08-05,linkedin,filtered,https://www.linkedin.com/jobs/view/4442003802
2349,0,Profusion,Enterprise Analytics Engineer,"Sydney, New South Wales",,2026-08-05,linkedin,filtered,https://www.linkedin.com/jobs/view/4448917146
2350,0,CareCone Group,Data Engineer (Salesforce Data Cloud + Databricks & Decisioning),"Sydney, New South Wales",,2026-08-05,linkedin,filtered,https://www.linkedin.com/jobs/view/4448913812
2354,0,Robert Half,Senior Accountant,"Sydney CBD, NSW","$115,000 - $135,000 /yearly",2026-08-05,jora,filtered,https://au.jora.com/job/Accountant-248984ec7fd6758624eb4840da02d3b7
2369,0,Robert Half,Senior Accountant,"Melbourne, VIC","$115,000 - $135,000 /yearly",2026-08-05,jora,filtered,https://au.jora.com/job/Accountant-ed93c4d4a929985049673577ff844dd2
2382,0,Cuisine Corp Australia,"Accounts Officer - AR, AP & Payroll","Caringbah, NSW","$65,000 - $75,000 /yearly",2026-08-05,jora,filtered,https://au.jora.com/job/Accounts-Officer-AR-8728e32ac4a7e729a6b535ecbf027217
2398,0,Syncarpia Recruitment,Senior Finance Manager - Property Development,"Sydney CBD, NSW",,2026-08-05,jora,filtered,https://au.jora.com/job/Senior-Finance-Manager-cedd13d2bc6ef5682f30cfa9d4af7f84
2400,0,SLCB Management,Bar Casuals - Bar Staff 2 shifts a week,"Erskineville, NSW",,2026-08-05,jora,filtered,https://au.jora.com/job/Bar-Casuals-Bar-0282fee650135028d19c3b9c5f2c85ff
2429,0,Tech Aalto,Python Backend Developer,"Sydney, New South Wales",,2026-08-05,linkedin,filtered,https://www.linkedin.com/jobs/view/4448952695
2433,0,Eftsure,Senior Software Engineer,"North Sydney, New South Wales",,2026-08-05,linkedin,filtered,https://www.linkedin.com/jobs/view/4447343194
2434,0,Expert360,Senior Software Engineer,"Sydney, New South Wales",,2026-08-05,linkedin,filtered,https://www.linkedin.com/jobs/view/4448931632
2436,0,Choice Ventures,Senior Solutions Engineer,"Sydney, New South Wales",,2026-08-05,linkedin,filtered,https://www.linkedin.com/jobs/view/4448911954
2443,0,BURGEON IT SERVICES,Product Data Manager,"Sydney, New South Wales",,2026-08-05,linkedin,filtered,https://www.linkedin.com/jobs/view/4447335810
2445,0,Nuix,Product Manager,"Sydney, New South Wales, (Remote)",,2026-08-05,linkedin,filtered,https://www.linkedin.com/jobs/view/4448934369
2453,0,Asseti,Senior Full-Stack Engineer,"Surry Hills, New South Wales",,2026-08-05,linkedin,filtered,https://www.linkedin.com/jobs/view/4448923558
2460,0,Kaizen Global Technologies,Ping Developer,"Sydney, New South Wales",,2026-08-05,linkedin,filtered,https://www.linkedin.com/jobs/view/4448924852
2462,0,ALOIS Australia,Senior Full Stack & AI Engineer,"Sydney, New South Wales",,2026-08-05,linkedin,filtered,https://www.linkedin.com/jobs/view/4447343307
2465,0,Alignerr,Software Engineer (AI Training),"Melbourne, Victoria, (Remote)",,2026-08-05,linkedin,rejected,https://www.linkedin.com/jobs/view/4449425275
2467,0,Alignerr,Software Engineer (AI Training),"Brisbane, Queensland, (Remote)",,2026-08-05,linkedin,rejected,https://www.linkedin.com/jobs/view/4449411918
2474,0,AECOM,Structural Engineer (Buildings),"Sydney, NSW, (Remote)",,2026-08-05,indeed,filtered,https://au.indeed.com/viewjob?jk=d9e04eaf4ab6653d
2482,0,GroupM,Experience Associate Director,"Sydney, NSW",,2026-08-05,indeed,filtered,https://au.indeed.com/viewjob?jk=0a3f935a7f128070
2522,0,CSG,Intermediate Java Software Developer,(Remote),,2026-08-05,indeed,filtered,https://au.indeed.com/viewjob?jk=4a493da43c0a2441
2526,0,Toyota Finance Australia,Senior Data Engineer,"Sydney, New South Wales",,2026-08-05,linkedin,filtered,https://www.linkedin.com/jobs/view/4448915916
2531,0,TheDriveGroup,Senior Full Stack Software Engineer - Typescript 🚀,"Sydney, New South Wales",,2026-08-05,linkedin,filtered,https://www.linkedin.com/jobs/view/4448963064
2534,0,MyCISO,Head of AI Engineering,"Sydney, New South Wales",,2026-08-05,linkedin,filtered,https://www.linkedin.com/jobs/view/4447341437
2548,0,DMC Recruitment,Senior Financial Analyst,"Sydney, NSW","$160,000 - $170,000 /yearly",2026-08-05,jora,filtered,https://au.jora.com/job/Financial-Analyst-8e4eb540630a2b85383e7df1d25bc753
2570,0,Robert Half,Senior Accountant,"Sydney, NSW","$115,000 - $135,000 /yearly",2026-08-05,jora,filtered,https://au.jora.com/job/Accountant-04bf5069320f0b41f90d4d9ff73fe000
2611,0,Parlai Communications Group,AI Full Stack Developer,"Greater Sydney Area, (Remote)",,2026-08-05,linkedin,filtered,https://www.linkedin.com/jobs/view/4449446658
2612,0,Commonwealth Bank,"Software Engineers, AI Venturing (Senior/ Staff / Principal Level), x15ventures","Sydney, New South Wales",,2026-08-05,linkedin,filtered,https://www.linkedin.com/jobs/view/4448959326
2613,0,Touring Capital,Principal Developer,"Sydney, New South Wales",,2026-08-05,linkedin,filtered,https://www.linkedin.com/jobs/view/4448975329
2615,0,Single O,Full Stack Developer,"Botany, New South Wales",,2026-08-05,linkedin,filtered,https://www.linkedin.com/jobs/view/4448969691
2618,0,Fujitsu,Principal Solution Architect - Enterprise and Commercial,"Barton, Australian Capital Territory",,2026-08-05,linkedin,filtered,https://www.linkedin.com/jobs/view/4445687019
2621,0,x15ventures,"Software Engineers, AI Venturing (Senior/ Staff / Principal Level)","Sydney, New South Wales",,2026-08-05,linkedin,filtered,https://www.linkedin.com/jobs/view/4447361448
2623,0,Device Technologies,Product Specialist/Territory Manager - INR,"Sydney, New South Wales",,2026-08-05,linkedin,filtered,https://www.linkedin.com/jobs/view/4447374398
2624,0,me&u,Senior Product Manager - Payments,"Sydney, New South Wales, (Remote)",,2026-08-05,linkedin,filtered,https://www.linkedin.com/jobs/view/4448956594
2627,0,Freelancer.com,Director of Engineering,"Sydney, NSW",,2026-08-05,indeed,filtered,https://au.indeed.com/viewjob?jk=442c8fe1c1aef534
2630,0,Smartsheet,"Account Executive, Strategic - Asia (12 month FTC)","Sydney, NSW, (Remote)",,2026-08-05,indeed,filtered,https://au.indeed.com/viewjob?jk=876c5e9a9c8bf774
2631,0,SustainRecruit,Senior Product Engineer,Unknown,,2026-08-05,linkedin,filtered,https://www.linkedin.com/jobs/view/4448957300
2634,0,SOFICO,Senior Software Engineer,"Macquarie Park, New South Wales, (Remote)",,2026-08-05,linkedin,filtered,https://www.linkedin.com/jobs/view/4448961267
2635,0,Rest,Senior ID Entra Engineer,"Sydney, New South Wales",,2026-08-05,linkedin,filtered,https://www.linkedin.com/jobs/view/4448959385
2642,0,CareCone Group,Sr Data Engineer (AWS),"Sydney, New South Wales",,2026-08-05,linkedin,filtered,https://www.linkedin.com/jobs/view/4448978182
2649,0,Lendlease,Senior Finance Manager,"Sydney CBD, NSW",,2026-08-05,jora,filtered,https://au.jora.com/job/Finance-Manager-148c8e837e816cc4bb55321475829e18
2672,0,CSR Limited,Customer Service Officer - Ingleburn,"Ingleburn, NSW",,2026-08-05,jora,filtered,https://au.jora.com/job/Customer-Service-Officer-88fa6f39c869f26a669d554cf1210ce6
2702,0,TikTok,Software Engineer Intern (Multimedia Arch-Live) - 2027 Start (BS/MS),"Sydney, New South Wales",,2026-08-05,linkedin,rejected,https://www.linkedin.com/jobs/view/4439959796
2706,0,IMC Trading,Python Software Engineer,"Sydney, New South Wales",,2026-08-05,linkedin,filtered,https://www.linkedin.com/jobs/view/4430887449
2708,0,Macquarie Group,Java Engineer,"Sydney, New South Wales, (Remote)",,2026-08-05,linkedin,filtered,https://www.linkedin.com/jobs/view/4447390501
2711,0,Bridgit,Tech Lead - Financial Services / Lending,"Sydney, New South Wales, (Remote)",,2026-08-05,linkedin,filtered,https://www.linkedin.com/jobs/view/4446749416
2717,0,Avigma Tech LLC,Appian Solution Lead | Australia | Contract,"Sydney, New South Wales",,2026-08-05,linkedin,filtered,https://www.linkedin.com/jobs/view/4449101436
2721,0,Infosys,Intern,"Melbourne, Victoria",,2026-08-05,linkedin,filtered,https://www.linkedin.com/jobs/view/4447380533
2722,0,Confidential,Data Engineering Intern,(Remote),,2026-08-05,linkedin,rejected,https://www.linkedin.com/jobs/view/4447392102
2725,0,TikTok,Hyper-Edge Technology Development Engineer Intern (Data Application) - 2027 Start (BS/MS),"Sydney, New South Wales",,2026-08-05,linkedin,rejected,https://www.linkedin.com/jobs/view/4439824936
2728,0,LAB3,Senior Full Stack Developer,"Sydney, New South Wales, (Remote)",,2026-08-05,linkedin,filtered,https://www.linkedin.com/jobs/view/4437569590
2729,0,Zurich Australia,Senior Full Stack Engineer,"North Sydney, New South Wales",,2026-08-05,linkedin,filtered,https://www.linkedin.com/jobs/view/4439999262
2739,0,Google,"Forward Deployed Engineer III, Gen AI, Retail","Sydney, New South Wales",,2026-08-05,linkedin,filtered,https://www.linkedin.com/jobs/view/4439882313
2740,0,LAB3,Senior Engineer - AI,"Sydney, New South Wales, (Remote)",,2026-08-05,linkedin,filtered,https://www.linkedin.com/jobs/view/4448996382
2741,0,Relevance AI,Staff AI Product Engineer,"Sydney, New South Wales",,2026-08-05,linkedin,filtered,https://www.linkedin.com/jobs/view/4449449896
2742,0,Kaizen Global Technologies,AI  Engineer (COBOL/Java),"Sydney, New South Wales",,2026-08-05,linkedin,filtered,https://www.linkedin.com/jobs/view/4448989711
2743,0,Talenza,Full Stack Developer,"Brisbane, Queensland",,2026-08-05,linkedin,filtered,https://www.linkedin.com/jobs/view/4447369054
2745,0,Aurecon Group,Senior Flood Engineer,"Sydney, NSW",,2026-08-05,indeed,filtered,https://au.indeed.com/viewjob?jk=ebde72f0c813f645
2746,0,Audinate Pty Ltd,Principal Engineer - Platform,"Sydney, NSW",,2026-08-05,indeed,filtered,https://au.indeed.com/viewjob?jk=da21702c8a16ffbf
2749,0,Transport for NSW,Senior Program & Governance Officer,"Mascot, NSW",,2026-08-05,indeed,filtered,https://au.indeed.com/viewjob?jk=bc2f737d84cdac82
2751,0,Australian Government,Senior Executive Lawyer - DR Civil Regulation,"Sydney, NSW",,2026-08-05,indeed,filtered,https://au.indeed.com/viewjob?jk=3e442bf6b3534530
2752,0,Australian Government,Senior Executive Lawyer - DR Monetary Claims,"Sydney, NSW",,2026-08-05,indeed,filtered,https://au.indeed.com/viewjob?jk=bea25d3fe66afd3f
2753,0,Tyro Payments,Senior Product Manager- Tyro Accounting,"Sydney, NSW, (Remote)",,2026-08-05,indeed,filtered,https://au.indeed.com/viewjob?jk=b3e8ecd3be3b0ed1
2756,0,TikTok,Hyper-Edge Technology Development Engineer Graduate (Data Application) - 2027 Start (BS/MS),"Sydney, New South Wales",,2026-08-05,linkedin,rejected,https://www.linkedin.com/jobs/view/4439832535
2765,0,Jobfu,Data Analyst,"Sydney, New South Wales, (Remote)",,2026-08-05,linkedin,filtered,https://www.linkedin.com/jobs/view/4449106047
2878,0,Infomedia,Solution Architect,"Sydney, New South Wales",,2026-08-05,linkedin,filtered,https://www.linkedin.com/jobs/view/4449133692
2880,0,Accenture Australia,Snowflake Solutions Architect,"Sydney, New South Wales",,2026-08-05,linkedin,filtered,https://www.linkedin.com/jobs/view/4449134343
2885,0,Digital Realty,Manager Solution Architecture,"Sydney, New South Wales",,2026-08-05,linkedin,filtered,https://www.linkedin.com/jobs/view/4439873906
2889,0,Deepgram,Senior Pre-Sales Engineer (Australia),"Sydney, New South Wales, (Remote)",,2026-08-05,linkedin,filtered,https://www.linkedin.com/jobs/view/4449304957
2892,0,Google,"Forward Deployed Engineer, GenAI, Financial Services","Sydney, New South Wales",,2026-08-05,linkedin,filtered,https://www.linkedin.com/jobs/view/4449132356
2894,0,Accenture Australia,AI LLM Senior Engineer,"Sydney, New South Wales",,2026-08-05,linkedin,filtered,https://www.linkedin.com/jobs/view/4449138216
2895,0,ALOIS UK,SENIOR FULL STACK & AI ENGINEER,"Sydney, New South Wales",,2026-08-05,linkedin,filtered,https://www.linkedin.com/jobs/view/4449624462
2896,0,Macquarie Group,Senior Software / AI Engineer,"Sydney, New South Wales, (Remote)",,2026-08-05,linkedin,filtered,https://www.linkedin.com/jobs/view/4428212313
2898,0,Accenture Australia,AI/ML Computational Scientist,"Sydney, New South Wales",,2026-08-05,linkedin,filtered,https://www.linkedin.com/jobs/view/4449152007
2899,0,Cognition,Applied AI Transformation Manager - ANZ,"Sydney, New South Wales",,2026-08-05,linkedin,filtered,https://www.linkedin.com/jobs/view/4448041504
2900,0,Infomedia,Senior Developer,"Sydney, New South Wales",,2026-08-05,linkedin,filtered,https://www.linkedin.com/jobs/view/4449140526
2904,0,iSOFT,D365 Business Central (AL Developer and Finance & Ops - Techno-Functional LEAD),"Sydney, New South Wales",,2026-08-05,linkedin,filtered,https://www.linkedin.com/jobs/view/4449308818
2905,0,Lorikeet,Senior Software Engineer,"Sydney, NSW",,2026-08-05,indeed,filtered,https://au.indeed.com/viewjob?jk=40288faae871cc95
2906,0,Google,"Forward Deployed Engineer, GenAI, Financial Services","Sydney, NSW",,2026-08-05,indeed,filtered,https://au.indeed.com/viewjob?jk=08ee4367e9f1e43e
2907,0,Relevance AI,Senior AI Product Engineer,"Sydney, NSW",,2026-08-05,indeed,filtered,https://au.indeed.com/viewjob?jk=7053e1c6192ad57d
2909,0,Relevance AI,Staff AI Product Engineer,"Sydney, NSW",,2026-08-05,indeed,filtered,https://au.indeed.com/viewjob?jk=1e84d78410e9107d
2912,0,NinjaTech AI,Senior Full Stack Engineer - Agent Experience,"Sydney, NSW",,2026-08-05,indeed,filtered,https://au.indeed.com/viewjob?jk=e0bc8a2922fbae2d
2913,0,Deepgram,Senior Pre-Sales Engineer (Australia),"Sydney, NSW, (Remote)",,2026-08-05,indeed,filtered,https://au.indeed.com/viewjob?jk=fdf167e3bed2f511
2914,0,Palo Alto Networks,Enterprise Customer Success Manager,"Sydney, NSW",,2026-08-05,indeed,filtered,https://au.indeed.com/viewjob?jk=c3baf9eebd6e7a4f
2915,0,Tata Consultancy Services (TCS),AI Engineer,"Sydney, NSW",,2026-08-05,indeed,filtered,https://au.indeed.com/viewjob?jk=1c4739b42caa9d97
2917,0,Datacom,Senior Endpoint Engineering Specialist,"Sydney, New South Wales, (Remote)",,2026-08-05,linkedin,filtered,https://www.linkedin.com/jobs/view/4432471828
2920,0,Macquarie Group,Data Engineer,"Sydney, New South Wales, (Remote)",,2026-08-05,linkedin,filtered,https://www.linkedin.com/jobs/view/4431205613
2921,0,Profusion,Marketing Data Engineer,"Sydney, New South Wales",,2026-08-05,linkedin,filtered,https://www.linkedin.com/jobs/view/4449321555
3011,0,SMEC,Experienced Engineer – Roads & Highways,"Sydney, NSW",,2026-08-05,indeed,filtered,https://au.indeed.com/viewjob?jk=220b03245ff6a164
3012,0,SMEC,Senior Engineer – Roads & Highways,"Sydney, NSW",,2026-08-05,indeed,filtered,https://au.indeed.com/viewjob?jk=e551bf49630bf34e
3018,0,Mable,Front-End Engineer,"Sydney, New South Wales, (Remote)",,2026-08-05,linkedin,filtered,https://www.linkedin.com/jobs/view/4438024692
3110,0,Accenture Australia,Data Engineer,"Melbourne, Victoria",,2026-08-05,linkedin,filtered,https://www.linkedin.com/jobs/view/4449133381
3286,0,LAB3,Senior Full Stack Developer,"Queensland, (Remote)",,2026-08-05,linkedin,filtered,https://www.linkedin.com/jobs/view/4437554991
4134,0,Healius Limited,Analyst Programmer,"Murarrie, Queensland, (Remote)",,2026-08-05,linkedin,filtered,https://www.linkedin.com/jobs/view/4438084178
4145,0,Bridgit,Senior Product Manager - Lending,"Sydney, New South Wales, (Remote)",,2026-08-05,linkedin,filtered,https://www.linkedin.com/jobs/view/4421686884
4260,0,Google,"Forward Deployed Engineer, GenAI, Financial Services","Melbourne, Victoria",,2026-08-05,linkedin,filtered,https://www.linkedin.com/jobs/view/4449139096
2139,0,Pivot Wealth,Junior Full Stack Engineer,"Sydney, New South Wales",,2026-08-04,linkedin,filtered,https://www.linkedin.com/jobs/view/4446273418
2140,0,TikTok,Backend Software Engineer Graduate (Multimedia Platform) - 2027 Start (BS/MS),"Sydney, New South Wales",,2026-08-04,linkedin,rejected,https://www.linkedin.com/jobs/view/4436524858
2141,0,TikTok,Backend Software Engineer Graduate (Trust and Safety Engineering) - 2027 Start (BS/MS),"Sydney, New South Wales",,2026-08-04,linkedin,rejected,https://www.linkedin.com/jobs/view/4371515512
2145,0,Macquarie Group,Junior Developer and Analytics,"Sydney, New South Wales, (Remote)",,2026-08-04,linkedin,filtered,https://www.linkedin.com/jobs/view/4448812151
2155,0,Ubank,Platform Engineer,"Sydney, New South Wales",,2026-08-04,linkedin,filtered,https://www.linkedin.com/jobs/view/4440379108
2157,0,Novus Recruitment Solutions,Software Engineer | Energy Trading Hedge Fund,"Sydney, New South Wales",,2026-08-04,linkedin,filtered,https://www.linkedin.com/jobs/view/4446285404
2160,0,Lyra,Forward Deployed Engineer,"Sydney, New South Wales",,2026-08-04,linkedin,filtered,https://www.linkedin.com/jobs/view/4448819073
2163,0,TikTok,"Frontend Software Engineer, TikTok LIVE - Australia","Sydney, New South Wales",,2026-08-04,linkedin,rejected,https://www.linkedin.com/jobs/view/4448572050
2164,0,TikTok,Frontend Software Engineer Graduate (TikTok Foundation) - 2027 Start (BS/MS),"Sydney, New South Wales, (Remote)",,2026-08-04,linkedin,rejected,https://www.linkedin.com/jobs/view/4438324460
2166,0,TikTok,Backend Software Engineer Graduate (TikTok Foundation) - 2027 Start (BS/MS),"Sydney, New South Wales, (Remote)",,2026-08-04,linkedin,rejected,https://www.linkedin.com/jobs/view/4437554726
2167,0,TikTok,Software Engineer Graduate (Multimedia Arch-Live) - 2027 Start (BS/MS),"Sydney, New South Wales",,2026-08-04,linkedin,rejected,https://www.linkedin.com/jobs/view/4437019594
2168,0,TikTok,Mobile Software Engineer Graduate (TikTok Foundation) - 2027 Start (BS/MS),"Sydney, New South Wales",,2026-08-04,linkedin,rejected,https://www.linkedin.com/jobs/view/4438328060
2173,0,TikTok,"Software Engineer Intern (Multimedia Framework, C++) - 2027 Start (BS/MS)","Sydney, New South Wales",,2026-08-04,linkedin,rejected,https://www.linkedin.com/jobs/view/4439141820
2175,0,TikTok,Frontend Software Engineer Intern (TikTok Foundation) - 2027 Start (BS/MS),"Sydney, New South Wales, (Remote)",,2026-08-04,linkedin,rejected,https://www.linkedin.com/jobs/view/4438322557
2176,0,TikTok,"Software Engineer Intern, (TikTok Live) - 2027 Start (BS/MS)","Sydney, New South Wales, (Remote)",,2026-08-04,linkedin,rejected,https://www.linkedin.com/jobs/view/4439152443
2177,0,TikTok,Backend Software Engineer Intern (TikTok Foundation) - 2027 Start (BS/MS),"Sydney, New South Wales, (Remote)",,2026-08-04,linkedin,rejected,https://www.linkedin.com/jobs/view/4438308954
2178,0,TikTok,Backend Software Engineer Intern (Data Trust and Safety) - 2027 Start (BS/MS),"Sydney, New South Wales",,2026-08-04,linkedin,rejected,https://www.linkedin.com/jobs/view/4380094470
2179,0,TikTok,Frontend Engineer Intern (TikTok LIVE) - 2027 Start (BS/MS),"Sydney, New South Wales, (Remote)",,2026-08-04,linkedin,rejected,https://www.linkedin.com/jobs/view/4372872484
2180,0,TikTok,Backend Engineer Intern (TikTok LIVE) - 2027 Start (BS/MS),"Sydney, New South Wales",,2026-08-04,linkedin,rejected,https://www.linkedin.com/jobs/view/4372871560
2182,0,TikTok,Site Reliability Engineer Intern (Technical Infrastructure) - 2027 Start (BS/MS),"Sydney, New South Wales",,2026-08-04,linkedin,rejected,https://www.linkedin.com/jobs/view/4437972851
2183,0,TikTok,Agent Development Engineer Intern (Media Network) - 2027 Start (BS/MS),"Sydney, New South Wales",,2026-08-04,linkedin,rejected,https://www.linkedin.com/jobs/view/4437008897
2184,0,TikTok,Intelligent Audio Algorithm Research Intern (Audio Innovation) - 2027 Start (PhD),"Sydney, New South Wales",,2026-08-04,linkedin,rejected,https://www.linkedin.com/jobs/view/4437006969
2197,0,SAM.Coach,Head of Engineering/Cofounder,"Sydney, New South Wales",,2026-08-04,linkedin,filtered,https://www.linkedin.com/jobs/view/4446698222
2209,0,CORTO,Senior Software Engineer,"Millers Point, New South Wales",,2026-08-04,linkedin,filtered,https://www.linkedin.com/jobs/view/4446272760
2210,0,Squiz,Senior Software Engineer,"Sydney, New South Wales",,2026-08-04,linkedin,filtered,https://www.linkedin.com/jobs/view/4448674596
2211,0,Ubank,Senior Software Engineer,"Sydney, New South Wales",,2026-08-04,linkedin,filtered,https://www.linkedin.com/jobs/view/4440512498
2212,0,Canva,Senior Software Engineer - Product & Features (Java),"Sydney, New South Wales, (Remote)",,2026-08-04,linkedin,filtered,https://www.linkedin.com/jobs/view/4440507569
2216,0,Google,"Enterprise Architect, Professional Services, Google Cloud","Sydney, New South Wales",,2026-08-04,linkedin,filtered,https://www.linkedin.com/jobs/view/4439838626
2217,0,Macquarie Group,Solution Architect,"Sydney, New South Wales, (Remote)",,2026-08-04,linkedin,filtered,https://www.linkedin.com/jobs/view/4431219554
2218,0,Microsoft,Cloud Solution Architect (CSA) - Cloud & AI (Global Accounts),"Sydney, New South Wales",,2026-08-04,linkedin,filtered,https://www.linkedin.com/jobs/view/4448878173
2220,0,UNSW,Senior Solutions Architect,"Sydney, New South Wales, (Remote)",,2026-08-04,linkedin,filtered,https://www.linkedin.com/jobs/view/4446281078
2221,0,Cognizant,AI Solution Architect,Greater Sydney Area,,2026-08-04,linkedin,filtered,https://www.linkedin.com/jobs/view/4448672984
2222,0,Advanced Navigation,Navigation Solutions Architect - APAC,"Sydney, New South Wales",,2026-08-04,linkedin,filtered,https://www.linkedin.com/jobs/view/4431216695
2224,0,Western Sydney University,Senior Solution Architect - Identity & Access Management (IDAM),"Parramatta, New South Wales",,2026-08-04,linkedin,filtered,https://www.linkedin.com/jobs/view/4448684102
2225,0,x15ventures,Senior Software Engineer,"Sydney, New South Wales",,2026-08-04,linkedin,filtered,https://www.linkedin.com/jobs/view/4449096486
2226,0,Alignerr,Senior Software Engineer — Agentic Coding,"Sydney, New South Wales, (Remote)",,2026-08-04,linkedin,rejected,https://www.linkedin.com/jobs/view/4448678303
2227,0,Google,"Practice Customer Engineer, Application Modernization","Sydney, New South Wales",,2026-08-04,linkedin,filtered,https://www.linkedin.com/jobs/view/4448296221
2231,0,World Wide Technology,Consulting Systems Engineer,"Sydney, New South Wales",,2026-08-04,linkedin,filtered,https://www.linkedin.com/jobs/view/4439814848
2237,0,Rockwell Automation,Solution Architect- Digital Enterprise Technology,"Lane Cove, New South Wales",,2026-08-04,linkedin,filtered,https://www.linkedin.com/jobs/view/4421609639
2238,0,FR Consultancy,Solution Architect,"Brisbane, Queensland",,2026-08-04,linkedin,filtered,https://www.linkedin.com/jobs/view/4448818338
2244,0,Rockwell Automation,Solution Architect- Digital Enterprise Technology,"Hawthorn, Victoria",,2026-08-04,linkedin,filtered,https://www.linkedin.com/jobs/view/4421611641
2246,0,Bridgit,Product Associate - Lending,"Sydney, New South Wales, (Remote)",,2026-08-04,linkedin,filtered,https://www.linkedin.com/jobs/view/4431687203
2256,0,Workyard,Senior Product Manager,"Surry Hills, New South Wales",,2026-08-04,linkedin,filtered,https://www.linkedin.com/jobs/view/4446268407
2257,0,Workyard,Senior Product Manager,"Sydney, New South Wales",,2026-08-04,linkedin,filtered,https://www.linkedin.com/jobs/view/4448826374
2259,0,Equifax,Data Product Owner,"Sydney, New South Wales, (Remote)",,2026-08-04,linkedin,filtered,https://www.linkedin.com/jobs/view/4430390043
2260,0,Xero,"Senior Product Manager, Mobile","Sydney, New South Wales",,2026-08-04,linkedin,filtered,https://www.linkedin.com/jobs/view/4448280312
2262,0,BNK Bank,Product Manager,"Sydney, New South Wales, (Remote)",,2026-08-04,linkedin,filtered,https://www.linkedin.com/jobs/view/4446272364
2268,0,TikTok,"Frontend Engineer Graduate, TikTok LIVE (Sydney) - 2027 Start (BS/MS)","Sydney, New South Wales, (Remote)",,2026-08-04,linkedin,rejected,https://www.linkedin.com/jobs/view/4390492789
2273,0,Globant,Senior Full Stack Engineer,"Sydney, New South Wales",,2026-08-04,linkedin,filtered,https://www.linkedin.com/jobs/view/4446641328
2276,0,Boyce,AI & Automation Engineer,"Sydney, New South Wales",,2026-08-04,linkedin,filtered,https://www.linkedin.com/jobs/view/4447315187
2279,0,TikTok,"Machine Learning Engineer Intern, Data Trust & Safety (Australia) - 2026 Start","Sydney, New South Wales",,2026-08-04,linkedin,rejected,https://www.linkedin.com/jobs/view/4262549092
2280,0,TikTok,Machine Learning Engineer Graduate (Trust and Safety Engineering) - 2027 Start (BS/MS),"Sydney, New South Wales",,2026-08-04,linkedin,rejected,https://www.linkedin.com/jobs/view/4371516477
2282,0,Accenture Australia,*Senior AI Engineer*,"Sydney, New South Wales",,2026-08-04,linkedin,filtered,https://www.linkedin.com/jobs/view/4448277909
2283,0,Reapit Australia & New Zealand,Senior Artificial Intelligence Engineer x 2,"Greater Sydney Area, (Remote)",,2026-08-04,linkedin,filtered,https://www.linkedin.com/jobs/view/4448262756
2284,0,MYOB,Senior AI Engineer,"Sydney, New South Wales",,2026-08-04,linkedin,filtered,https://www.linkedin.com/jobs/view/4365258090
2285,0,Nearmap,Senior Machine Learning Engineer (Platform / MLOPs),Greater Sydney Area,,2026-08-04,linkedin,filtered,https://www.linkedin.com/jobs/view/4448803547
2286,0,Space Capital,Senior Machine Learning Engineer (Platform / MLOPs),"Millers Point, New South Wales",,2026-08-04,linkedin,filtered,https://www.linkedin.com/jobs/view/4446682557
2287,0,Tyro Payments,Staff Engineer - AI - Merchant Experience,"Sydney, New South Wales, (Remote)",,2026-08-04,linkedin,filtered,https://www.linkedin.com/jobs/view/4437648260
2299,0,LAB3,Principal Consultant- AI,"Sydney, New South Wales, (Remote)",,2026-08-04,linkedin,filtered,https://www.linkedin.com/jobs/view/4439814321
2300,0,Keypath Education,Data Scientist,(Remote),,2026-08-04,linkedin,filtered,https://www.linkedin.com/jobs/view/4440382906
2305,0,Cover Genius,"Engineering Manager, Developer Experience","Sydney, New South Wales, (Remote)",,2026-08-04,linkedin,filtered,https://www.linkedin.com/jobs/view/4382125696
2309,0,Squiz,Tech Lead,"Sydney, New South Wales",,2026-08-04,linkedin,filtered,https://www.linkedin.com/jobs/view/4448677584
2310,0,SustainRecruit,Staff Software Engineer,"Sydney, New South Wales",,2026-08-04,linkedin,filtered,https://www.linkedin.com/jobs/view/4446607682
2312,0,Canva,Staff Software Engineer - Mobile Platform (Rust),"Sydney, New South Wales, (Remote)",,2026-08-04,linkedin,filtered,https://www.linkedin.com/jobs/view/4439491540
2314,0,Canva,Staff Software Engineer - Data Sync Team,"Sydney, New South Wales, (Remote)",,2026-08-04,linkedin,filtered,https://www.linkedin.com/jobs/view/4422817021
2315,0,Infosys,Appian Developer,"Sydney, New South Wales",,2026-08-04,linkedin,filtered,https://www.linkedin.com/jobs/view/4446621248
2317,0,Alignerr,Software Engineer - YAML Experience,"Sydney, New South Wales, (Remote)",,2026-08-04,linkedin,rejected,https://www.linkedin.com/jobs/view/4448673418
2319,0,Alignerr,Structural Engineer — AI Task Creator (OpenSees),"Sydney, New South Wales, (Remote)",,2026-08-04,linkedin,rejected,https://www.linkedin.com/jobs/view/4448667512
2320,0,RELX,Senior Software Engineer II,"St Leonards, New South Wales, (Remote)",,2026-08-04,linkedin,filtered,https://www.linkedin.com/jobs/view/4448269773
2321,0,LexisNexis Risk Solutions,Senior Software Engineer II,"St Leonards, New South Wales, (Remote)",,2026-08-04,linkedin,filtered,https://www.linkedin.com/jobs/view/4448258949
2322,0,CrowdStrike,"Sr. SRE Engineer II - Agentic SOC, NG-SIEM (Remote, AUS)","Sydney, New South Wales, (Remote)",,2026-08-04,linkedin,filtered,https://www.linkedin.com/jobs/view/4446664759
2323,0,Electric Future,Senior Backend & DevOps Engineer,(Remote),,2026-08-04,linkedin,filtered,https://www.linkedin.com/jobs/view/4448517021
2331,0,Okendo,Senior Frontend Software Engineer,(Remote),,2026-08-04,linkedin,filtered,https://www.linkedin.com/jobs/view/4449006764
2332,0,Squiz,Senior Software Engineer,"Melbourne, Victoria",,2026-08-04,linkedin,filtered,https://www.linkedin.com/jobs/view/4448664805
2335,0,IBM,Data Engineer,"Sydney, New South Wales",,2026-08-04,linkedin,filtered,https://www.linkedin.com/jobs/view/4446634986
2337,0,Macquarie Group,Data Analyst,"Sydney, New South Wales, (Remote)",,2026-08-04,linkedin,filtered,https://www.linkedin.com/jobs/view/4448696925
2340,0,FR Consultancy,Data Engineer (Hadoop),"Sydney, New South Wales",,2026-08-04,linkedin,filtered,https://www.linkedin.com/jobs/view/4448834405
2344,0,TheDriveGroup,Senior Data & AI Engineer,New South Wales,,2026-08-04,linkedin,filtered,https://www.linkedin.com/jobs/view/4448698629
2345,0,Vocus,Data Platform Engineer,"North Sydney, New South Wales",,2026-08-04,linkedin,filtered,https://www.linkedin.com/jobs/view/4448672814
2347,0,CareCone Group,Data Engineer -Salesforce Data Cloud,"Sydney, New South Wales",,2026-08-04,linkedin,filtered,https://www.linkedin.com/jobs/view/4448812274
2348,0,Outsized,Data Engineer – Marketing Data Platform,"Sydney, New South Wales",,2026-08-04,linkedin,filtered,https://www.linkedin.com/jobs/view/4448697661
2440,0,Logical,Network Architect,"Sydney, New South Wales",,2026-08-04,linkedin,filtered,https://www.linkedin.com/jobs/view/4448598560
2441,0,Deloitte,Student Technology & Transformation - Exciting Opportunities!,"Sydney, New South Wales",,2026-08-04,linkedin,filtered,https://www.linkedin.com/jobs/view/4440394846
2442,0,TikTok,AI Product Manager intern (TikTok Live-Revenue) - 2027 Start,"Sydney, New South Wales",,2026-08-04,linkedin,rejected,https://www.linkedin.com/jobs/view/4448507976
2448,0,Macquarie Group,Governance Products & Enablement | Manager,"Sydney, New South Wales, (Remote)",,2026-08-04,linkedin,filtered,https://www.linkedin.com/jobs/view/4448697908
2449,0,Advanced Navigation,Senior R&D Product Manager,"Sydney, New South Wales",,2026-08-04,linkedin,filtered,https://www.linkedin.com/jobs/view/4440383882
2451,0,Equifax,Lead Data Product Owner - Identity & Fraud,"Sydney, New South Wales, (Remote)",,2026-08-04,linkedin,filtered,https://www.linkedin.com/jobs/view/4430385079
2473,0,KBR,Senior LV / Controls Engineer,"Matraville, NSW, (Remote)",,2026-08-04,indeed,filtered,https://au.indeed.com/viewjob?jk=ac57cbf1afe6a904
2475,0,Schréder,Senior Electronics Engineer,"Rydalmere, NSW",,2026-08-04,indeed,filtered,https://au.indeed.com/viewjob?jk=03c137b6b731a18b
2477,0,AECOM,Senior Structural Engineer (Buildings),"Sydney, NSW, (Remote)",,2026-08-04,indeed,filtered,https://au.indeed.com/viewjob?jk=87ed67036dfcc525
2483,0,ANZ,"Senior Associate, Institutional Research & Analysis","Sydney, NSW",,2026-08-04,indeed,filtered,https://au.indeed.com/viewjob?jk=f25b918381869e3d
2495,0,Woolworths Group Limited,Technical Business Analyst,"Surry Hills, NSW",,2026-08-04,indeed,filtered,https://au.indeed.com/viewjob?jk=6b39bfb09ecbcd0d
2497,0,Deloitte,Forward Deployed Engineer and FDE Lead - Anthropic,"Sydney, NSW",,2026-08-04,indeed,filtered,https://au.indeed.com/viewjob?jk=f973d72b5f699c41
2501,0,Transport for NSW,Senior Procurement Officer,"Mascot, NSW",,2026-08-04,indeed,filtered,https://au.indeed.com/viewjob?jk=9e2c029b00ccec62
2505,0,Australian Government,Senior Executive Lawyer - DR Monetary Claims,"Sydney, NSW",,2026-08-04,indeed,filtered,https://au.indeed.com/viewjob?jk=0489058ea61d5178
2507,0,Australian Government,Senior Executive Lawyer - DR Civil Regulation,"Sydney, NSW",,2026-08-04,indeed,filtered,https://au.indeed.com/viewjob?jk=f865fbe179db842d
2520,0,Google,"Practice Customer Engineer, Application Modernization","Sydney, NSW",,2026-08-04,indeed,filtered,https://au.indeed.com/viewjob?jk=64227b8eca3fc611
2521,0,SS&C,Lead Application Support Engineer,"Sydney, NSW",,2026-08-04,indeed,filtered,https://au.indeed.com/viewjob?jk=75f30245fe36cc32
2532,0,Google,"Enterprise Architect, Professional Services, Google Cloud","Melbourne, Victoria",,2026-08-04,linkedin,filtered,https://www.linkedin.com/jobs/view/4439829820
2540,0,Squiz,Senior Software Engineer,"Brisbane, Queensland",,2026-08-04,linkedin,filtered,https://www.linkedin.com/jobs/view/4448666753
2541,0,Lyra,Forward Deployed Engineer,"Melbourne, Victoria",,2026-08-04,linkedin,filtered,https://www.linkedin.com/jobs/view/4448810351
2546,0,IBM,Data Engineer,"Melbourne, Victoria",,2026-08-04,linkedin,filtered,https://www.linkedin.com/jobs/view/4446654498
2637,0,Alignerr,Software Engineer - YAML Experience,"Melbourne, Victoria, (Remote)",,2026-08-04,linkedin,rejected,https://www.linkedin.com/jobs/view/4448663640
2715,0,CareCone Group,Servicenow Developer,"Sydney, New South Wales",,2026-08-04,linkedin,filtered,https://www.linkedin.com/jobs/view/4443705826
2762,0,Grant Thornton Australia,"Senior Associate, Data Analytics","Sydney, New South Wales",,2026-08-04,linkedin,filtered,https://www.linkedin.com/jobs/view/4446610168
2767,0,Macquarie Group,Data Operations Analyst - Liquidity,"Sydney, New South Wales",,2026-08-04,linkedin,filtered,https://www.linkedin.com/jobs/view/4324701275
2768,0,Outsized,Senior Analytics Engineer,"Sydney, New South Wales",,2026-08-04,linkedin,filtered,https://www.linkedin.com/jobs/view/4448692664
2879,0,XPT Software,Azure Architect,"Sydney, New South Wales",,2026-08-04,linkedin,filtered,https://www.linkedin.com/jobs/view/4449112511
3107,0,Citi,Apps Support Group Manager (Senior Vice President),"Sydney, NSW",,2026-08-04,indeed,filtered,https://au.indeed.com/viewjob?jk=f2ae856fc4cc1b2c
3744,0,TikTok,Multimedia Engineer Graduate (Multimedia Platform) - 2027 Start (BS/MS),"Sydney, New South Wales",,2026-08-04,linkedin,rejected,https://www.linkedin.com/jobs/view/4439160074
5283,0,VERIDAPT,Machine Vision Engineer,"Chatswood, NSW, (Remote)",,2026-08-04,indeed,filtered,https://au.indeed.com/viewjob?jk=c2f2faa02b9f593a
1927,0,ProSpend,Software Engineer,"Sydney, New South Wales",,2026-08-03,linkedin,filtered,https://www.linkedin.com/jobs/view/4447663611
1929,0,Kaizen Global Technologies,Service Now Developer,"Sydney, New South Wales",,2026-08-03,linkedin,filtered,https://www.linkedin.com/jobs/view/4447684677
1931,0,V2 AI,Senior Front End Engineer (Contractor),"Sydney, New South Wales",,2026-08-03,linkedin,filtered,https://www.linkedin.com/jobs/view/4447904074
1934,0,Kaizen Global Technologies,ServiceNow Developer,"Sydney, New South Wales",,2026-08-03,linkedin,filtered,https://www.linkedin.com/jobs/view/4447688036
1936,0,Tata Consultancy Services,Mulesoft developer,"Sydney, New South Wales",,2026-08-03,linkedin,filtered,https://www.linkedin.com/jobs/view/4447691405
1937,0,ASX,Automation Test Engineer,"Sydney, New South Wales",,2026-08-03,linkedin,filtered,https://www.linkedin.com/jobs/view/4447910181
1939,0,Cloudera,"Forward Deployed AI Engineer, Australia","Greater Sydney Area, (Remote)",,2026-08-03,linkedin,filtered,https://www.linkedin.com/jobs/view/4447693634
1951,0,Infosys,Workato Developer,Greater Sydney Area,,2026-08-03,linkedin,filtered,https://www.linkedin.com/jobs/view/4445884839
1953,0,TikTok,"Machine Learning Engineer (Content Understanding) Intern, (TikTok Live Foundation Sydney) - 2027 start (PhD)","Sydney, New South Wales",,2026-08-03,linkedin,rejected,https://www.linkedin.com/jobs/view/4447684361
1954,0,TikTok,Algorithm Engineer Intern (TikTok Live Revenue) - 2027 Start (PhD),"Sydney, New South Wales",,2026-08-03,linkedin,rejected,https://www.linkedin.com/jobs/view/4447685341
1955,0,CYOS Solutions,Java Software Engineer,"Sydney, New South Wales",,2026-08-03,linkedin,filtered,https://www.linkedin.com/jobs/view/4448142834
1956,0,DataMesh Group,Senior Software Engineer,"Sydney, New South Wales",,2026-08-03,linkedin,filtered,https://www.linkedin.com/jobs/view/4448125160
1958,0,Cove,Senior Software Engineer,"Manly, New South Wales",,2026-08-03,linkedin,filtered,https://www.linkedin.com/jobs/view/4447697870
1960,0,Macquarie Technology Group,DevOps Software Engineer,"Sydney, New South Wales",,2026-08-03,linkedin,filtered,https://www.linkedin.com/jobs/view/4448143592
1965,0,Quantium,Senior Design Engineer,"Sydney, New South Wales",,2026-08-03,linkedin,filtered,https://www.linkedin.com/jobs/view/4448146244
1971,0,Checkbox,Senior Software Engineer,Greater Sydney Area,,2026-08-03,linkedin,filtered,https://www.linkedin.com/jobs/view/4447902190
1976,0,weave. Recruitment,Senior Platform Engineer (Software),"Sydney, New South Wales",,2026-08-03,linkedin,filtered,https://www.linkedin.com/jobs/view/4445873051
1977,0,Infosys,Workato Developer,"Sydney, New South Wales",,2026-08-03,linkedin,filtered,https://www.linkedin.com/jobs/view/4445894251
1978,0,Checkbox,Senior Software Engineer,Greater Sydney Area,,2026-08-03,linkedin,filtered,https://www.linkedin.com/jobs/view/4447695694
1981,0,CYOS Solutions,Java Software Engineer,"Canberra, Australian Capital Territory",,2026-08-03,linkedin,filtered,https://www.linkedin.com/jobs/view/4448139306
1982,0,Red Energy,Application Developer,"Richmond, Victoria, (Remote)",,2026-08-03,linkedin,filtered,https://www.linkedin.com/jobs/view/4431659232
1983,0,Honeywell Technologies,Software Engr II,"Perth, Western Australia",,2026-08-03,linkedin,filtered,https://www.linkedin.com/jobs/view/4448130777
1987,0,Macquarie Group,AI Engineer,"Sydney, New South Wales, (Remote)",,2026-08-03,linkedin,filtered,https://www.linkedin.com/jobs/view/4400496357
1989,0,Accenture Australia,Solution Designer- AU Citizen with Security Clearance,"Sydney, New South Wales",,2026-08-03,linkedin,filtered,https://www.linkedin.com/jobs/view/4447908577
1990,0,Tyro Payments,Solutions Architect,"Sydney, New South Wales, (Remote)",,2026-08-03,linkedin,filtered,https://www.linkedin.com/jobs/view/4445897140
1993,0,Whizdom,Technical Consultant,"Sydney, New South Wales",,2026-08-03,linkedin,filtered,https://www.linkedin.com/jobs/view/4447686472
2001,0,Hitachi Solutions Asia Pacific,Sr. Solutions Architect - D365 F&O (Finance) (6-Month Fixed Term),"Sydney, New South Wales",,2026-08-03,linkedin,filtered,https://www.linkedin.com/jobs/view/4447691987
2002,0,Komforce,Salesforce Communications Cloud Architect,"Sydney, New South Wales",,2026-08-03,linkedin,filtered,https://www.linkedin.com/jobs/view/4447693133
2004,0,Libran IT,Senior Azure Cloud Engineer,"Sydney, New South Wales",,2026-08-03,linkedin,filtered,https://www.linkedin.com/jobs/view/4447687131
2005,0,Westpac Institutional and Business,"Senior Associate, eCommerce Product Manager","Sydney, New South Wales",,2026-08-03,linkedin,filtered,https://www.linkedin.com/jobs/view/4448145365
2006,0,BURGEON IT SERVICES,Product Data Manager,"Sydney, New South Wales",,2026-08-03,linkedin,filtered,https://www.linkedin.com/jobs/view/4445872447
2009,0,Westpac Institutional and Business,"Associate Director, Merchant Product Manager","Sydney, New South Wales",,2026-08-03,linkedin,filtered,https://www.linkedin.com/jobs/view/4448149228
2010,0,Heidi,Product Marketing Manager,"Sydney, New South Wales",,2026-08-03,linkedin,filtered,https://www.linkedin.com/jobs/view/4448147395
2011,0,Fitness Passport,Senior Ecosystem Manager,"Sydney, New South Wales, (Remote)",,2026-08-03,linkedin,filtered,https://www.linkedin.com/jobs/view/4448140090
2019,0,Invested Talent,CRM & Lifecycle Marketing Manager,"Sydney, New South Wales",,2026-08-03,linkedin,filtered,https://www.linkedin.com/jobs/view/4448147169
2020,0,Hatch,"Senior Product Marketing Manager, Perform @ CultureAmp","Sydney, New South Wales",,2026-08-03,linkedin,filtered,https://www.linkedin.com/jobs/view/4445861176
2024,0,ADVANCE GRAPHIC STUDIO,Marketing Manager / Digital Marketing,"Sydney, New South Wales, (Remote)",,2026-08-03,linkedin,filtered,https://www.linkedin.com/jobs/view/4448122549
2027,0,Budgetly,Senior Fullstack Engineer,"Sydney, New South Wales, (Remote)",,2026-08-03,linkedin,filtered,https://www.linkedin.com/jobs/view/4448159828
2028,0,Tata Consultancy Services,Senior Backend Engineer,"Sydney, New South Wales",,2026-08-03,linkedin,filtered,https://www.linkedin.com/jobs/view/4447909719
2040,0,Quantaco,"Senior Product Manager | AI, SaaS & Hospitality Technology","Sydney, New South Wales, (Remote)",,2026-08-03,linkedin,filtered,https://www.linkedin.com/jobs/view/4434944160
2042,0,Heidi,Product Marketing Manager,"Melbourne, Victoria",,2026-08-03,linkedin,filtered,https://www.linkedin.com/jobs/view/4448167101
2045,0,TechnologyOne,Business Analyst - Software,"Brisbane, Queensland",,2026-08-03,linkedin,filtered,https://www.linkedin.com/jobs/view/4448140098
2046,0,Propel Health AI,Full Stack Engineer,"Brisbane, Queensland",,2026-08-03,linkedin,filtered,https://www.linkedin.com/jobs/view/4447687851
2049,0,Black Shard,Senior Software Engineer,"Brisbane, Queensland",,2026-08-03,linkedin,filtered,https://www.linkedin.com/jobs/view/4447687200
2050,0,Cognizant,ML Engineer,Greater Sydney Area,,2026-08-03,linkedin,filtered,https://www.linkedin.com/jobs/view/4439108904
2054,0,Synechron,Data Scientist (Graph DB),"Sydney, New South Wales",,2026-08-03,linkedin,filtered,https://www.linkedin.com/jobs/view/4445884956
2055,0,Rockstar Games,Senior Gameplay Programmer,"Sydney, New South Wales",,2026-08-03,linkedin,filtered,https://www.linkedin.com/jobs/view/4430306225
2056,0,Harper,Founding CTO at a $2B Agentic AI Company,"Sydney, New South Wales, (Remote)",,2026-08-03,linkedin,filtered,https://www.linkedin.com/jobs/view/4433658399
2058,0,TikTok,iOS Software Engineer Intern (TikTok Live Foundation) - 2027 start,"Sydney, New South Wales",,2026-08-03,linkedin,rejected,https://www.linkedin.com/jobs/view/4447986858
2062,0,Moose Toys,Senior AI Engineer,"Greater Melbourne Area, (Remote)",,2026-08-03,linkedin,filtered,https://www.linkedin.com/jobs/view/4439141433
2063,0,VALE Partners,Founding AI/ML Engineer,Greater Brisbane Area,,2026-08-03,linkedin,filtered,https://www.linkedin.com/jobs/view/4447678497
2064,0,LAB3,Senior Engineer - AI,"Canberra, Australian Capital Territory, (Remote)",,2026-08-03,linkedin,filtered,https://www.linkedin.com/jobs/view/4447689400
2067,0,Tyro Payments,Principal Engineer - Agentic AI - Online Payments,"Sydney, New South Wales, (Remote)",,2026-08-03,linkedin,filtered,https://www.linkedin.com/jobs/view/4437264226
2068,0,Bullpen Capital,Senior Software Engineer - AI Platform,"Senior, South Australia",,2026-08-03,linkedin,filtered,https://www.linkedin.com/jobs/view/4445880381
2070,0,Peoplebank,Senior AI Engineer,"Canberra, Australian Capital Territory, (Remote)",,2026-08-03,linkedin,filtered,https://www.linkedin.com/jobs/view/4448175133
2071,0,Anduril Industries,"Senior Robotics Software Engineer, Payload Integration","Sydney, New South Wales",,2026-08-03,linkedin,filtered,https://www.linkedin.com/jobs/view/4448309525
2075,0,Enterprise AI Group,Head of Engineering,"Sydney, New South Wales",,2026-08-03,linkedin,filtered,https://www.linkedin.com/jobs/view/4436533199
2078,0,World Wide Technology,AI Services Consultant,"Sydney, New South Wales",,2026-08-03,linkedin,filtered,https://www.linkedin.com/jobs/view/4447966855
2079,0,World Wide Technology,AI Solutions Director,"Sydney, New South Wales",,2026-08-03,linkedin,filtered,https://www.linkedin.com/jobs/view/4447900205
2080,0,Synechron,Teradata–Claude Engineer( Sydney/Melbourne),Greater Sydney Area,,2026-08-03,linkedin,filtered,https://www.linkedin.com/jobs/view/4446207067
2087,0,Pandora,Casual Customer Experience Assistant (Contract),"North Sydney, New South Wales",,2026-08-03,linkedin,rejected,https://www.linkedin.com/jobs/view/4445863459
2089,0,Alignerr,General Postdoctoral Researcher (Masters/PhDs),"Sydney, New South Wales, (Remote)",,2026-08-03,linkedin,rejected,https://www.linkedin.com/jobs/view/4448135036
2090,0,Alignerr,General Postdoctoral Researcher (Masters/PhDs),"Wollongong, New South Wales, (Remote)",,2026-08-03,linkedin,rejected,https://www.linkedin.com/jobs/view/4448117954
2092,0,Ripple,Staff Software Engineer - Infrastructure,"Sydney, New South Wales",,2026-08-03,linkedin,filtered,https://www.linkedin.com/jobs/view/4380637147
2094,0,Checkbox,Principal Software Engineer,"Sydney, New South Wales",,2026-08-03,linkedin,filtered,https://www.linkedin.com/jobs/view/4447682979
2095,0,Bluefin Resources,Staff Software Engineer,"Sydney, New South Wales",,2026-08-03,linkedin,filtered,https://www.linkedin.com/jobs/view/4447695318
2098,0,Kraken,Senior Software Engineer (Remote - AEST timezone location) - Kraken Distribution,(Remote),,2026-08-03,linkedin,filtered,https://www.linkedin.com/jobs/view/4448130093
2099,0,Amrapali.org,UI Developer (Typescript & CSS3) - Global Remote Role,(Remote),,2026-08-03,linkedin,filtered,https://www.linkedin.com/jobs/view/4446200789
2106,0,Online Education Services (OES),Online Learning Advisor - Software Development,"Melbourne, Victoria, (Remote)",,2026-08-03,linkedin,filtered,https://www.linkedin.com/jobs/view/4448110971
2107,0,Ampstek,Appian Developer,"Melbourne, Victoria, (Remote)",,2026-08-03,linkedin,filtered,https://www.linkedin.com/jobs/view/4447699202
2108,0,New Era Technology,Senior Engineer,"Brisbane, Queensland, (Remote)",,2026-08-03,linkedin,filtered,https://www.linkedin.com/jobs/view/4442793306
2109,0,carsales,Senior MLOps Engineer,"Melbourne, Victoria, (Remote)",,2026-08-03,linkedin,filtered,https://www.linkedin.com/jobs/view/4439779492
2124,0,Checkbox,Staff Data Engineer,Greater Sydney Area,,2026-08-03,linkedin,filtered,https://www.linkedin.com/jobs/view/4447684838
2125,0,CareCone Group,Senior Data Engineer,"Sydney, New South Wales",,2026-08-03,linkedin,filtered,https://www.linkedin.com/jobs/view/4448118861
2129,0,Cognizant,Senior Data Engineer -Coalesce,Greater Sydney Area,,2026-08-03,linkedin,filtered,https://www.linkedin.com/jobs/view/4439115703
2130,0,Commonwealth Bank,Principal Data Engineer (AWS & Snowflake),"Sydney, New South Wales",,2026-08-03,linkedin,filtered,https://www.linkedin.com/jobs/view/4448152013
2131,0,Showtime Consulting,Senior Data Engineer,"Sydney, New South Wales",,2026-08-03,linkedin,filtered,https://www.linkedin.com/jobs/view/4445885484
2132,0,HUB24 Limited,"Product Portfolio Data Analyst (Accounting), Engage Data","Sydney, New South Wales",,2026-08-03,linkedin,filtered,https://www.linkedin.com/jobs/view/4439133492
2134,0,Cognizant,Snowflake Lead Data Engineer,Greater Sydney Area,,2026-08-03,linkedin,filtered,https://www.linkedin.com/jobs/view/4439150366
2135,0,Commonwealth Bank,Senior Data Scientist - Credit Risk,"Sydney, New South Wales",,2026-08-03,linkedin,filtered,https://www.linkedin.com/jobs/view/4439784567
2137,0,Aon,Senior Catastrophe Research Analyst,"Sydney, New South Wales",,2026-08-03,linkedin,filtered,https://www.linkedin.com/jobs/view/4448129677
2150,0,UpGuard,Software Engineer (Multiple Levels),"Sydney, New South Wales, (Remote)",,2026-08-03,linkedin,rejected,https://www.linkedin.com/jobs/view/4447989343
2171,0,The Clorox Company,International Associate Engineer,"Sydney Olympic Park, New South Wales, (Remote)",,2026-08-03,linkedin,filtered,https://www.linkedin.com/jobs/view/4431675209
2190,0,Aurizn,Aurizn Early Careers Intern,"Adelaide, South Australia",,2026-08-03,linkedin,filtered,https://www.linkedin.com/jobs/view/4448914722
2196,0,Apparent,Full Stack Developer,"Sydney, New South Wales",,2026-08-03,linkedin,filtered,https://www.linkedin.com/jobs/view/4448255514
2203,0,Propeller,Senior Software Engineer,"Sydney, New South Wales, (Remote)",,2026-08-03,linkedin,filtered,https://www.linkedin.com/jobs/view/4426005917
2232,0,Huble,CRM Solutions Architect (Australia | Remote),"Sydney, New South Wales, (Remote)",,2026-08-03,linkedin,filtered,https://www.linkedin.com/jobs/view/4447992552
2248,0,Macquarie Group,Product Management | Home Loans,"Sydney, New South Wales, (Remote)",,2026-08-03,linkedin,filtered,https://www.linkedin.com/jobs/view/4437273190
2290,0,Oliver Wyman,Oliver Wyman - Senior Lead AI Engineer - Sydney,"Sydney, New South Wales, (Remote)",,2026-08-03,linkedin,filtered,https://www.linkedin.com/jobs/view/4448631829
2293,0,Cloudera,"Forward Deployed AI Engineer, Australia","Greater Melbourne Area, (Remote)",,2026-08-03,linkedin,filtered,https://www.linkedin.com/jobs/view/4448221652
2294,0,XPT Software,AI Consultant,"Sydney, New South Wales",,2026-08-03,linkedin,filtered,https://www.linkedin.com/jobs/view/4448696698
2298,0,XPT Software,Prompt Engineer,"Sydney, New South Wales",,2026-08-03,linkedin,filtered,https://www.linkedin.com/jobs/view/4448275511
2313,0,Really Awesome People,"Principal Java, Bespoke Software Engineer","Canberra, Australian Capital Territory, (Remote)",,2026-08-03,linkedin,filtered,https://www.linkedin.com/jobs/view/4447915247
2316,0,Infosys,Senior Consultant,"Sydney, New South Wales",,2026-08-03,linkedin,filtered,https://www.linkedin.com/jobs/view/4446220840
2430,0,ASX,Calypso Engineer,"Sydney, New South Wales",,2026-08-03,linkedin,filtered,https://www.linkedin.com/jobs/view/4439152249
2459,0,Trideca,Senior Android Engineer,"Melbourne, Victoria",,2026-08-03,linkedin,filtered,https://www.linkedin.com/jobs/view/4448624456
2471,0,Fiserv,Technical Account Manager,"Sydney, NSW",,2026-08-03,indeed,filtered,https://au.indeed.com/viewjob?jk=3180636dc43cf242
2484,0,Fiserv,Sr Account Manager - Aggregation & Platform,"Sydney, NSW",,2026-08-03,indeed,filtered,https://au.indeed.com/viewjob?jk=97af8d6b247ce85d
2486,0,Fiserv,Implementation Manager,"Sydney, NSW",,2026-08-03,indeed,filtered,https://au.indeed.com/viewjob?jk=c17997c38024d99d
2491,0,Westpac Group,"Associate Director, Merchant Product Manager","Sydney, NSW",,2026-08-03,indeed,filtered,https://au.indeed.com/viewjob?jk=3f66bd63b710d080
2492,0,Westpac Group,"Senior Associate, eCommerce Product Manager","Sydney, NSW",,2026-08-03,indeed,filtered,https://au.indeed.com/viewjob?jk=a28e639a01734f06
2511,0,OutSystems,Services Sales Manager,"Sydney, NSW, (Remote)",,2026-08-03,indeed,filtered,https://au.indeed.com/viewjob?jk=840a6f3b600ecd75
2513,0,Transport for NSW,Senior Asset Coordinator,"Mascot, NSW",,2026-08-03,indeed,filtered,https://au.indeed.com/viewjob?jk=3d26981b8d285b9b
2514,0,Transport for NSW,Senior Procurement Policy Officer,"Mascot, NSW",,2026-08-03,indeed,filtered,https://au.indeed.com/viewjob?jk=56aa492cac53743a
2516,0,CJC Management,Principal Civil Design Engineer,"Sydney, NSW",,2026-08-03,indeed,filtered,https://au.indeed.com/viewjob?jk=88d346a072678c15
2523,0,Budgetly,Senior Fullstack Engineer,"Sydney, NSW, (Remote)",,2026-08-03,indeed,filtered,https://au.indeed.com/viewjob?jk=a48dff3e08434e0f
2547,0,Anson McCade,Data Engineer,"Newcastle, New South Wales",,2026-08-03,linkedin,filtered,https://www.linkedin.com/jobs/view/4446210887
2713,0,Insight,Forward Deployed Engineer Principal,"Sydney, New South Wales",,2026-08-03,linkedin,filtered,https://www.linkedin.com/jobs/view/4447692784
1855,0,iSOFT,Data Engineer (Azure Fabric),"Sydney, New South Wales",,2026-08-02,linkedin,filtered,https://www.linkedin.com/jobs/view/4447628484
1856,0,YO IT Consulting,Data Science Expert - Remote,"Sydney, New South Wales, (Remote)",,2026-08-02,linkedin,filtered,https://www.linkedin.com/jobs/view/4447643035
1872,0,Big Wave Digital,"Senior Full Stack Developer | Fintech | .NET, C#, React, c. $200k package","Sydney, New South Wales",,2026-08-02,linkedin,filtered,https://www.linkedin.com/jobs/view/4447640718
1873,0,Canva,Senior Backend Engineer - Export,"Sydney, New South Wales",,2026-08-02,linkedin,filtered,https://www.linkedin.com/jobs/view/4411323120
1874,0,LAB3,Senior Full Stack Developer,"Melbourne, Victoria, (Remote)",,2026-08-02,linkedin,filtered,https://www.linkedin.com/jobs/view/4447643236
1896,0,Future Secure AI,Senior Quality Assurance Engineer - AI & Automation,"Sydney, New South Wales",,2026-08-02,linkedin,filtered,https://www.linkedin.com/jobs/view/4409693123
1902,0,Airwallex,Staff Solutions Architect - Payments,"Sydney, New South Wales",,2026-08-02,linkedin,filtered,https://www.linkedin.com/jobs/view/4363230075
1904,0,World Wide Technology,Consulting Systems Engineer,"North Shore, New South Wales",,2026-08-02,linkedin,filtered,https://www.linkedin.com/jobs/view/4447656045
1932,0,CAI,Computer System Validation (CSV) Specialist,"Sydney, New South Wales",,2026-08-02,linkedin,filtered,https://www.linkedin.com/jobs/view/4290652148
1966,0,ASX,"Senior Network Engineer, Trading Platform (12 Month Day Rate Contract)","Sydney, New South Wales",,2026-08-02,linkedin,filtered,https://www.linkedin.com/jobs/view/4447662060
1973,0,Fiskil,Senior Software Engineer,"Sydney, New South Wales",,2026-08-02,linkedin,filtered,https://www.linkedin.com/jobs/view/4446887522
1995,0,MongoDB,Senior Partner Solutions Architect,"Sydney, New South Wales",,2026-08-02,linkedin,filtered,https://www.linkedin.com/jobs/view/4420688776
2003,0,SwitchDin,Senior Software Engineer - Remote,(Remote),,2026-08-02,linkedin,filtered,https://www.linkedin.com/jobs/view/4447669576
2015,0,World Wide Technology,Program Manager,"Sydney, New South Wales",,2026-08-02,linkedin,filtered,https://www.linkedin.com/jobs/view/4422082324
2016,0,TikTok,AUNZ Integrated Marketing Communications Manager - Marketing,"Sydney, New South Wales",,2026-08-02,linkedin,rejected,https://www.linkedin.com/jobs/view/4447663271
2017,0,Hatch,"Senior Product Marketing Manager, Platform @ CultureAmp","Sydney, New South Wales",,2026-08-02,linkedin,filtered,https://www.linkedin.com/jobs/view/4445858854
2025,0,BIG W,Social Media Marketing Manager - BIG W,"Sydney, New South Wales, (Remote)",,2026-08-02,linkedin,filtered,https://www.linkedin.com/jobs/view/4444103779
2053,0,imei,Lead AI Engineer,"Sydney, New South Wales, (Remote)",,2026-08-02,linkedin,filtered,https://www.linkedin.com/jobs/view/4448118679
2057,0,Cognition,Regional Vice President of Sales - ANZ,"Sydney, New South Wales",,2026-08-02,linkedin,filtered,https://www.linkedin.com/jobs/view/4428297146
2069,0,Forever New Clothing,Senior AI Automation Engineer – Digital,Victoria,,2026-08-02,linkedin,filtered,https://www.linkedin.com/jobs/view/4400813128
2088,0,YO IT Consulting,Senior Enterprise AI Productivity Specialist - Remote,"Sydney, New South Wales, (Remote)",,2026-08-02,linkedin,filtered,https://www.linkedin.com/jobs/view/4447637114
2494,0,Deloitte,Director,"Sydney, NSW",,2026-08-02,indeed,filtered,https://au.indeed.com/viewjob?jk=114c0f39e25bc241
2519,0,Transport for NSW,Senior Manager Light Rail Contracts,"Mascot, NSW, (Remote)",,2026-08-02,indeed,filtered,https://au.indeed.com/viewjob?jk=6a60fe002f64112a
1594,0,Slalom,Senior Consultant - AWS Architect,"Sydney, New South Wales",,2026-08-01,linkedin,filtered,https://www.linkedin.com/jobs/view/4424075678
1596,0,ClearRoute,Senior Software Engineer,"Sydney, New South Wales",,2026-08-01,linkedin,filtered,https://www.linkedin.com/jobs/view/4447462620
1648,0,Freelancer.com,Senior Full Stack Software Engineer,"Sydney, New South Wales",,2026-08-01,linkedin,filtered,https://www.linkedin.com/jobs/view/4447791596
1657,0,Xero,Senior Engineer - AI Workflows,"Sydney, New South Wales, (Remote)",,2026-08-01,linkedin,filtered,https://www.linkedin.com/jobs/view/4408494971
1666,0,Avanade,Microsoft Copilot and AI Ops Engineer,"Sydney, New South Wales",,2026-08-01,linkedin,filtered,https://www.linkedin.com/jobs/view/4430948445
1706,0,Macquarie Group,Java Engineer,"Sydney, New South Wales",,2026-08-01,linkedin,filtered,https://www.linkedin.com/jobs/view/4386653352
1731,0,Anduril Industries,Senior Site Reliability Engineer,"Sydney, New South Wales, (Remote)",,2026-08-01,linkedin,filtered,https://www.linkedin.com/jobs/view/4370922309
1745,0,Cresta,"Enterprise Account Executive, APAC",Unknown,,2026-08-01,linkedin,filtered,https://www.linkedin.com/jobs/view/4411618887
1761,0,Vertiv,Senior Solutions Architect,"Sydney, New South Wales",,2026-08-01,linkedin,filtered,https://www.linkedin.com/jobs/view/4439098478
1762,0,NextPlay,Senior Software Engineer,"Sunshine Coast, Queensland, (Remote)",,2026-08-01,linkedin,filtered,https://www.linkedin.com/jobs/view/4447476113
1774,0,Apex Group Ltd,Senior Developer,"Sydney, New South Wales",,2026-08-01,linkedin,filtered,https://www.linkedin.com/jobs/view/4428228743
1784,0,Atlassian,Principal Engineer,"Sydney, New South Wales",,2026-08-01,linkedin,filtered,https://www.linkedin.com/jobs/view/4447747704
1790,0,Macquarie Group,Senior Engineer,"Sydney, New South Wales, (Remote)",,2026-08-01,linkedin,filtered,https://www.linkedin.com/jobs/view/4362254939
1796,0,Accenture Australia,*AWS Data Engineer*,"Sydney, New South Wales",,2026-08-01,linkedin,filtered,https://www.linkedin.com/jobs/view/4328108906
1812,0,MongoDB,"Senior Software Engineer, App Analysis & Modelling","Sydney, New South Wales",,2026-08-01,linkedin,filtered,https://www.linkedin.com/jobs/view/4411676388
1813,0,Rockstar Games,Senior Graphics Programmer,"Sydney, New South Wales",,2026-08-01,linkedin,filtered,https://www.linkedin.com/jobs/view/4368547572
1814,0,Capgemini,Azure Cloud Architect,"Sydney, New South Wales",,2026-08-01,linkedin,filtered,https://www.linkedin.com/jobs/view/4420688463
1823,0,Macquarie Group,Engineering Product Owner - Digital Channels,"Sydney, New South Wales, (Remote)",,2026-08-01,linkedin,filtered,https://www.linkedin.com/jobs/view/4387545820
1825,0,TikTok,"AUNZ Agency Marketing Manager, GBM","Sydney, New South Wales",,2026-08-01,linkedin,rejected,https://www.linkedin.com/jobs/view/4447498888
1831,0,Tripledot Studios,Senior Product Manager,"Melbourne, Victoria, (Remote)",,2026-08-01,linkedin,filtered,https://www.linkedin.com/jobs/view/4389978655
1832,0,XPT Software Australia,Senior Software Engineer – Full-Stack & Mobile (AI-Enabled Development),"Sydney, New South Wales",,2026-08-01,linkedin,filtered,https://www.linkedin.com/jobs/view/4447443017
1847,0,Dispensed Global,Senior Software Engineer,Unknown,,2026-08-01,linkedin,filtered,https://www.linkedin.com/jobs/view/4447845199
1870,0,DoorDash,Growth Marketing Manager,"Sydney, New South Wales, (Remote)",,2026-08-01,linkedin,filtered,https://www.linkedin.com/jobs/view/4430734013
1876,0,Xero,Senior Engineer - AI Workflows,"Melbourne, Victoria, (Remote)",,2026-08-01,linkedin,filtered,https://www.linkedin.com/jobs/view/4408803873
1879,0,AirTrunk,Development Safety Lead,"North Sydney, New South Wales",,2026-08-01,linkedin,filtered,https://www.linkedin.com/jobs/view/4420240803
1884,0,CrowdStrike,"Sr. SRE Engineer II - EPICS, NG-SIEM (Hybrid, Sydney)","Sydney, New South Wales",,2026-08-01,linkedin,filtered,https://www.linkedin.com/jobs/view/4417698076
1996,0,World Wide Technology,Consulting Systems Engineer/Architect - AI Networking,"Sydney, New South Wales",,2026-08-01,linkedin,filtered,https://www.linkedin.com/jobs/view/4438344677
1997,0,Accenture Australia,Integration Architect (AU Citizen with Security Clearance),"Sydney, New South Wales",,2026-08-01,linkedin,filtered,https://www.linkedin.com/jobs/view/4407934707
2000,0,Datacom,Endpoint Engineering Architect,"North Sydney, New South Wales, (Remote)",,2026-08-01,linkedin,filtered,https://www.linkedin.com/jobs/view/4420907178
2091,0,DNV,Senior/ Principal Consultant  - Power Grid Assets,"Sydney, New South Wales, (Remote)",,2026-08-01,linkedin,filtered,https://www.linkedin.com/jobs/view/4428235670
2110,0,DNV,Senior/ Principal Consultant  - Power Grid Assets,"Brisbane, Queensland, (Remote)",,2026-08-01,linkedin,filtered,https://www.linkedin.com/jobs/view/4428244424
1446,0,The Onset,Software Engineer,"Sydney, New South Wales",,2026-07-31,linkedin,filtered,https://www.linkedin.com/jobs/view/4447260862
1452,0,The Onset,Senior Engineer - Payments,"Melbourne, Victoria",,2026-07-31,linkedin,filtered,https://www.linkedin.com/jobs/view/4447241978
1464,0,Commonwealth Bank,Staff Platform Engineer,Greater Melbourne Area,,2026-07-31,linkedin,filtered,https://www.linkedin.com/jobs/view/4447261609
1465,0,LexisNexis Risk Solutions,Senior Software Engineer,"St Leonards, New South Wales, (Remote)",,2026-07-31,linkedin,filtered,https://www.linkedin.com/jobs/view/4446998167
1467,0,TheDriveGroup,Senior Software Engineer,"Sydney, New South Wales, (Remote)",,2026-07-31,linkedin,filtered,https://www.linkedin.com/jobs/view/4446969865
1472,0,Josys,Solutions Engineer,Greater Sydney Area,,2026-07-31,linkedin,filtered,https://www.linkedin.com/jobs/view/4447271332
1474,0,Eluvio,Sr. Technical Sales & Solution Architect — APAC,"Sydney, New South Wales, (Remote)",,2026-07-31,linkedin,filtered,https://www.linkedin.com/jobs/view/4446973854
1479,0,FR Consultancy,Technical Architect,"Sydney, New South Wales",,2026-07-31,linkedin,filtered,https://www.linkedin.com/jobs/view/4447246742
1482,0,Ampstek,Confluent Solution Architect,"Sydney, New South Wales",,2026-07-31,linkedin,filtered,https://www.linkedin.com/jobs/view/4446979035
1483,0,Ampstek,Confluent Solution Architect,"Melbourne, Victoria",,2026-07-31,linkedin,filtered,https://www.linkedin.com/jobs/view/4446970782
1485,0,NSW Department of Customer Service,Senior Software Engineer,"Sydney, New South Wales",,2026-07-31,linkedin,filtered,https://www.linkedin.com/jobs/view/4446971485
1487,0,Jamesly,Junior Product Manager - FMCG,"Sydney, New South Wales",,2026-07-31,linkedin,filtered,https://www.linkedin.com/jobs/view/4446955663
1490,0,MUFG Pension & Market Services,Product Manager,"Sydney, New South Wales",,2026-07-31,linkedin,filtered,https://www.linkedin.com/jobs/view/4447215789
1492,0,BT,"Chief Product Owner, Acquire, Activate & Digital","Sydney, New South Wales",,2026-07-31,linkedin,filtered,https://www.linkedin.com/jobs/view/4447279580
1499,0,C4i Solutions,Full Stack Software Developer,"Canberra, Australian Capital Territory",,2026-07-31,linkedin,filtered,https://www.linkedin.com/jobs/view/4447251935
1506,0,Future Secure AI,Staff Software Engineer - AI,"Sydney, New South Wales",,2026-07-31,linkedin,filtered,https://www.linkedin.com/jobs/view/4447275061
1514,0,ELMO Software,Senior Software Engineer (.Net),"Sydney, New South Wales",,2026-07-31,linkedin,filtered,https://www.linkedin.com/jobs/view/4446969904
1515,0,Vexev,"Senior Software Engineer, Applied ML, Robotics","Sydney, New South Wales",,2026-07-31,linkedin,filtered,https://www.linkedin.com/jobs/view/4446991175
1532,0,Suncorp Group,"Senior Software Engineer (Java, Node.js & API)","Melbourne, Victoria",,2026-07-31,linkedin,filtered,https://www.linkedin.com/jobs/view/4445077051
1533,0,Kaizen Global Technologies,Ping Developer,"Sydney, New South Wales",,2026-07-31,linkedin,filtered,https://www.linkedin.com/jobs/view/4446956859
1534,0,Suncorp Group,"Senior Software Engineer (Java, Node.js & API)","Brisbane, Queensland",,2026-07-31,linkedin,filtered,https://www.linkedin.com/jobs/view/4445084022
1543,0,Sellryt,Software Engineer- Senior ( Rust/Python/Java ) ),(Remote),,2026-07-31,linkedin,filtered,https://www.linkedin.com/jobs/view/4446984522
1547,0,Online Education Services (OES),Online Learning Advisor - Software Development,"Melbourne, Victoria, (Remote)",,2026-07-31,linkedin,filtered,https://www.linkedin.com/jobs/view/4447263230
1553,0,Renaissance InfoSystems,Data Engineer- Cloud,"Sydney, New South Wales",,2026-07-31,linkedin,filtered,https://www.linkedin.com/jobs/view/4445086579
1557,0,Macquarie Group,Data Analyst,"Sydney, New South Wales, (Remote)",,2026-07-31,linkedin,filtered,https://www.linkedin.com/jobs/view/4445080154
1558,0,CareCone Group,Data Engineer - AWS/Automation,"Sydney, New South Wales",,2026-07-31,linkedin,filtered,https://www.linkedin.com/jobs/view/4447244952
1559,0,JS Careers,Senior Data Engineer,Greater Sydney Area,,2026-07-31,linkedin,filtered,https://www.linkedin.com/jobs/view/4446993353
1576,0,Enterprise AI Group,Backend Engineer - Azure,"Sydney, New South Wales",,2026-07-31,linkedin,filtered,https://www.linkedin.com/jobs/view/4446976989
1580,0,Nasdaq,QA Back-End Tester (Linux/Unix),"Sydney, New South Wales",,2026-07-31,linkedin,filtered,https://www.linkedin.com/jobs/view/4447507195
1581,0,OpenAI,AI Deployment Engineer,"Sydney, New South Wales",,2026-07-31,linkedin,filtered,https://www.linkedin.com/jobs/view/4429645557
1589,0,quickclaim,Senior Software Engineer,"Sydney, New South Wales",,2026-07-31,linkedin,filtered,https://www.linkedin.com/jobs/view/4446998420
1591,0,AppViewX,Solution Architect (Australia),"Sydney, New South Wales, (Remote)",,2026-07-31,linkedin,filtered,https://www.linkedin.com/jobs/view/4447590682
1592,0,Google,"Applied Solutions Architect, Google Cloud","Sydney, New South Wales",,2026-07-31,linkedin,filtered,https://www.linkedin.com/jobs/view/4437566676
1593,0,Atlassian,"Senior Manager, Solutions Architect","Sydney, New South Wales",,2026-07-31,linkedin,filtered,https://www.linkedin.com/jobs/view/4438845085
1595,0,News Corp Australia,Solution Architect,"Surry Hills, New South Wales",,2026-07-31,linkedin,filtered,https://www.linkedin.com/jobs/view/4443119123
1597,0,SafetyCulture,Senior Software Engineer,"Sydney, New South Wales",,2026-07-31,linkedin,filtered,https://www.linkedin.com/jobs/view/4437942939
1598,0,Google,"Applied Solutions Architect, Google Cloud","Melbourne, Victoria",,2026-07-31,linkedin,filtered,https://www.linkedin.com/jobs/view/4437562893
1606,0,Accenture Australia,Product Manager,"Melbourne, Victoria, (Remote)",,2026-07-31,linkedin,filtered,https://www.linkedin.com/jobs/view/4379466599
1621,0,XPT Software,Product Data Manager,"Sydney, New South Wales",,2026-07-31,linkedin,filtered,https://www.linkedin.com/jobs/view/4446980937
1622,0,LEAP Legal Software,Product Launch & Enablement Manager,"Sydney, New South Wales",,2026-07-31,linkedin,filtered,https://www.linkedin.com/jobs/view/4437948231
1623,0,EF Educational Tours,Production Specialist,"Sydney, New South Wales",,2026-07-31,linkedin,filtered,https://www.linkedin.com/jobs/view/4437549618
1624,0,Macquarie Group,Director | Product Owner | Fixed Income & Equities,"Sydney, New South Wales, (Remote)",,2026-07-31,linkedin,filtered,https://www.linkedin.com/jobs/view/4445500141
1626,0,Persistent Systems,Program Manager,"Sydney, New South Wales",,2026-07-31,linkedin,filtered,https://www.linkedin.com/jobs/view/4445075955
1627,0,DE Advertising,Activations Manager - Brand Activation,"Sydney, New South Wales",,2026-07-31,linkedin,filtered,https://www.linkedin.com/jobs/view/4446990020
1629,0,CHINT,Low Voltage Product Marketing Manager,"Sydney, New South Wales",,2026-07-31,linkedin,filtered,https://www.linkedin.com/jobs/view/4447267163
1633,0,Accenture Australia,Front-end .NET Developer- AUS Citizen,"Sydney, New South Wales",,2026-07-31,linkedin,filtered,https://www.linkedin.com/jobs/view/4437570744
1634,0,Transport for NSW,Senior Software Developer - Temporary opportunity until June 2028,"Parramatta, New South Wales",,2026-07-31,linkedin,filtered,https://www.linkedin.com/jobs/view/4447298543
1636,0,Torrens University Australia,Full Stack Tech Lead,"Surry Hills, New South Wales",,2026-07-31,linkedin,filtered,https://www.linkedin.com/jobs/view/4446991144
1637,0,Open Point,Full Stack Engineer,"Fitzroy, Victoria",,2026-07-31,linkedin,filtered,https://www.linkedin.com/jobs/view/4425067579
1640,0,Ericsson,Software Engineer - AI Automation,"Sydney, New South Wales",,2026-07-31,linkedin,filtered,https://www.linkedin.com/jobs/view/4446996666
1644,0,Accenture Australia,*AI Engineer*,"Sydney, New South Wales",,2026-07-31,linkedin,filtered,https://www.linkedin.com/jobs/view/4447166171
1647,0,Lendi Group,Senior AI Software Engineer - 12 month fixed term,"Sydney, New South Wales",,2026-07-31,linkedin,filtered,https://www.linkedin.com/jobs/view/4446987109
1654,0,Future Secure AI,Staff Software Engineer - AI,"Brisbane, Queensland",,2026-07-31,linkedin,filtered,https://www.linkedin.com/jobs/view/4447266105
1660,0,Canva,Staff AI Automation Engineer,"Sydney, New South Wales, (Remote)",,2026-07-31,linkedin,filtered,https://www.linkedin.com/jobs/view/4438898918
1671,0,Lendi Group,Senior Mobile Software Engineer – React Native,"Sydney, New South Wales",,2026-07-31,linkedin,filtered,https://www.linkedin.com/jobs/view/4437961113
1672,0,Nasdaq,Senior Java Software Engineer - Nasdaq Market Surveillance,"Sydney, New South Wales",,2026-07-31,linkedin,filtered,https://www.linkedin.com/jobs/view/4447286486
1673,0,Breville | Sage,Senior Embedded Software Engineer,"Sydney, New South Wales",,2026-07-31,linkedin,filtered,https://www.linkedin.com/jobs/view/4447223824
1676,0,Capgemini,Puppet Engineer,"Sydney, New South Wales",,2026-07-31,linkedin,filtered,https://www.linkedin.com/jobs/view/4447256889
1677,0,Zendesk,Senior Software Engineer,"Melbourne, Victoria, (Remote)",,2026-07-31,linkedin,filtered,https://www.linkedin.com/jobs/view/4445517499
1678,0,Copeland,Senior Software Engineer,Unknown,,2026-07-31,linkedin,filtered,https://www.linkedin.com/jobs/view/4445097152
1679,0,Sleek,Principal Full Stack Engineer,(Remote),,2026-07-31,linkedin,filtered,https://www.linkedin.com/jobs/view/4447507786
1680,0,Cresta,Infrastructure Engineer/SRE,Unknown,,2026-07-31,linkedin,filtered,https://www.linkedin.com/jobs/view/4379957850
1699,0,Accenture Australia,Data Engineer,"Ballarat, Victoria",,2026-07-31,linkedin,filtered,https://www.linkedin.com/jobs/view/4400787604
1717,0,UNSW,Senior Test Analyst,"Sydney, New South Wales, (Remote)",,2026-07-31,linkedin,filtered,https://www.linkedin.com/jobs/view/4445539650
1719,0,Freelancer.com,Director of Engineering,"Sydney, New South Wales",,2026-07-31,linkedin,filtered,https://www.linkedin.com/jobs/view/4447247215
1723,0,Nosto,Business Development Manager,"Sydney, New South Wales, (Remote)",,2026-07-31,linkedin,filtered,https://www.linkedin.com/jobs/view/4447183339
1724,0,Tassal Group,Senior Project Manager - New Product Development,"Sydney, New South Wales",,2026-07-31,linkedin,filtered,https://www.linkedin.com/jobs/view/4447276809
1726,0,Riot Games,"Staff Software Engineer, Social & Store - Unpublished R&D Product","Sydney, New South Wales",,2026-07-31,linkedin,filtered,https://www.linkedin.com/jobs/view/4445500004
1729,0,Endeavour Group,Technical Functional Lead - UKG / Payroll,"Millers Point, New South Wales",,2026-07-31,linkedin,filtered,https://www.linkedin.com/jobs/view/4430912378
1732,0,Outstaffer.AI,Chief Technology & Product Officer,(Remote),,2026-07-31,linkedin,filtered,https://www.linkedin.com/jobs/view/4447257414
1733,0,Sentry Recruitment Pty Ltd,Chief Operating Officer,"Melbourne, Victoria",,2026-07-31,linkedin,filtered,https://www.linkedin.com/jobs/view/4446962043
1736,0,SHK Asia Pacific,"DIRECTOR, EMPLOYEE RELATIONS & BUSINESS PARTNERSHIPS","Melbourne, Victoria",,2026-07-31,linkedin,filtered,https://www.linkedin.com/jobs/view/4446933928
1738,0,carsales,Senior Software Engineer,"Melbourne, Victoria, (Remote)",,2026-07-31,linkedin,filtered,https://www.linkedin.com/jobs/view/4430734597
1746,0,EQL,Head of Engineering,"Melbourne, Victoria",,2026-07-31,linkedin,filtered,https://www.linkedin.com/jobs/view/4426470861
1748,0,Accenture Australia,Technical Business Analyst,"Melbourne, Victoria",,2026-07-31,linkedin,filtered,https://www.linkedin.com/jobs/view/4447160308
1749,0,Culture Amp,"Director, Legal","Sydney, New South Wales",,2026-07-31,linkedin,filtered,https://www.linkedin.com/jobs/view/4429025594
1754,0,SimCorp,Solutions Engineer (Portfolio Management),"Sydney, New South Wales, (Remote)",,2026-07-31,linkedin,filtered,https://www.linkedin.com/jobs/view/4447277950
1755,0,Microsoft,Solution Area Specialist - Windows & Devices,"Sydney, New South Wales",,2026-07-31,linkedin,filtered,https://www.linkedin.com/jobs/view/4447518154
1756,0,SAP,Data & AI Solution Advisor,"North Sydney, New South Wales",,2026-07-31,linkedin,filtered,https://www.linkedin.com/jobs/view/4421487681
1757,0,Accenture Australia,*Tech Architecture Sr Manager / Manager / Associate Manager / Specialist/ Sr. Analyst*,"Sydney, New South Wales",,2026-07-31,linkedin,filtered,https://www.linkedin.com/jobs/view/4399678134
1758,0,Mixpanel,Senior Solutions Engineer - ANZ,Greater Sydney Area,,2026-07-31,linkedin,filtered,https://www.linkedin.com/jobs/view/4438896748
1763,0,KFC South Pacific (Yum! Brands Subsidiary),Product Owner - Restaurant Technology,"Frenchs Forest, New South Wales",,2026-07-31,linkedin,filtered,https://www.linkedin.com/jobs/view/4446981708
1764,0,Remitly,"Principal Product Manager, Growth (APAC)","Sydney, New South Wales, (Remote)",,2026-07-31,linkedin,filtered,https://www.linkedin.com/jobs/view/4418143973
1768,0,TikTok,"Advertiser Engagement and Creative Operations Product Specialist, GMPT, TikTok Australia","Sydney, New South Wales",,2026-07-31,linkedin,rejected,https://www.linkedin.com/jobs/view/4447173854
1775,0,Commonwealth Bank,Principal Software Engineer,"Sydney, New South Wales",,2026-07-31,linkedin,filtered,https://www.linkedin.com/jobs/view/4447272417
1777,0,Touring Capital,Senior Backend Engineer,Greater Melbourne Area,,2026-07-31,linkedin,filtered,https://www.linkedin.com/jobs/view/4447169243
1778,0,Kaizen Global Technologies,Senior Backend Engineer,"Sydney, New South Wales",,2026-07-31,linkedin,filtered,https://www.linkedin.com/jobs/view/4446987522
1779,0,Kaizen Global Technologies,Senior Backend Engineer,"Sydney, New South Wales",,2026-07-31,linkedin,filtered,https://www.linkedin.com/jobs/view/4446959447
1780,0,Renaissance InfoSystems,Senior .NET Developer with React & AWS/.Net Fullstack Developer,"Sydney, New South Wales",,2026-07-31,linkedin,filtered,https://www.linkedin.com/jobs/view/4445081038
1781,0,Objective Corporation,Senior Software Engineer - Fullstack (Java | AI),"Sydney, New South Wales",,2026-07-31,linkedin,filtered,https://www.linkedin.com/jobs/view/4447249621
1782,0,SafetyCulture,Staff Backend Engineer - Foundations,"Sydney, New South Wales",,2026-07-31,linkedin,filtered,https://www.linkedin.com/jobs/view/4447554358
1783,0,Kinetic IT,Forward Deployed Engineer,"Sydney, New South Wales",,2026-07-31,linkedin,filtered,https://www.linkedin.com/jobs/view/4437915694
1786,0,Airwallex,"Principal AI Engineer, Business Accounts","Sydney, New South Wales",,2026-07-31,linkedin,filtered,https://www.linkedin.com/jobs/view/4408858624
1789,0,Lendi Group,Senior Mobile Software Engineer – React Native,"Brisbane, Queensland",,2026-07-31,linkedin,filtered,https://www.linkedin.com/jobs/view/4437957184
1792,0,Crossing Hurdles,Senior Software Engineer | Remote,(Remote),,2026-07-31,linkedin,filtered,https://www.linkedin.com/jobs/view/4446976853
1794,0,10 Point Consulting,Senior Innovation Software Engineers,"Canberra, Australian Capital Territory, (Remote)",,2026-07-31,linkedin,filtered,https://www.linkedin.com/jobs/view/4447419035
1803,0,"KBR, Inc.",End User Compute Engineer,Greater Sydney Area,,2026-07-31,linkedin,filtered,https://www.linkedin.com/jobs/view/4357391139
1816,0,Accenture Australia,System Analyst,"Canberra, Australian Capital Territory",,2026-07-31,linkedin,filtered,https://www.linkedin.com/jobs/view/4411865969
1817,0,Accenture Australia,Solution Designer,"Melbourne, Victoria",,2026-07-31,linkedin,filtered,https://www.linkedin.com/jobs/view/4426060371
1819,0,Bureau Veritas,Multiple ICT Roles I Baseline Clearance or Above,"Canberra, Australian Capital Territory, (Remote)",,2026-07-31,linkedin,filtered,https://www.linkedin.com/jobs/view/4446979002
1820,0,AppViewX,Solution Architect (Australia),"Melbourne, Victoria, (Remote)",,2026-07-31,linkedin,filtered,https://www.linkedin.com/jobs/view/4447589777
1821,0,Unisys,Client Solution Architect– Digital Workplace Solutions,"Canberra, Australian Capital Territory",,2026-07-31,linkedin,filtered,https://www.linkedin.com/jobs/view/4420270285
1822,0,Capgemini,Solution Architect,"Perth, Western Australia",,2026-07-31,linkedin,filtered,https://www.linkedin.com/jobs/view/4447253926
1826,0,VIDA GLOW,Brand Manager,"North Sydney, New South Wales",,2026-07-31,linkedin,filtered,https://www.linkedin.com/jobs/view/4446967576
1827,0,Canva,Strategic Sourcing Manager - Business Services & Marketing,"Sydney, New South Wales, (Remote)",,2026-07-31,linkedin,filtered,https://www.linkedin.com/jobs/view/4447262714
1828,0,Agoda,"Analyst/Senior Analyst/Associate Manager, Marketing Analytics (Bangkok Based, relocation provided)","Sydney, New South Wales",,2026-07-31,linkedin,filtered,https://www.linkedin.com/jobs/view/4410535755
1835,0,Accenture Australia,*Data & AI Consultant*,"Sydney, New South Wales",,2026-07-31,linkedin,filtered,https://www.linkedin.com/jobs/view/4426939414
1844,0,Commonwealth Bank,"Staff Software Engineer- .NET ,React","Sydney, New South Wales",,2026-07-31,linkedin,filtered,https://www.linkedin.com/jobs/view/4417021924
1846,0,The Lottery Corporation,Senior Software Engineer,"Brisbane, Queensland",,2026-07-31,linkedin,filtered,https://www.linkedin.com/jobs/view/4447261095
1852,0,"Docker, Inc",Senior Partner Solutions Engineer (Australia/Japan),(Remote),,2026-07-31,linkedin,filtered,https://www.linkedin.com/jobs/view/4438880303
1863,0,Cognizant,Solution Designer,Greater Sydney Area,,2026-07-31,linkedin,filtered,https://www.linkedin.com/jobs/view/4446990525
1865,0,Pandora,"Manager, Trade Marketing","North Sydney, New South Wales",,2026-07-31,linkedin,filtered,https://www.linkedin.com/jobs/view/4435694132
1867,0,Binance,Marketing Manager – Events & Community (Australia),"Sydney, New South Wales",,2026-07-31,linkedin,filtered,https://www.linkedin.com/jobs/view/4389819021
1871,0,CHINT,Low Voltage Product Marketing Manager,"Melbourne, Victoria",,2026-07-31,linkedin,filtered,https://www.linkedin.com/jobs/view/4447262235
1877,0,LAB3,Senior Engineer - AI,"Melbourne, Victoria, (Remote)",,2026-07-31,linkedin,filtered,https://www.linkedin.com/jobs/view/4446953975
1878,0,The Network Technology Recruitment,Senior AI Engineer,"Canberra, Australian Capital Territory",,2026-07-31,linkedin,filtered,https://www.linkedin.com/jobs/view/4445082360
1885,0,Aviation Careers Australia,Senior Integration Engineer,"Brisbane, Queensland",,2026-07-31,linkedin,filtered,https://www.linkedin.com/jobs/view/4447530028
1889,0,Alignerr,Data Science Expert - AI Content Specialist,"Sydney, New South Wales, (Remote)",,2026-07-31,linkedin,rejected,https://www.linkedin.com/jobs/view/4447235822
1891,0,TikTok USDS Joint Venture,"Site Reliability Engineer, Tech Infra - USDS","Sydney, New South Wales",,2026-07-31,linkedin,rejected,https://www.linkedin.com/jobs/view/4447566615
1899,0,HCLTech - Australia and New Zealand,Senior Platform Engineer,"Sydney, New South Wales",,2026-07-31,linkedin,filtered,https://www.linkedin.com/jobs/view/4436650893
1903,0,Airwallex,"Senior Software Engineer (Frontend), Business Accounts","Sydney, New South Wales",,2026-07-31,linkedin,filtered,https://www.linkedin.com/jobs/view/4408875260
1905,0,Accenture Australia,Partners in Performance - Associate,"Sydney, New South Wales",,2026-07-31,linkedin,filtered,https://www.linkedin.com/jobs/view/4424085760
1906,0,DoorDash,"Associate Manager, Merchant Strategy and Operations","Sydney, New South Wales",,2026-07-31,linkedin,filtered,https://www.linkedin.com/jobs/view/4446985484
1907,0,LEAP Legal Software,Product Marketing Specialist,"Sydney, New South Wales",,2026-07-31,linkedin,filtered,https://www.linkedin.com/jobs/view/4437965165
1908,0,Teachers Health,Business Analyst - Business Process Improvement,"Sydney, New South Wales",,2026-07-31,linkedin,filtered,https://www.linkedin.com/jobs/view/4447283059
1909,0,Accenture Australia,Business Process Analyst,"Sydney, New South Wales",,2026-07-31,linkedin,filtered,https://www.linkedin.com/jobs/view/4414135881
1915,0,Riot Games,"Staff Software Engineer, Engine & Tools - Unpublished R&D Product","Sydney, New South Wales",,2026-07-31,linkedin,filtered,https://www.linkedin.com/jobs/view/4445095041
1920,0,Canon Business Services ANZ,Full Stack Developer (ReactJS) WA,"Perth, Western Australia, (Remote)",,2026-07-31,linkedin,filtered,https://www.linkedin.com/jobs/view/4445095524
1923,0,Zurich Australia,Senior Engineer - VPMS,"North Sydney, New South Wales",,2026-07-31,linkedin,filtered,https://www.linkedin.com/jobs/view/4446954623
1924,0,Optus,Senior Security Platform Engineer - Data and Edge Security,"Mount Brisbane, New South Wales, (Remote)",,2026-07-31,linkedin,filtered,https://www.linkedin.com/jobs/view/4430427459
1938,0,Pacific National,Senior Integration Engineer,"Sydney, New South Wales",,2026-07-31,linkedin,filtered,https://www.linkedin.com/jobs/view/4445512528
2021,0,TikTok,"Manager, CNOB Agency Marketing, GBM","Sydney, New South Wales",,2026-07-31,linkedin,rejected,https://www.linkedin.com/jobs/view/4447187228
2022,0,LEAP Legal Software,Growth Marketing Manager,"Sydney, New South Wales",,2026-07-31,linkedin,filtered,https://www.linkedin.com/jobs/view/4437965177
2023,0,Square,Partner Marketing Manager,"Sydney, New South Wales, (Remote)",,2026-07-31,linkedin,filtered,https://www.linkedin.com/jobs/view/4438895384
2026,0,Crimson Education,Marketing Manager (International Athletics),"Sydney, New South Wales, (Remote)",,2026-07-31,linkedin,filtered,https://www.linkedin.com/jobs/view/4447146259
1308,0,Eftsure,Software Engineer,"North Sydney, New South Wales",,2026-07-30,linkedin,filtered,https://www.linkedin.com/jobs/view/4446470307
1312,0,ASX,Test Automation Engineer,"Sydney, New South Wales",,2026-07-30,linkedin,filtered,https://www.linkedin.com/jobs/view/4444506628
1329,0,Blinq,Senior Backend Engineer,"Sydney, New South Wales",,2026-07-30,linkedin,filtered,https://www.linkedin.com/jobs/view/4446492674
1330,0,Cognizant,Senior Fullstack Developer,Greater Sydney Area,,2026-07-30,linkedin,filtered,https://www.linkedin.com/jobs/view/4446462814
1331,0,Blinq,Senior Backend Engineer,"Melbourne, Victoria",,2026-07-30,linkedin,filtered,https://www.linkedin.com/jobs/view/4446489629
1332,0,Alignerr,Machine Learning Engineer,"Sydney, New South Wales, (Remote)",,2026-07-30,linkedin,rejected,https://www.linkedin.com/jobs/view/4447008197
1334,0,Slalom,Senior Engineer - Data and AI - Sydney,"Sydney, New South Wales",,2026-07-30,linkedin,filtered,https://www.linkedin.com/jobs/view/4423755084
1337,0,XPT Software Australia,AI specialist,"Sydney, New South Wales",,2026-07-30,linkedin,filtered,https://www.linkedin.com/jobs/view/4444199660
1340,0,Emanate Technology,Integration Engineer,Greater Sydney Area,,2026-07-30,linkedin,filtered,https://www.linkedin.com/jobs/view/4446886994
1342,0,Alignerr,Masters or PhD Researcher,"Sydney, New South Wales, (Remote)",,2026-07-30,linkedin,rejected,https://www.linkedin.com/jobs/view/4447009069
1343,0,DroneShield,C2 Linux Team Lead,"Sydney, New South Wales, (Remote)",,2026-07-30,linkedin,filtered,https://www.linkedin.com/jobs/view/4447007363
1346,0,LMG,Principal Engineer - Mobile,"Melbourne, Victoria, (Remote)",,2026-07-30,linkedin,filtered,https://www.linkedin.com/jobs/view/4444193420
1358,0,Simplus ANZ (Infosys Salesforce Practice),Software Engineer,"Sydney, New South Wales",,2026-07-30,linkedin,filtered,https://www.linkedin.com/jobs/view/4446494860
1360,0,Macquarie Group,Software Engineer – Data & Analytics - Equity Derivatives and Trading,"Sydney, New South Wales, (Remote)",,2026-07-30,linkedin,filtered,https://www.linkedin.com/jobs/view/4446713006
1365,0,ASX,"Senior Network Engineer, Delivery (12 Month Day Rate Contract)","Sydney, New South Wales",,2026-07-30,linkedin,filtered,https://www.linkedin.com/jobs/view/4444561034
1366,0,Tata Consultancy Services,Full Stack Engineer,Greater Sydney Area,,2026-07-30,linkedin,filtered,https://www.linkedin.com/jobs/view/4446720440
1371,0,Nutanix,Advisory Solutions Architect - Cloud Native,"Sydney, New South Wales, (Remote)",,2026-07-30,linkedin,filtered,https://www.linkedin.com/jobs/view/4446499602
1372,0,Kaizen Global Technologies,Backend Engineer,"Sydney, New South Wales",,2026-07-30,linkedin,filtered,https://www.linkedin.com/jobs/view/4446707490
1374,0,Diksha Technologies,senior full stack developer - NextJS /ReactJs,"Sydney, New South Wales",,2026-07-30,linkedin,filtered,https://www.linkedin.com/jobs/view/4444552406
1375,0,SafetyCulture,Senior Fullstack Engineer,"Sydney, New South Wales",,2026-07-30,linkedin,filtered,https://www.linkedin.com/jobs/view/4446482956
1376,0,Canva,Senior Backend Engineer - (Java) - Teams & Education,"Sydney, New South Wales",,2026-07-30,linkedin,filtered,https://www.linkedin.com/jobs/view/4308689981
1377,0,SafetyCulture,Senior/Staff Backend Engineer - Search,"Sydney, New South Wales",,2026-07-30,linkedin,filtered,https://www.linkedin.com/jobs/view/4446483982
1378,0,Tata Consultancy Services,Front End Fullstack AI Engineers,"Sydney, New South Wales",,2026-07-30,linkedin,filtered,https://www.linkedin.com/jobs/view/4446728592
1386,0,Avance Consulting,AI Architect,"Sydney, New South Wales",,2026-07-30,linkedin,filtered,https://www.linkedin.com/jobs/view/4446745487
1389,0,EventsAir,Developer,"Brisbane, Queensland",,2026-07-30,linkedin,filtered,https://www.linkedin.com/jobs/view/4444518870
1394,0,Hays,Senior BI & Data Engineer,"Sydney, New South Wales",,2026-07-30,linkedin,filtered,https://www.linkedin.com/jobs/view/4446710509
1397,0,Macquarie Group,2026/2027 Macquarie Summer Internship Technology – Sydney,"Sydney, New South Wales",,2026-07-30,linkedin,filtered,https://www.linkedin.com/jobs/view/4408976282
1401,0,Accenture Australia,*Banking Platforms Consultant (all levels)*,"Sydney, New South Wales",,2026-07-30,linkedin,filtered,https://www.linkedin.com/jobs/view/4327989554
1403,0,Iterable,Senior Solutions Consultant & Architect - ANZ,"Sydney, New South Wales, (Remote)",,2026-07-30,linkedin,filtered,https://www.linkedin.com/jobs/view/4437053926
1404,0,Australian Financial Complaints Authority,"Senior Solutions Architect, Digital Platforms","Sydney, New South Wales",,2026-07-30,linkedin,filtered,https://www.linkedin.com/jobs/view/4409753380
1406,0,The Trade Desk,Senior Software Engineer,"Sydney, New South Wales",,2026-07-30,linkedin,filtered,https://www.linkedin.com/jobs/view/4428458952
1409,0,Canva,Product Manager - Subscriptions Lifecycle,"Sydney, New South Wales",,2026-07-30,linkedin,filtered,https://www.linkedin.com/jobs/view/4409763114
1412,0,Macquarie Group,Data Scientist | Model & AI Risk,"Sydney, New South Wales, (Remote)",,2026-07-30,linkedin,filtered,https://www.linkedin.com/jobs/view/4408489151
1413,0,Macquarie Group,AI Engineer,"Sydney, New South Wales, (Remote)",,2026-07-30,linkedin,filtered,https://www.linkedin.com/jobs/view/4435652836
1414,0,randstad digital australia,AI Engineer - Backend Systems,"Millers Point, New South Wales",,2026-07-30,linkedin,filtered,https://www.linkedin.com/jobs/view/4446733663
1415,0,Future Secure AI,"Data Scientist, Applied Science","Sydney, New South Wales",,2026-07-30,linkedin,filtered,https://www.linkedin.com/jobs/view/4429774736
1416,0,Anduril Industries,Staff Software Engineer,"Sydney, New South Wales, (Remote)",,2026-07-30,linkedin,filtered,https://www.linkedin.com/jobs/view/4317044572
1417,0,RELX,Senior Software Engineer,"St Leonards, New South Wales, (Remote)",,2026-07-30,linkedin,filtered,https://www.linkedin.com/jobs/view/4446758867
1418,0,Infosys,Workato Developer,"Sydney, New South Wales",,2026-07-30,linkedin,filtered,https://www.linkedin.com/jobs/view/4444572773
1422,0,IAG,Senior Guidewire Developer - PolicyCenter,"Sydney, New South Wales, (Remote)",,2026-07-30,linkedin,filtered,https://www.linkedin.com/jobs/view/4446892890
1423,0,IAG,Senior Guidewire Developer - PolicyCenter,"Melbourne, Victoria, (Remote)",,2026-07-30,linkedin,filtered,https://www.linkedin.com/jobs/view/4446891966
1424,0,IAG,Senior Guidewire Developer - PolicyCenter,"Brisbane, Queensland, (Remote)",,2026-07-30,linkedin,filtered,https://www.linkedin.com/jobs/view/4447007443
1427,0,Canva,Senior Software Engineer - (Java) - Canva AI - (Open to remote across ANZ),"Melbourne, Victoria, (Remote)",,2026-07-30,linkedin,filtered,https://www.linkedin.com/jobs/view/4308693932
1428,0,Mogi I/O : OTT/Podcast/Short Video Apps for you,Senior Full Stack Engineer (TypeScript),(Remote),,2026-07-30,linkedin,filtered,https://www.linkedin.com/jobs/view/4444552444
1431,0,Peoplebank,HRIS Data Analyst,"Sydney, New South Wales, (Remote)",,2026-07-30,linkedin,filtered,https://www.linkedin.com/jobs/view/4446725585
1435,0,Commonwealth Bank,Principal Data Scientist,"Sydney, New South Wales",,2026-07-30,linkedin,filtered,https://www.linkedin.com/jobs/view/4446721603
1437,0,Commonwealth Bank,Principal Data Scientist – Financial Crime Model Validation,"Sydney, New South Wales",,2026-07-30,linkedin,filtered,https://www.linkedin.com/jobs/view/4438588256
1454,0,Brock Solutions,Software Integration Engineer,"Brisbane, Queensland",,2026-07-30,linkedin,filtered,https://www.linkedin.com/jobs/view/4446781085
1457,0,EventsAir,Developer,"Eight Mile Plains, Queensland",,2026-07-30,linkedin,filtered,https://www.linkedin.com/jobs/view/4444562430
1470,0,Solventum,Implementation Architect,"North Ryde, New South Wales, (Remote)",,2026-07-30,linkedin,filtered,https://www.linkedin.com/jobs/view/4438647710
1473,0,Lobyco,Presales Engineer,Greater Sydney Area,,2026-07-30,linkedin,filtered,https://www.linkedin.com/jobs/view/4446727685
1475,0,World Wide Technology,Solution Architect (Infrastructure Solutions),"Sydney, New South Wales",,2026-07-30,linkedin,filtered,https://www.linkedin.com/jobs/view/4437079844
1478,0,WNS,Lead Technical Consultant,"North Sydney, New South Wales",,2026-07-30,linkedin,filtered,https://www.linkedin.com/jobs/view/3982310255
1493,0,Citi,"Product Manager – Fund Accounting and Administration, Data and reporting, VP - Sydney / Melbourne","Melbourne, Victoria",,2026-07-30,linkedin,filtered,https://www.linkedin.com/jobs/view/4428718124
1508,0,Bilue,Senior AI Engineer (Expressions of Interest),"Sydney, New South Wales",,2026-07-30,linkedin,filtered,https://www.linkedin.com/jobs/view/4446719364
1512,0,LexisNexis Risk Solutions,Senior Software Engineer II,"North Sydney, New South Wales",,2026-07-30,linkedin,filtered,https://www.linkedin.com/jobs/view/4446764874
1517,0,Accenture Australia,*AI LLM Technology Architecture Analyst*,"Sydney, New South Wales",,2026-07-30,linkedin,filtered,https://www.linkedin.com/jobs/view/4444569659
1525,0,FR Consultancy,Platform Engineer,"Sydney, New South Wales",,2026-07-30,linkedin,filtered,https://www.linkedin.com/jobs/view/4444525100
1530,0,Commonwealth Bank,Staff Software Engineer,"Sydney, New South Wales",,2026-07-30,linkedin,filtered,https://www.linkedin.com/jobs/view/4438591237
1554,0,Accenture Australia,*AWS Data Engineer*,"Sydney, New South Wales",,2026-07-30,linkedin,filtered,https://www.linkedin.com/jobs/view/4327979583
1560,0,TEKsystems,Senior Data Engineer,"Sydney, New South Wales, (Remote)",,2026-07-30,linkedin,filtered,https://www.linkedin.com/jobs/view/4442635936
1561,0,Synechron,"Senior Data Platform Engineer(Snowflake, dbt and Airflow)",Greater Sydney Area,,2026-07-30,linkedin,filtered,https://www.linkedin.com/jobs/view/4444501763
1585,0,Macquarie Group,2026/2027 Macquarie Summer Internship – Sydney and Brisbane,"Sydney, New South Wales",,2026-07-30,linkedin,filtered,https://www.linkedin.com/jobs/view/4408973333
1610,0,REA Group,Senior Product Manager,"Sydney, New South Wales",,2026-07-30,linkedin,filtered,https://www.linkedin.com/jobs/view/4434837414
1615,0,REA Group,Senior Product Manager,"Richmond, Victoria",,2026-07-30,linkedin,filtered,https://www.linkedin.com/jobs/view/4434832504
1630,0,Armadillo,Program Manager (Marketing),"Sydney, New South Wales",,2026-07-30,linkedin,filtered,https://www.linkedin.com/jobs/view/4444539246
1632,0,Tata Consultancy Services,Program Test Manager,"Sydney, New South Wales",,2026-07-30,linkedin,filtered,https://www.linkedin.com/jobs/view/4446700649
1661,0,NAB,"Senior Consultant, AI Engineer","Melbourne, Victoria",,2026-07-30,linkedin,filtered,https://www.linkedin.com/jobs/view/4444532661
1689,0,NSW Police Force,Senior Application Developer,"Homebush, New South Wales",,2026-07-30,linkedin,filtered,https://www.linkedin.com/jobs/view/4446709069
1691,0,Pickles Auctions,Business Intelligence Delivery Lead,"Sydney, New South Wales, (Remote)",,2026-07-30,linkedin,filtered,https://www.linkedin.com/jobs/view/4446705546
1692,0,Adam Smith International,Assistant Manager - International Development (Graduate & Early Career Opportunity),"Sydney, New South Wales",,2026-07-30,linkedin,filtered,https://www.linkedin.com/jobs/view/4446728365
1722,0,Simplus ANZ (Infosys Salesforce Practice),ICT Support and Test Engineer,"Sydney, New South Wales",,2026-07-30,linkedin,filtered,https://www.linkedin.com/jobs/view/4446482878
1725,0,Experis Australia,Senior Application and Systems Developer,"Sydney, New South Wales",,2026-07-30,linkedin,filtered,https://www.linkedin.com/jobs/view/4446454876
1728,0,Showpo,Head of Finance,"Sydney, New South Wales",,2026-07-30,linkedin,filtered,https://www.linkedin.com/jobs/view/4444546368
1737,0,CLSA,"Lead Support Analyst, FIX connectivity, Information Technology",New South Wales,,2026-07-30,linkedin,filtered,https://www.linkedin.com/jobs/view/4446700887
1739,0,Canva,Staff Front End Engineer - Mobile Platform,"Adelaide, South Australia",,2026-07-30,linkedin,filtered,https://www.linkedin.com/jobs/view/4437376517
1742,0,Commonwealth Superannuation Corporation,IT Delivery Manager - hybrid/remote - Copy,"Melbourne, Victoria, (Remote)",,2026-07-30,linkedin,filtered,https://www.linkedin.com/jobs/view/4446757022
1744,0,Aspen Medical,Director - Customer Success,"Canberra, Australian Capital Territory",,2026-07-30,linkedin,filtered,https://www.linkedin.com/jobs/view/4438613847
1769,0,OnDeck Australia,Senior Product Manager,"Sydney, New South Wales",,2026-07-30,linkedin,filtered,https://www.linkedin.com/jobs/view/4446702790
1776,0,Canva,Staff Front End Engineer - Mobile Platform,"Sydney, New South Wales",,2026-07-30,linkedin,filtered,https://www.linkedin.com/jobs/view/4437380228
1785,0,Suncorp Group,Senior Machine Learning Engineer,"Sydney, New South Wales",,2026-07-30,linkedin,filtered,https://www.linkedin.com/jobs/view/4446703039
1802,0,"KBR, Inc.",End User Compute Engineer,"Sydney, New South Wales",,2026-07-30,linkedin,filtered,https://www.linkedin.com/jobs/view/4368159189
1804,0,Macquarie Group,Principal Engineer,"Sydney, New South Wales, (Remote)",,2026-07-30,linkedin,filtered,https://www.linkedin.com/jobs/view/4435647980
1811,0,Accenture Australia,*AWS Cloud Native Developer*,"Sydney, New South Wales",,2026-07-30,linkedin,filtered,https://www.linkedin.com/jobs/view/4327999604
1833,0,Sentry,Senior Technical Support Engineer,"Sydney, New South Wales",,2026-07-30,linkedin,filtered,https://www.linkedin.com/jobs/view/4438588065
1843,0,Bridgit,Technical Lead - Banking,"Sydney, New South Wales, (Remote)",,2026-07-30,linkedin,filtered,https://www.linkedin.com/jobs/view/4400509731
1853,0,InEight,Solution Engineer,(Remote),,2026-07-30,linkedin,filtered,https://www.linkedin.com/jobs/view/4446917838
1862,0,Protegrity,Principal Solution Engineer (824),"Sydney, New South Wales, (Remote)",,2026-07-30,linkedin,filtered,https://www.linkedin.com/jobs/view/4438295725
1881,0,Agoda,"Staff/Lead Software Engineer, Back End (Bangkok based - Relocation provided)","Sydney, New South Wales",,2026-07-30,linkedin,filtered,https://www.linkedin.com/jobs/view/4429944948
1882,0,Infosys,Appian Developer,"Sydney, New South Wales",,2026-07-30,linkedin,filtered,https://www.linkedin.com/jobs/view/4444585309
1886,0,August Robotics,Senior Software Engineer,"Melbourne, Victoria",,2026-07-30,linkedin,filtered,https://www.linkedin.com/jobs/view/4446904374
1887,0,UpGuard,Senior/Staff Platform Engineer,"Hobart, Tasmania, (Remote)",,2026-07-30,linkedin,rejected,https://www.linkedin.com/jobs/view/4429935084
1888,0,TEKsystems,Data Governance Analyst,"Greater Sydney Area, (Remote)",,2026-07-30,linkedin,filtered,https://www.linkedin.com/jobs/view/4442970696
1901,0,Leidos Australia,Expression of Interest - Software Engineers/Developers - TSPV,"Canberra, Australian Capital Territory",,2026-07-30,linkedin,filtered,https://www.linkedin.com/jobs/view/4305978178
3363,0,Microsoft,Senior Software Engineer,"Sydney, NSW",,2026-07-30,indeed,filtered,https://au.indeed.com/viewjob?jk=842a31178b701d12
5282,0,Ericsson,Cloud System Integrator,"North Ryde, NSW",,2026-07-30,indeed,filtered,https://au.indeed.com/viewjob?jk=9fd113569d8ed911
1154,0,Commonwealth Bank,"Principal Software Engineer (Java, API, AWS)","Sydney, New South Wales",,2026-07-29,linkedin,filtered,https://www.linkedin.com/jobs/view/4446520375
1155,0,Alignerr,Software Engineer – Machine Learning (AI Training),"Sydney, New South Wales, (Remote)",,2026-07-29,linkedin,rejected,https://www.linkedin.com/jobs/view/4446535087
1162,0,CareCone Group,C++ Developer,"Sydney, New South Wales",,2026-07-29,linkedin,filtered,https://www.linkedin.com/jobs/view/4446536483
1168,0,ALOIS UK,PNV(JMETER),"Melbourne, Victoria",,2026-07-29,linkedin,filtered,https://www.linkedin.com/jobs/view/4446523315
1178,0,Westpac,"Chief Product Owner, Hardship & Collections","Sydney, New South Wales",,2026-07-29,linkedin,filtered,https://www.linkedin.com/jobs/view/4446519677
1181,0,GamblingCareers.com,"Senior Software Engineer, Full-Stack (Sydney)","Sydney, New South Wales, (Remote)",,2026-07-29,linkedin,filtered,https://www.linkedin.com/jobs/view/4446508986
1182,0,Alignerr,Frontend TypeScript Engineer (AI Training),"Sydney, New South Wales, (Remote)",,2026-07-29,linkedin,rejected,https://www.linkedin.com/jobs/view/4446520626
1183,0,ELEK Software - Electrical Power Systems Design,Senior .NET Developer,"Sydney, New South Wales, (Remote)",,2026-07-29,linkedin,filtered,https://www.linkedin.com/jobs/view/4446020038
1185,0,BURGEON IT SERVICES,Technology Lead - .Net FS,"Sydney, New South Wales",,2026-07-29,linkedin,filtered,https://www.linkedin.com/jobs/view/4443661627
1187,0,Alignerr,Data Scientist (Masters),"Sydney, New South Wales, (Remote)",,2026-07-29,linkedin,rejected,https://www.linkedin.com/jobs/view/4446529244
1188,0,Alion,"Senior Solutions Engineer, Artificial Intelligences","Sydney, New South Wales",,2026-07-29,linkedin,filtered,https://www.linkedin.com/jobs/view/4446534924
1193,0,Canva,Staff Software Engineer - Mobile Platform (C++ or Rust),"Sydney, New South Wales, (Remote)",,2026-07-29,linkedin,filtered,https://www.linkedin.com/jobs/view/4446536126
1195,0,Alignerr,Masters or PhD Researcher,"Wollongong, New South Wales, (Remote)",,2026-07-29,linkedin,rejected,https://www.linkedin.com/jobs/view/4446528267
1196,0,Canva,Staff Backend Software Engineer - User Platform,"Melbourne, Victoria, (Remote)",,2026-07-29,linkedin,filtered,https://www.linkedin.com/jobs/view/4446530319
1200,0,N2S.Global,Salesforce Data Cloud Engineer,"Sydney, New South Wales",,2026-07-29,linkedin,filtered,https://www.linkedin.com/jobs/view/4446527537
1209,0,NCS Group Australia,Oracle HCM Solution Architect,"Sydney, New South Wales",,2026-07-29,linkedin,filtered,https://www.linkedin.com/jobs/view/4446022592
1210,0,Tata Consultancy Services,Microsoft Dynamics Solution Architect,"Sydney, New South Wales",,2026-07-29,linkedin,filtered,https://www.linkedin.com/jobs/view/4426084639
1217,0,Trideca,Senior Android Engineer,"Melbourne, Victoria",,2026-07-29,linkedin,filtered,https://www.linkedin.com/jobs/view/4446546508
1219,0,Woolworths Group,Data and Ai Engineer,"Bella Vista, New South Wales",,2026-07-29,linkedin,filtered,https://www.linkedin.com/jobs/view/4446009302
1228,0,Talent Insights Group,Senior Data Engineer,"Sydney, New South Wales",,2026-07-29,linkedin,filtered,https://www.linkedin.com/jobs/view/4446028242
1229,0,Tata Consultancy Services,Senior AWS Data Engineer,"Sydney, New South Wales",,2026-07-29,linkedin,filtered,https://www.linkedin.com/jobs/view/4438978829
1234,0,Resmed,Software Engineer,"Sydney, New South Wales",,2026-07-29,linkedin,rejected,https://www.linkedin.com/jobs/view/4438146498
1236,0,Avant Mutual,Senior Software Engineer,"Sydney, New South Wales",,2026-07-29,linkedin,filtered,https://www.linkedin.com/jobs/view/4446035908
1238,0,ASX,"Senior Engineer, Markets","Sydney, New South Wales",,2026-07-29,linkedin,filtered,https://www.linkedin.com/jobs/view/4408630157
1239,0,Decagon,Enterprise Solutions Engineer,"Sydney, New South Wales",,2026-07-29,linkedin,filtered,https://www.linkedin.com/jobs/view/4437872431
1240,0,Adyen,Implementation Engineer,"Sydney, New South Wales, (Remote)",,2026-07-29,linkedin,filtered,https://www.linkedin.com/jobs/view/4436587822
1241,0,Macquarie Group,Client Fulfilment Technical Architect,"Sydney, New South Wales, (Remote)",,2026-07-29,linkedin,filtered,https://www.linkedin.com/jobs/view/4446051616
1246,0,Honeywell Technologies,Technical Product Owner II,"Sydney, New South Wales",,2026-07-29,linkedin,filtered,https://www.linkedin.com/jobs/view/4446548618
1251,0,Latitude IT,Senior Full Stack Engineer,"Sydney, New South Wales",,2026-07-29,linkedin,filtered,https://www.linkedin.com/jobs/view/4446028465
1253,0,Macquarie Group,Lead Engineer,"Sydney, New South Wales, (Remote)",,2026-07-29,linkedin,filtered,https://www.linkedin.com/jobs/view/4427305788
1257,0,AMP,Senior Digital Engineer,"Sydney, New South Wales",,2026-07-29,linkedin,filtered,https://www.linkedin.com/jobs/view/4446009044
1259,0,Google,"Forward Deployed Engineer III, Gen AI, Google Cloud","Sydney, New South Wales",,2026-07-29,linkedin,filtered,https://www.linkedin.com/jobs/view/4415292472
1260,0,Xero,"Engineer, Machine Learning Systems (AI Products)","Sydney, New South Wales, (Remote)",,2026-07-29,linkedin,filtered,https://www.linkedin.com/jobs/view/4436896304
1261,0,Officeworks,AI Engineer,"Chadstone, Victoria",,2026-07-29,linkedin,filtered,https://www.linkedin.com/jobs/view/4427312832
1262,0,Xero,"Engineer, Machine Learning Systems (AI Products)","Melbourne, Victoria, (Remote)",,2026-07-29,linkedin,filtered,https://www.linkedin.com/jobs/view/4437001156
1263,0,"NTT DATA, Inc.",Lead Gen AI Engineer (GCP),"Sydney, New South Wales",,2026-07-29,linkedin,filtered,https://www.linkedin.com/jobs/view/4434816700
1264,0,IAG,Senior Guidewire Developer,"Sydney, New South Wales, (Remote)",,2026-07-29,linkedin,filtered,https://www.linkedin.com/jobs/view/4446570201
1265,0,IAG,Senior Guidewire Developer,"Melbourne, Victoria, (Remote)",,2026-07-29,linkedin,filtered,https://www.linkedin.com/jobs/view/4446553953
1266,0,IAG,Senior Guidewire Developer,"Brisbane, Queensland, (Remote)",,2026-07-29,linkedin,filtered,https://www.linkedin.com/jobs/view/4446554896
1267,0,REA Group,Senior Software Engineer,"Sydney, New South Wales",,2026-07-29,linkedin,filtered,https://www.linkedin.com/jobs/view/4434530117
1268,0,Datacom,Senior/Tech Lead - AI Development,"Sydney, New South Wales, (Remote)",,2026-07-29,linkedin,filtered,https://www.linkedin.com/jobs/view/4379220110
1269,0,Optus,Senior DevSecOps Engineer,"Macquarie Park, New South Wales, (Remote)",,2026-07-29,linkedin,filtered,https://www.linkedin.com/jobs/view/4438135948
1273,0,Brunel,Solution Architect,"Perth, Western Australia",,2026-07-29,linkedin,filtered,https://www.linkedin.com/jobs/view/4435967608
1274,0,Rooted Farmers,Senior Staff Software Engineer — Remote,"Senior, South Australia, (Remote)",,2026-07-29,linkedin,filtered,https://www.linkedin.com/jobs/view/4444111521
1277,0,Canva,Staff Software Engineer - API Platform (AU remote),"Melbourne, Victoria, (Remote)",,2026-07-29,linkedin,filtered,https://www.linkedin.com/jobs/view/4446568262
1280,0,N2S.Global,Salesforce Data Engineer,"Sydney, New South Wales",,2026-07-29,linkedin,filtered,https://www.linkedin.com/jobs/view/4446570004
1284,0,ASX,Senior Quantitative Data Engineer - 2-year fixed-term,"Sydney, New South Wales",,2026-07-29,linkedin,filtered,https://www.linkedin.com/jobs/view/4436885728
1285,0,"NTT DATA, Inc.",Senior Generative AI Developer (GCP),"Sydney, New South Wales",,2026-07-29,linkedin,filtered,https://www.linkedin.com/jobs/view/4434828027
1286,0,ASX,"Senior Salesforce Engineer, Solution Architect, Apex, LWC","Sydney, New South Wales",,2026-07-29,linkedin,filtered,https://www.linkedin.com/jobs/view/4428006482
1287,0,Axway,Senior Presales Solutions Engineer,Greater Sydney Area,,2026-07-29,linkedin,filtered,https://www.linkedin.com/jobs/view/4419122851
1288,0,Axon,"Site Reliability Engineer (Australia, Remote)","Sydney, New South Wales, (Remote)",,2026-07-29,linkedin,filtered,https://www.linkedin.com/jobs/view/4446579178
1290,0,Xero,Principal Software Engineer - Mobile,"Sydney, New South Wales",,2026-07-29,linkedin,filtered,https://www.linkedin.com/jobs/view/4446053225
1292,0,Eftsure,Sr. Analytics Engineer,"North Sydney, New South Wales",,2026-07-29,linkedin,filtered,https://www.linkedin.com/jobs/view/4446030793
1293,0,Deloitte,Senior Data Engineer,"Sydney, New South Wales",,2026-07-29,linkedin,filtered,https://www.linkedin.com/jobs/view/4446552644
1296,0,Microsoft,Solution Engineer,"Sydney, New South Wales",,2026-07-29,linkedin,filtered,https://www.linkedin.com/jobs/view/4438212588
1297,0,Colgate-Palmolive,NPD Associate Project Manager,"Sydney, New South Wales",,2026-07-29,linkedin,filtered,https://www.linkedin.com/jobs/view/4446099197
1300,0,Agoda,Backend Lead Software Engineer (L5) — Bangkok Relocation Provided,"Sydney, New South Wales",,2026-07-29,linkedin,filtered,https://www.linkedin.com/jobs/view/4429949918
1301,0,Commonwealth Bank,Senior Software Engineer - D365 Specialist,"Sydney, New South Wales",,2026-07-29,linkedin,filtered,https://www.linkedin.com/jobs/view/4446561513
1304,0,Canva,"Senior Software Engineer, Revenue Enablement - (Java) - Growth (open to remote across ANZ)","Sydney, New South Wales, (Remote)",,2026-07-29,linkedin,filtered,https://www.linkedin.com/jobs/view/4308905643
1311,0,Cuscal Limited,BMC Engineer,"Sydney, New South Wales",,2026-07-29,linkedin,filtered,https://www.linkedin.com/jobs/view/4438116542
1313,0,Slalom,Senior Architect - Software Engineering-Sydney,"Sydney, New South Wales",,2026-07-29,linkedin,filtered,https://www.linkedin.com/jobs/view/4409347820
1323,0,Future Secure AI,AI Build Lead,"Sydney, New South Wales",,2026-07-29,linkedin,filtered,https://www.linkedin.com/jobs/view/4446879536
1335,0,Slalom,Senior Engineer - Data and AI - Sydney,"Sydney, New South Wales",,2026-07-29,linkedin,filtered,https://www.linkedin.com/jobs/view/4409344968
1339,0,Canva,Senior Software Engineer (Observability),"Sydney, New South Wales, (Remote)",,2026-07-29,linkedin,filtered,https://www.linkedin.com/jobs/view/4438134093
1341,0,Canva,"Senior Software Engineer - Developer Experience (Golang, Python)","Sydney, New South Wales, (Remote)",,2026-07-29,linkedin,filtered,https://www.linkedin.com/jobs/view/4438113987
1344,0,Workato,Senior Forward Deployed Engineer,"Sydney, New South Wales, (Remote)",,2026-07-29,linkedin,filtered,https://www.linkedin.com/jobs/view/4429774376
1349,0,Arista Networks,"Senior Software Engineer, EOS - Sydney","Sydney, New South Wales",,2026-07-29,linkedin,filtered,https://www.linkedin.com/jobs/view/4426485954
1370,0,Nutanix Indonesia,Advisory Solutions Architect - Cloud Native,"Sydney, New South Wales, (Remote)",,2026-07-29,linkedin,filtered,https://www.linkedin.com/jobs/view/4446716330
1379,0,XPT Software,Senior Software Engineer – Full-Stack & Mobile (AI-Enabled Development),"Sydney, New South Wales",,2026-07-29,linkedin,filtered,https://www.linkedin.com/jobs/view/4446723517
1425,0,Canva,Staff Software Engineer - Video - Content and Discovery,"Sydney, New South Wales, (Remote)",,2026-07-29,linkedin,filtered,https://www.linkedin.com/jobs/view/4446518780
1432,0,Fusion5,Senior Integration Developer - Data and Integration,"Melbourne, Victoria",,2026-07-29,linkedin,filtered,https://www.linkedin.com/jobs/view/4446515759
1433,0,Mantel,Lead Data Engineer - Snowflake,"Sydney, New South Wales",,2026-07-29,linkedin,filtered,https://www.linkedin.com/jobs/view/4445787720
1436,0,Fusion5,Senior Integration Developer - Data and Integration,"Sydney, New South Wales",,2026-07-29,linkedin,filtered,https://www.linkedin.com/jobs/view/4446529225
1439,0,MYOB,HubSpot CRM Senior Analyst,"Sydney, New South Wales",,2026-07-29,linkedin,filtered,https://www.linkedin.com/jobs/view/4446532002
1477,0,Tech Data APAC,Pre-Sales Solution Architect - Microsoft,"Macquarie Park, New South Wales",,2026-07-29,linkedin,filtered,https://www.linkedin.com/jobs/view/4444100538
1496,0,Commonwealth Bank,"Staff Software Engineer - React, Typescript","Sydney, New South Wales",,2026-07-29,linkedin,filtered,https://www.linkedin.com/jobs/view/4428841237
1504,0,Medibank,Software Engineer - Fullstack Engineer,"Melbourne, Victoria",,2026-07-29,linkedin,filtered,https://www.linkedin.com/jobs/view/4443682287
1510,0,Canva,Staff Machine Learning Engineer - Recommendations (AU remote),"Sydney, New South Wales, (Remote)",,2026-07-29,linkedin,filtered,https://www.linkedin.com/jobs/view/4446565382
1516,0,Salient Group,Senior Applied AI Engineer,"Melbourne, Victoria",,2026-07-29,linkedin,filtered,https://www.linkedin.com/jobs/view/4446890439
1519,0,Quantium,"Executive, AI Technology","Sydney, New South Wales",,2026-07-29,linkedin,filtered,https://www.linkedin.com/jobs/view/4401016294
1539,0,Voltaire,Founding Engineer (DevOps / Infrastructure),"Sydney, New South Wales, (Remote)",,2026-07-29,linkedin,rejected,https://www.linkedin.com/jobs/view/4444881103
1562,0,PACCAR Australia,2027 Momentum Graduates x 5,"Bayswater, Victoria",,2026-07-29,linkedin,filtered,https://www.linkedin.com/jobs/view/4446024360
1611,0,Hostplus,Digital Product Manager,"Melbourne, Victoria",,2026-07-29,linkedin,filtered,https://www.linkedin.com/jobs/view/4446052679
1612,0,Macquarie Group,Senior Product Manager,"Sydney, New South Wales, (Remote)",,2026-07-29,linkedin,filtered,https://www.linkedin.com/jobs/view/4446057044
1614,0,Sugar Australia,Product Manager - Sweetener Ingredients,"North Ryde, New South Wales",,2026-07-29,linkedin,filtered,https://www.linkedin.com/jobs/view/4438179770
1639,0,Calcs.com,Senior Software Developer,"Melbourne, Victoria",,2026-07-29,linkedin,filtered,https://www.linkedin.com/jobs/view/4444187485
1664,0,Zendesk,Forward Deployed Engineer,"Melbourne, Victoria, (Remote)",,2026-07-29,linkedin,filtered,https://www.linkedin.com/jobs/view/4434573041
1712,0,Nasdaq,Product Business Analyst,"Sydney, New South Wales",,2026-07-29,linkedin,filtered,https://www.linkedin.com/jobs/view/4429901481
1743,0,Harrison.ai,Senior Commercial Finance Manager,"Sydney, New South Wales, (Remote)",,2026-07-29,linkedin,filtered,https://www.linkedin.com/jobs/view/4429909463
1767,0,Whatnot,"Partnerships Associate, Australia","Greater Sydney Area, (Remote)",,2026-07-29,linkedin,filtered,https://www.linkedin.com/jobs/view/4317485427
996,0,Cuscal Limited,Software Engineer - React/Node.js,"Sydney, New South Wales",,2026-07-28,linkedin,filtered,https://www.linkedin.com/jobs/view/4437733493
1001,0,Macquarie Group,Software Engineer – C# – Equity Derivatives and Trading,"Sydney, New South Wales, (Remote)",,2026-07-28,linkedin,filtered,https://www.linkedin.com/jobs/view/4445493885
1007,0,Kinexus Australia,Software & Robotics Engineers,"Sydney, New South Wales",,2026-07-28,linkedin,filtered,https://www.linkedin.com/jobs/view/4443260816
1011,0,Commonwealth Bank,Senior Software Engineer - Workday Integrations,"Sydney, New South Wales",,2026-07-28,linkedin,filtered,https://www.linkedin.com/jobs/view/4445463873
1012,0,Riot Games,Staff Software Engineer - Automation & Build Systems - Unpublished R&D Product (Sydney-Based; Relocation & Visa Sponsorship Provided),"Sydney, New South Wales",,2026-07-28,linkedin,filtered,https://www.linkedin.com/jobs/view/4444424440
1013,0,coreflow,"Software Engineer, Model Deployment (Senior/Staff/Principal)","Sydney, New South Wales",,2026-07-28,linkedin,filtered,https://www.linkedin.com/jobs/view/4445454222
1014,0,Alignerr,Back End Developer (AI Infrastructure),"Sydney, New South Wales, (Remote)",,2026-07-28,linkedin,rejected,https://www.linkedin.com/jobs/view/4446173027
1016,0,Alignerr,Back End Developer (AI Infrastructure),"Melbourne, Victoria, (Remote)",,2026-07-28,linkedin,rejected,https://www.linkedin.com/jobs/view/4446173035
1018,0,YO AI Labs,Senior Software Engineer - Remote,"Sydney, New South Wales, (Remote)",,2026-07-28,linkedin,filtered,https://www.linkedin.com/jobs/view/4445426515
1019,0,AI Talent,Senior Software Developer,"Sydney, New South Wales",,2026-07-28,linkedin,filtered,https://www.linkedin.com/jobs/view/4445447269
1021,0,Balance Recruitment and Balance Consulting,Senior C#/.NET Developer,"Sydney, New South Wales",,2026-07-28,linkedin,filtered,https://www.linkedin.com/jobs/view/4445475072
1022,0,Tribus,C++ Developer,"Sydney, New South Wales",,2026-07-28,linkedin,filtered,https://www.linkedin.com/jobs/view/4443221776
1025,0,Macquarie Group,Solution Designer,"Sydney, New South Wales, (Remote)",,2026-07-28,linkedin,filtered,https://www.linkedin.com/jobs/view/4445439953
1026,0,Cloudflare,Presales Customer Engineer (Sydney),"Sydney, New South Wales",,2026-07-28,linkedin,filtered,https://www.linkedin.com/jobs/view/4443234227
1030,0,Credera,"Senior Architect, Digital Platform Solutions","Sydney, New South Wales",,2026-07-28,linkedin,filtered,https://www.linkedin.com/jobs/view/4445459491
1031,0,coreflow,Software Engineer (Senior/Staff/Principal),"Sydney, New South Wales",,2026-07-28,linkedin,filtered,https://www.linkedin.com/jobs/view/4445462069
1032,0,Credera,"Senior Architect, Digital Platform Solutions","Melbourne, Victoria",,2026-07-28,linkedin,filtered,https://www.linkedin.com/jobs/view/4445464415
1033,0,Hatch,Senior Software Engineer @ Australian Payments Plus,"Sydney, New South Wales",,2026-07-28,linkedin,filtered,https://www.linkedin.com/jobs/view/4445424161
1043,0,Mana,Lead Software Engineer,"Sydney, New South Wales",,2026-07-28,linkedin,filtered,https://www.linkedin.com/jobs/view/4445455060
1045,0,Commonwealth Bank,"Staff Software Engineer (AI, Python, AWS)","Sydney, New South Wales",,2026-07-28,linkedin,filtered,https://www.linkedin.com/jobs/view/4437729906
1047,0,Salient Group,Principal Software Engineer,"Sydney, New South Wales",,2026-07-28,linkedin,filtered,https://www.linkedin.com/jobs/view/4445462946
1048,0,Xero,Senior Engineer - ML Systems (AI Products),"Sydney, New South Wales, (Remote)",,2026-07-28,linkedin,filtered,https://www.linkedin.com/jobs/view/4436523954
1050,0,Latitude IT,Senior Full Stack Engineer,"Sydney, New South Wales",,2026-07-28,linkedin,filtered,https://www.linkedin.com/jobs/view/4445464753
1051,0,Easygo,"Senior Software Engineer, Full-Stack (Sydney)","Sydney, New South Wales, (Remote)",,2026-07-28,linkedin,filtered,https://www.linkedin.com/jobs/view/4446156508
1052,0,Zip Co,Senior AI Fullstack Engineer,"Sydney, New South Wales",,2026-07-28,linkedin,filtered,https://www.linkedin.com/jobs/view/4445444316
1053,0,Hatch,Senior Elixir Backend Engineer,"Sydney, New South Wales",,2026-07-28,linkedin,filtered,https://www.linkedin.com/jobs/view/4445459902
1054,0,Zip Co,Senior AI Fullstack Engineer,"Melbourne, Victoria",,2026-07-28,linkedin,filtered,https://www.linkedin.com/jobs/view/4445434488
1061,0,Alignerr,Software Engineer (AI Training) — Remote Contract,"Sydney, New South Wales, (Remote)",,2026-07-28,linkedin,rejected,https://www.linkedin.com/jobs/view/4446153948
1064,0,Doshii,Staff Software Engineer,"Sydney, New South Wales, (Remote)",,2026-07-28,linkedin,filtered,https://www.linkedin.com/jobs/view/4446193355
1065,0,Commonwealth Bank,"Staff Software Engineer, Doshii","Sydney, New South Wales, (Remote)",,2026-07-28,linkedin,filtered,https://www.linkedin.com/jobs/view/4445473082
1066,0,Canva,"Staff Software Engineer – Create, Grow - Growth","Sydney, New South Wales, (Remote)",,2026-07-28,linkedin,filtered,https://www.linkedin.com/jobs/view/4446175052
1068,0,Alignerr,Senior Software Engineer (AI Infrastructure),"Sydney, New South Wales, (Remote)",,2026-07-28,linkedin,rejected,https://www.linkedin.com/jobs/view/4446169828
1071,0,Squiz,Senior Quality Engineer - Metrics and Observability,"Sydney, New South Wales, (Remote)",,2026-07-28,linkedin,filtered,https://www.linkedin.com/jobs/view/4446150816
1072,0,Ecommerce Guide,"Technical Project Manager, Global Services","Sydney, New South Wales, (Remote)",,2026-07-28,linkedin,filtered,https://www.linkedin.com/jobs/view/4446166554
1076,0,Canva,Staff Software Engineer - Mobile Platform,"Sydney, New South Wales, (Remote)",,2026-07-28,linkedin,filtered,https://www.linkedin.com/jobs/view/4427780594
1078,0,Commonwealth Bank,"Staff Software Engineer, Doshii","Melbourne, Victoria, (Remote)",,2026-07-28,linkedin,filtered,https://www.linkedin.com/jobs/view/4445468723
1079,0,Canva,Staff Software Engineer - Mobile Platform,"Melbourne, Victoria, (Remote)",,2026-07-28,linkedin,filtered,https://www.linkedin.com/jobs/view/4427772706
1080,0,Xero,Senior Engineer - AI Agentic,"Sydney, New South Wales",,2026-07-28,linkedin,filtered,https://www.linkedin.com/jobs/view/4437713989
1081,0,Oracle,Lead Principal Security Software Engineer | Oracle Cloud Infrastructure | 12+ years | Sydney Australia,"Sydney, New South Wales",,2026-07-28,linkedin,filtered,https://www.linkedin.com/jobs/view/4445488763
1083,0,ELMO Software,Senior Software Engineer - React/PHP,"Sydney, New South Wales",,2026-07-28,linkedin,filtered,https://www.linkedin.com/jobs/view/4446172456
1084,0,DX1,Senior Data Engineer,"Sydney, New South Wales",,2026-07-28,linkedin,filtered,https://www.linkedin.com/jobs/view/4353042550
1085,0,MIP Australia,Associate Consultant,"Sydney, New South Wales",,2026-07-28,linkedin,rejected,https://www.linkedin.com/jobs/view/4445425323
1087,0,Talent,Data Engineer (Contract),"Sydney, New South Wales",,2026-07-28,linkedin,filtered,https://www.linkedin.com/jobs/view/4443225815
1089,0,Whizdom,Data Engineer,"Sydney, New South Wales",,2026-07-28,linkedin,filtered,https://www.linkedin.com/jobs/view/4445438852
1092,0,CareCone Group,Data Engineer - AWS/Automation,"Sydney, New South Wales",,2026-07-28,linkedin,filtered,https://www.linkedin.com/jobs/view/4446195075
1094,0,Macquarie Group,PHP Engineer,"Sydney, New South Wales",,2026-07-28,linkedin,filtered,https://www.linkedin.com/jobs/view/4386659154
1097,0,Riot Games,Staff Software Engineer - Automation & Build Systems - Unpublished R&D Product (Sydney-Based; Relocation & Visa Sponsorship Provided),"Melbourne, Victoria",,2026-07-28,linkedin,filtered,https://www.linkedin.com/jobs/view/4444417969
1098,0,Canva,Senior Frontend Engineer - Design Editing Accessibility,"Melbourne, Victoria, (Remote)",,2026-07-28,linkedin,filtered,https://www.linkedin.com/jobs/view/4445472590
1099,0,Riot Games,Staff Software Engineer - Automation & Build Systems - Unpublished R&D Product (Sydney-Based; Relocation & Visa Sponsorship Provided),"Brisbane, Queensland",,2026-07-28,linkedin,filtered,https://www.linkedin.com/jobs/view/4444430213
1102,0,Miro,Innovation Architect,"Sydney, New South Wales, (Remote)",,2026-07-28,linkedin,filtered,https://www.linkedin.com/jobs/view/4417450367
1104,0,Netskope,Solutions Engineer,"Melbourne, Victoria, (Remote)",,2026-07-28,linkedin,filtered,https://www.linkedin.com/jobs/view/4436505533
1105,0,Capgemini,AWS & Azure Multi Cloud Architect,"Sydney, New South Wales",,2026-07-28,linkedin,filtered,https://www.linkedin.com/jobs/view/4437737332
1106,0,SimCorp,Product Solutions Architect – Enterprise,"Sydney, New South Wales",,2026-07-28,linkedin,filtered,https://www.linkedin.com/jobs/view/4446311194
1107,0,ASX,Market Trading Senior Solution Architect,"Sydney, New South Wales",,2026-07-28,linkedin,filtered,https://www.linkedin.com/jobs/view/4408622174
1108,0,Arista Networks,"Senior Software Engineer, Diagnostics - Sydney","Sydney, New South Wales",,2026-07-28,linkedin,filtered,https://www.linkedin.com/jobs/view/4443262349
1109,0,Macquarie Group,Product Manager,"Sydney, New South Wales, (Remote)",,2026-07-28,linkedin,filtered,https://www.linkedin.com/jobs/view/4434528312
1111,0,XPT Software Australia,Data Product Manager,"Sydney, New South Wales",,2026-07-28,linkedin,filtered,https://www.linkedin.com/jobs/view/4445441409
1112,0,Macquarie Group,Product Manager,"Sydney, New South Wales, (Remote)",,2026-07-28,linkedin,filtered,https://www.linkedin.com/jobs/view/4428011897
1113,0,Zembl,Product Manager (Energy Solutions),"Sydney, New South Wales",,2026-07-28,linkedin,filtered,https://www.linkedin.com/jobs/view/4437161677
1114,0,Airwallex,"Staff Product Manager, Yield","Sydney, New South Wales",,2026-07-28,linkedin,filtered,https://www.linkedin.com/jobs/view/4386653961
1115,0,Westpac,"Chief Product Owner, Investigating & Offboarding","Sydney, New South Wales",,2026-07-28,linkedin,filtered,https://www.linkedin.com/jobs/view/4443224839
1116,0,Westpac,"Chief Product Owner, Unassisted Onboarding & Maintenance","Sydney, New South Wales",,2026-07-28,linkedin,filtered,https://www.linkedin.com/jobs/view/4443230456
1117,0,Google,"Technical Program Manager, Payments Platform","Sydney, New South Wales",,2026-07-28,linkedin,filtered,https://www.linkedin.com/jobs/view/4443254760
1118,0,Jomablue,Product Marketing Manager,"Sydney, New South Wales, (Remote)",,2026-07-28,linkedin,filtered,https://www.linkedin.com/jobs/view/4443206855
1124,0,Mattox Solution,Senior Software Engineer,"Sydney, New South Wales",,2026-07-28,linkedin,filtered,https://www.linkedin.com/jobs/view/4446314836
1127,0,Future Secure AI,"Senior AI Engineer, Data Science","Sydney, New South Wales",,2026-07-28,linkedin,filtered,https://www.linkedin.com/jobs/view/4443215390
1128,0,Future Secure AI,"Senior AI Engineer, Data Science","Melbourne, Victoria",,2026-07-28,linkedin,filtered,https://www.linkedin.com/jobs/view/4443205481
1129,0,Future Secure AI,"Senior AI Engineer, Data Science","Brisbane, Queensland",,2026-07-28,linkedin,filtered,https://www.linkedin.com/jobs/view/4443217395
1131,0,Commonwealth Bank,Staff Software Engineer - .NET,"Sydney, New South Wales",,2026-07-28,linkedin,filtered,https://www.linkedin.com/jobs/view/4437744437
1132,0,Westpac Group,Chief AI Engineer,"Sydney, New South Wales",,2026-07-28,linkedin,filtered,https://www.linkedin.com/jobs/view/4437721114
1133,0,AirTrunk,Staff AI & Data Engineer,"North Sydney, New South Wales",,2026-07-28,linkedin,filtered,https://www.linkedin.com/jobs/view/4437726700
1136,0,Nuage Technology Group,Senior/Principal AI Engineers - Sydney (Hybrid),"Sydney, New South Wales",,2026-07-28,linkedin,filtered,https://www.linkedin.com/jobs/view/4446177197
1141,0,develop,Technical Lead,(Remote),,2026-07-28,linkedin,filtered,https://www.linkedin.com/jobs/view/4443256773
1148,0,Google,"Software Engineer Manager, Netsoft","Sydney, New South Wales",,2026-07-28,linkedin,filtered,https://www.linkedin.com/jobs/view/4445735789
1156,0,Synechron,.NET Full Stack Engineer ( Sydney/Melbourne),Greater Sydney Area,,2026-07-28,linkedin,filtered,https://www.linkedin.com/jobs/view/4443607620
1157,0,Macquarie Group,Principal Engineer - Payments,"Sydney, New South Wales, (Remote)",,2026-07-28,linkedin,filtered,https://www.linkedin.com/jobs/view/4445447373
1158,0,Accenture Australia,Senior .NET Full Stack Developor (AU Citizen with Security Clearance),"Sydney, New South Wales",,2026-07-28,linkedin,filtered,https://www.linkedin.com/jobs/view/4445735924
1170,0,ServiceRocket,Solutions Architect,"Sydney, New South Wales, (Remote)",,2026-07-28,linkedin,filtered,https://www.linkedin.com/jobs/view/4446376666
1172,0,ServiceRocket,Solutions Architect,(Remote),,2026-07-28,linkedin,filtered,https://www.linkedin.com/jobs/view/4446381563
1173,0,Stripe,Partner Solutions Architect (AUNZ),"Sydney, New South Wales",,2026-07-28,linkedin,filtered,https://www.linkedin.com/jobs/view/4446373679
1177,0,Synechron,Senior Business Analyst / Product Owner (Sydney/Melbourne),Greater Sydney Area,,2026-07-28,linkedin,filtered,https://www.linkedin.com/jobs/view/4443611677
1180,0,Harvey,"Manager, Legal Engineering (Product Specialists)","Sydney, New South Wales, (Remote)",,2026-07-28,linkedin,filtered,https://www.linkedin.com/jobs/view/4436276277
1184,0,Novus Recruitment Solutions,Senior Full Stack Engineers (.NET / React / AWS/  AI Tools),"Sydney, New South Wales",,2026-07-28,linkedin,filtered,https://www.linkedin.com/jobs/view/4445788645
1190,0,Tata Consultancy Services,Senior API Developer,"Sydney, New South Wales",,2026-07-28,linkedin,filtered,https://www.linkedin.com/jobs/view/4433637344
1191,0,AI Talent,Senior Databricks Developer,"Sydney, New South Wales",,2026-07-28,linkedin,filtered,https://www.linkedin.com/jobs/view/4445431889
1192,0,Johnson Controls,Bid Development Lead,"Sydney, New South Wales",,2026-07-28,linkedin,filtered,https://www.linkedin.com/jobs/view/4433961690
1201,0,SKL Technology,Senior Data Engineer,"Sydney, New South Wales",,2026-07-28,linkedin,filtered,https://www.linkedin.com/jobs/view/4445782728
1204,0,Synechron,.NET (AWS API & Microservices) : Sydney/Melbourne,Greater Sydney Area,,2026-07-28,linkedin,filtered,https://www.linkedin.com/jobs/view/4443620047
1206,0,Cloud Raptor,Senior Software Engineer,"Sydney, New South Wales",,2026-07-28,linkedin,filtered,https://www.linkedin.com/jobs/view/4443226057
1212,0,XPT Software,Technology lead,"Sydney, New South Wales",,2026-07-28,linkedin,filtered,https://www.linkedin.com/jobs/view/4446025181
1218,0,Nuage Technology Group,Senior Embedded Software Engineer,"Sydney, New South Wales",,2026-07-28,linkedin,filtered,https://www.linkedin.com/jobs/view/4446173570
1220,0,Alignerr,Software Engineer (AI Training),"Brisbane, Queensland, (Remote)",,2026-07-28,linkedin,rejected,https://www.linkedin.com/jobs/view/4446154957
1221,0,Alignerr,Software Engineer (AI Training),"Melbourne, Victoria, (Remote)",,2026-07-28,linkedin,rejected,https://www.linkedin.com/jobs/view/4446170535
1222,0,Tardis Group,Senior Software Engineer,(Remote),,2026-07-28,linkedin,filtered,https://www.linkedin.com/jobs/view/4446182190
1258,0,Xero,Senior Engineer - AI Agentic,"Melbourne, Victoria",,2026-07-28,linkedin,filtered,https://www.linkedin.com/jobs/view/4437720759
1305,0,Jobgether,Project Engineer II,(Remote),,2026-07-28,linkedin,filtered,https://www.linkedin.com/jobs/view/4443287340
1390,0,Jobgether,Senior Full Stack Software Engineer,Unknown,,2026-07-28,linkedin,filtered,https://www.linkedin.com/jobs/view/4443279573
1395,0,Launch Group,Senior Data Engineer,"Sydney, New South Wales",,2026-07-28,linkedin,filtered,https://www.linkedin.com/jobs/view/4436296727
1444,0,Accenture Australia,Technology Graduate Analyst - Junior Automation Tester - Early Careers,"Sydney, New South Wales",,2026-07-28,linkedin,filtered,https://www.linkedin.com/jobs/view/4445731984
1445,0,Macquarie Group,Python Engineer - Security Automation,"Sydney, New South Wales, (Remote)",,2026-07-28,linkedin,filtered,https://www.linkedin.com/jobs/view/4445489950
1522,0,Amazon Web Services (AWS),"Operations Research and AI Consultant, AWS Professional Services","Sydney, New South Wales",,2026-07-28,linkedin,filtered,https://www.linkedin.com/jobs/view/4443286264
1531,0,Macquarie Group,Senior Software Engineer - Core Platforms,"Sydney, New South Wales, (Remote)",,2026-07-28,linkedin,filtered,https://www.linkedin.com/jobs/view/4425751636
835,0,Accenture Australia,Technology Analyst - Junior Integration Developer - Early Careers,"Sydney, New South Wales",,2026-07-27,linkedin,filtered,https://www.linkedin.com/jobs/view/4444893920
841,0,TPG Telecom,Software Engineer (12-month FTC),"Sydney, New South Wales",,2026-07-27,linkedin,filtered,https://www.linkedin.com/jobs/view/4444876773
847,0,Alignerr,Software Engineer - YAML Experience,"Sydney, New South Wales, (Remote)",,2026-07-27,linkedin,rejected,https://www.linkedin.com/jobs/view/4445658222
851,0,Infosys,Quantexa Engineer,"Sydney, New South Wales",,2026-07-27,linkedin,filtered,https://www.linkedin.com/jobs/view/4442846097
852,0,Novus Recruitment Solutions,Senior Full Stack Engineer (JavaScript/TypeScript) – Tech for Good!,"Sydney, New South Wales",,2026-07-27,linkedin,filtered,https://www.linkedin.com/jobs/view/4444848679
855,0,NCS Group Australia,Google Cloud Solution Architect - GCP,"Sydney, New South Wales",,2026-07-27,linkedin,filtered,https://www.linkedin.com/jobs/view/4431627614
856,0,Australian Payments Plus,Senior Software Engineer,"Sydney, New South Wales",,2026-07-27,linkedin,filtered,https://www.linkedin.com/jobs/view/4445689030
857,0,ADL Group Australia,Senior Software Engineer [Australian with Baseline],"Sydney, New South Wales",,2026-07-27,linkedin,filtered,https://www.linkedin.com/jobs/view/4445101012
859,0,CareCone Group,Senior Software Engineer,"Sydney, New South Wales",,2026-07-27,linkedin,filtered,https://www.linkedin.com/jobs/view/4445672343
860,0,Balance Recruitment and Balance Consulting,Senior C#/.NET Developer,"Sydney, New South Wales",,2026-07-27,linkedin,filtered,https://www.linkedin.com/jobs/view/4444861475
862,0,Finder,Senior Software Engineer,"Sydney, New South Wales",,2026-07-27,linkedin,filtered,https://www.linkedin.com/jobs/view/4444894054
863,0,Mosh,Senior Software Engineer – Backend / Full Stack,"Sydney, New South Wales, (Remote)",,2026-07-27,linkedin,filtered,https://www.linkedin.com/jobs/view/4445673256
866,0,Fujitsu,Principal Solution Architect - Enterprise and Commercial,"Sydney, New South Wales",,2026-07-27,linkedin,filtered,https://www.linkedin.com/jobs/view/4445686032
867,0,Cloud Delivered,Senior Solution Architect,"Sydney, New South Wales",,2026-07-27,linkedin,filtered,https://www.linkedin.com/jobs/view/4444873471
869,0,Tata Consultancy Services,Senior ServiceNow Solution Developer / Integration Architect,"Melbourne, Victoria",,2026-07-27,linkedin,filtered,https://www.linkedin.com/jobs/view/4444869840
872,0,Macquarie Group,"Associate, Product Specialist – APAC Private Markets","Sydney, New South Wales, (Remote)",,2026-07-27,linkedin,filtered,https://www.linkedin.com/jobs/view/4442835058
873,0,HUB24 Limited,"Product Manager, Data Products","Sydney, New South Wales",,2026-07-27,linkedin,filtered,https://www.linkedin.com/jobs/view/4436052534
875,0,Red Lion Consulting,GTM Product Manager,"Macquarie Park, New South Wales",,2026-07-27,linkedin,filtered,https://www.linkedin.com/jobs/view/4445650830
876,0,ConnectYou,NEM Market Analyst - Product Owner,"Sydney, New South Wales",,2026-07-27,linkedin,filtered,https://www.linkedin.com/jobs/view/4442371895
877,0,BURGEON IT SERVICES,Product Data Manager,"Sydney, New South Wales",,2026-07-27,linkedin,filtered,https://www.linkedin.com/jobs/view/4442362960
879,0,Qantas,Technical Product Owner - Frontline Enablement,"Sydney, New South Wales",,2026-07-27,linkedin,filtered,https://www.linkedin.com/jobs/view/4445671670
881,0,Align Technology,"Product Manager, Invisalign","Sydney, New South Wales",,2026-07-27,linkedin,filtered,https://www.linkedin.com/jobs/view/4377646638
883,0,Westpac,"Chief Product Owner, Servicing Experience","Sydney, New South Wales",,2026-07-27,linkedin,filtered,https://www.linkedin.com/jobs/view/4445908230
884,0,Toyota Finance Australia,Product Practice Manager,"Sydney, New South Wales",,2026-07-27,linkedin,filtered,https://www.linkedin.com/jobs/view/4442379762
885,0,Dashing,Project Manager (Brand activations & VM),"Lane Cove West, New South Wales, (Remote)",,2026-07-27,linkedin,filtered,https://www.linkedin.com/jobs/view/4444889091
887,0,Delta Electronics Southeast Asia & Oceania,Program Manager,"St Leonards, New South Wales",,2026-07-27,linkedin,filtered,https://www.linkedin.com/jobs/view/4444878148
888,0,Nationwide Jewellers,Marketing Manager – Retail Marketing Systems & Growth,"Sydney, New South Wales",,2026-07-27,linkedin,filtered,https://www.linkedin.com/jobs/view/4444878189
890,0,Liveware,Senior Full Stack Engineer,"Sydney, New South Wales",,2026-07-27,linkedin,filtered,https://www.linkedin.com/jobs/view/4444855624
891,0,Haast,Staff Software Engineer,"Sydney, New South Wales",,2026-07-27,linkedin,filtered,https://www.linkedin.com/jobs/view/4430249276
899,0,EPAM Systems,Senior Full Stack Engineer (AI-Driven | Node.js & TypeScript),"Sydney, New South Wales",,2026-07-27,linkedin,filtered,https://www.linkedin.com/jobs/view/4437256731
900,0,Canva,Senior Machine Learning Engineer - Elements Platform,"Sydney, New South Wales, (Remote)",,2026-07-27,linkedin,filtered,https://www.linkedin.com/jobs/view/4437142621
901,0,Western Sydney University,"Senior Solutions Engineer, Artificial Intelligences","Parramatta, New South Wales",,2026-07-27,linkedin,filtered,https://www.linkedin.com/jobs/view/4445675308
902,0,Canva,Staff Software Engineer - Mobile Platform (C++ or Rust),"Sydney, New South Wales, (Remote)",,2026-07-27,linkedin,filtered,https://www.linkedin.com/jobs/view/4437142622
903,0,Infosys,Senior Salesforce Developer,"Sydney, New South Wales",,2026-07-27,linkedin,filtered,https://www.linkedin.com/jobs/view/4442824468
904,0,Infosys,Senior Salesforce Developer (Aura Framework),"Sydney, New South Wales",,2026-07-27,linkedin,filtered,https://www.linkedin.com/jobs/view/4442809458
906,0,Nine,Senior Platform Engineer,"North Sydney, New South Wales",,2026-07-27,linkedin,filtered,https://www.linkedin.com/jobs/view/4445664787
907,0,ASX,Portfolio Test Manager,"Sydney, New South Wales",,2026-07-27,linkedin,filtered,https://www.linkedin.com/jobs/view/4444894580
909,0,Skip Loans,Senior Product Engineer,(Remote),,2026-07-27,linkedin,filtered,https://www.linkedin.com/jobs/view/4435045193
911,0,Infosys,Quantexa Consultant,"Melbourne, Victoria",,2026-07-27,linkedin,filtered,https://www.linkedin.com/jobs/view/4442827236
912,0,Jobgether,Senior Backend Software Engineer,(Remote),,2026-07-27,linkedin,filtered,https://www.linkedin.com/jobs/view/4444881738
913,0,Optus,Senior Software Engineer,"Macquarie Park, New South Wales, (Remote)",,2026-07-27,linkedin,filtered,https://www.linkedin.com/jobs/view/4445670110
916,0,Alignerr,Software Engineer - YAML Experience,"Melbourne, Victoria, (Remote)",,2026-07-27,linkedin,rejected,https://www.linkedin.com/jobs/view/4445669239
922,0,TMGM,Senior Data Engineer - Sydney,"Sydney, New South Wales, (Remote)",,2026-07-27,linkedin,filtered,https://www.linkedin.com/jobs/view/4442816598
924,0,University of Sydney,Data Analyst,"Sydney, New South Wales",,2026-07-27,linkedin,filtered,https://www.linkedin.com/jobs/view/4442378754
926,0,Vivanti Consulting,Senior Data Engineer,"Sydney, New South Wales",,2026-07-27,linkedin,filtered,https://www.linkedin.com/jobs/view/4444893355
927,0,eTeam,Data Engineer - Lead,"Sydney, New South Wales",,2026-07-27,linkedin,filtered,https://www.linkedin.com/jobs/view/4445682026
932,0,Insignia Financial,GCP Data Engineer - Data Modelling,"Sydney, New South Wales",,2026-07-27,linkedin,filtered,https://www.linkedin.com/jobs/view/4445657417
933,0,TL Consulting Group,Senior Data Engineer,"Sydney, New South Wales",,2026-07-27,linkedin,filtered,https://www.linkedin.com/jobs/view/4444851824
934,0,BURGEON IT SERVICES,SENIOR DATA ENGINEER-GCP,"Sydney, New South Wales",,2026-07-27,linkedin,filtered,https://www.linkedin.com/jobs/view/4442372993
937,0,Commonwealth Bank,Senior Data Engineer (AWS & Snowflake),"Sydney, New South Wales",,2026-07-27,linkedin,filtered,https://www.linkedin.com/jobs/view/4445684116
941,0,Kaizen Global Technologies,ServiceNow Developer,"Sydney, New South Wales",,2026-07-27,linkedin,filtered,https://www.linkedin.com/jobs/view/4444877598
942,0,Ultradata,UniVerse/ PICK Developers,Victoria,,2026-07-27,linkedin,filtered,https://www.linkedin.com/jobs/view/4444864412
944,0,Red Hat,Senior Consultant,"Canberra, Australian Capital Territory, (Remote)",,2026-07-27,linkedin,filtered,https://www.linkedin.com/jobs/view/4232683813
947,0,Canva,Staff Front-End Engineer - Telemetry,"Sydney, New South Wales",,2026-07-27,linkedin,filtered,https://www.linkedin.com/jobs/view/4444857638
949,0,SMG Studio,Senior Developer - SMG Studio,"Sydney, New South Wales, (Remote)",,2026-07-27,linkedin,filtered,https://www.linkedin.com/jobs/view/4444873273
950,0,Commonwealth Bank,Senior Data Engineer,"Sydney, New South Wales",,2026-07-27,linkedin,filtered,https://www.linkedin.com/jobs/view/4445932352
956,0,Commonwealth Bank,Senior Software Engineer,"Sydney, New South Wales",,2026-07-27,linkedin,filtered,https://www.linkedin.com/jobs/view/4445927474
957,0,Commonwealth Bank,Senior Software Engineer,Greater Melbourne Area,,2026-07-27,linkedin,filtered,https://www.linkedin.com/jobs/view/4445925560
961,0,Trideca,Technical Lead,"Melbourne, Victoria",,2026-07-27,linkedin,filtered,https://www.linkedin.com/jobs/view/4445658591
962,0,Leidos,SOE Engineer,"Sydney, New South Wales",,2026-07-27,linkedin,filtered,https://www.linkedin.com/jobs/view/4442827786
963,0,Leidos Australia,SOE Engineer,"Sydney, New South Wales",,2026-07-27,linkedin,filtered,https://www.linkedin.com/jobs/view/4445933433
967,0,Hatch,Senior Software Engineer,"Sydney, New South Wales",,2026-07-27,linkedin,filtered,https://www.linkedin.com/jobs/view/4445143367
972,0,The Trade Desk,Sr Site Reliability Engineer,"Sydney, New South Wales",,2026-07-27,linkedin,filtered,https://www.linkedin.com/jobs/view/4398172704
975,0,Eucalyptus,Analytics Engineer,"Sydney, New South Wales",,2026-07-27,linkedin,filtered,https://www.linkedin.com/jobs/view/4436081415
979,0,ANZ,"Associate Director or Senior Manager, Project Finance - Sydney","Sydney, New South Wales",,2026-07-27,linkedin,filtered,https://www.linkedin.com/jobs/view/4445917664
984,0,Kogan.com,Senior AI Engineer,"South Melbourne, Victoria",,2026-07-27,linkedin,filtered,https://www.linkedin.com/jobs/view/4444886248
985,0,Macquarie Group,Wealth Engineer,"Sydney, New South Wales, (Remote)",,2026-07-27,linkedin,filtered,https://www.linkedin.com/jobs/view/4433922294
986,0,Capgemini,IP Network Engineer,"Sydney, New South Wales",,2026-07-27,linkedin,filtered,https://www.linkedin.com/jobs/view/4437141280
987,0,Eaton,Senior Project Manager,"Mascot, New South Wales, (Remote)",,2026-07-27,linkedin,filtered,https://www.linkedin.com/jobs/view/4442835947
988,0,Suncorp Group,Portfolio Senior Advisor - Data Science/Analytics,"Sydney, New South Wales",,2026-07-27,linkedin,filtered,https://www.linkedin.com/jobs/view/4433913397
990,0,Alignerr,Population Health Informaticist,"Sydney, New South Wales, (Remote)",,2026-07-27,linkedin,rejected,https://www.linkedin.com/jobs/view/4445660202
994,0,Bank of America,"Vice President, Data in Motion - Internet Monitoring Analysis (DLP), Global Information Security, Sydney, Australia","Sydney, New South Wales",,2026-07-27,linkedin,filtered,https://www.linkedin.com/jobs/view/4362850964
1000,0,Stripe,"Software Engineer, Core Infrastructure","Sydney, New South Wales",,2026-07-27,linkedin,filtered,https://www.linkedin.com/jobs/view/4428819002
1002,0,Whizdom,Software Engineer,"Sydney, New South Wales",,2026-07-27,linkedin,filtered,https://www.linkedin.com/jobs/view/4439932534
1008,0,XPT Software,AI specialist,"Sydney, New South Wales",,2026-07-27,linkedin,filtered,https://www.linkedin.com/jobs/view/4445426679
1020,0,Riot Games,"Senior Software Engineer, VALORANT - Release Engineering","Sydney, New South Wales",,2026-07-27,linkedin,filtered,https://www.linkedin.com/jobs/view/4299966333
1023,0,Google,"Technical Solutions Consultant, Google Photos","Sydney, New South Wales",,2026-07-27,linkedin,filtered,https://www.linkedin.com/jobs/view/4445153472
1024,0,Newforma,Solutions Consultant,"Parramatta, New South Wales",,2026-07-27,linkedin,filtered,https://www.linkedin.com/jobs/view/4443562801
1028,0,PwC Australia,Solution Architect | Senior Manager,"Sydney, New South Wales",,2026-07-27,linkedin,filtered,https://www.linkedin.com/jobs/view/4436087692
1035,0,ELMO Software,Senior Software Engineer (React / PHP),"Sydney, New South Wales",,2026-07-27,linkedin,filtered,https://www.linkedin.com/jobs/view/4445415102
1058,0,Tech Aalto,AI/ML Technical Architect,"Sydney, New South Wales",,2026-07-27,linkedin,filtered,https://www.linkedin.com/jobs/view/4444878818
1069,0,Riot Games,Principal QA Engineer,"Sydney, New South Wales, (Remote)",,2026-07-27,linkedin,filtered,https://www.linkedin.com/jobs/view/4438454619
1070,0,nDeva,Principal Forward Deployed Engineer,"Sydney, New South Wales, (Remote)",,2026-07-27,linkedin,filtered,https://www.linkedin.com/jobs/view/4445197962
1075,0,Sirius.,Senior Java Software Engineer,"Sydney, New South Wales, (Remote)",,2026-07-27,linkedin,filtered,https://www.linkedin.com/jobs/view/4445187989
1126,0,Future Secure AI,"Staff AI Engineer, Data Science","Sydney, New South Wales",,2026-07-27,linkedin,filtered,https://www.linkedin.com/jobs/view/4446151351
1130,0,LAB3,Senior Engineer - AI,"Sydney, New South Wales, (Remote)",,2026-07-27,linkedin,filtered,https://www.linkedin.com/jobs/view/4444889837
1135,0,V2 AI,Principal Forward Deployed Engineer - Applied AI,"Sydney, New South Wales",,2026-07-27,linkedin,filtered,https://www.linkedin.com/jobs/view/4444872935
1165,0,Hastha Solutions,Senior Calypso Developer - Contract - Sydney,"Sydney, New South Wales",,2026-07-27,linkedin,filtered,https://www.linkedin.com/jobs/view/4444887712
1166,0,TechSoftX,Senior Principal Research Scientist,"Sydney, New South Wales",,2026-07-27,linkedin,filtered,https://www.linkedin.com/jobs/view/4445163069
1189,0,Fusion5,Senior AI Engineer - Copilot Studio,"Sydney, New South Wales",,2026-07-27,linkedin,filtered,https://www.linkedin.com/jobs/view/4446131965
1202,0,Eucalyptus,Senior Analytics Engineer,"Sydney, New South Wales",,2026-07-27,linkedin,filtered,https://www.linkedin.com/jobs/view/4436086205
1203,0,EVT - Entertainment | Ventures | Travel,Data Analyst,"Sydney, New South Wales",,2026-07-27,linkedin,filtered,https://www.linkedin.com/jobs/view/4446142736
1225,0,Devsu,"Semi Senior / Senior Data Engineer (AWS, Python & SQL)","Bolivia, New South Wales, (Remote)",,2026-07-27,linkedin,filtered,https://www.linkedin.com/jobs/view/4442865321
1227,0,RheinInsights GmbH,Senior Software Engineer,"Senior, South Australia, (Remote)",,2026-07-27,linkedin,filtered,https://www.linkedin.com/jobs/view/4442869580
1255,0,Goldman Sachs,"Global Advisory & Markets – Sr Low Level Linux Systems Engineer, VP, Sydney","Sydney, New South Wales",,2026-07-27,linkedin,filtered,https://www.linkedin.com/jobs/view/4444865979
1320,0,Fujitsu,Principal Solution Architect - Enterprise and Commercial,"Melbourne, Victoria",,2026-07-27,linkedin,filtered,https://www.linkedin.com/jobs/view/4445674955
1321,0,Fujitsu,Principal Solution Architect - Enterprise and Commercial,"Brisbane, Queensland",,2026-07-27,linkedin,filtered,https://www.linkedin.com/jobs/view/4445679084
1322,0,Fujitsu,Principal Solution Architect - Enterprise and Commercial,"Adelaide, South Australia",,2026-07-27,linkedin,filtered,https://www.linkedin.com/jobs/view/4445693007
780,0,LEAP Legal Software,Software Engineer - Criminal Law,"Sydney, New South Wales",,2026-07-26,linkedin,filtered,https://www.linkedin.com/jobs/view/4444829313
781,0,Macquarie Group,Software Engineer,"Sydney, New South Wales, (Remote)",,2026-07-26,linkedin,filtered,https://www.linkedin.com/jobs/view/4406799115
782,0,Susquehanna International Group,C# Trading Systems Developer - GDS,"Sydney, New South Wales",,2026-07-26,linkedin,filtered,https://www.linkedin.com/jobs/view/4406732069
796,0,Virtusa,AI Architect,"Sydney, New South Wales",,2026-07-26,linkedin,filtered,https://www.linkedin.com/jobs/view/4414347130
802,0,Anduril Industries,"Senior Software Engineer, Site Reliability","Sydney, New South Wales, (Remote)",,2026-07-26,linkedin,filtered,https://www.linkedin.com/jobs/view/4387215457
818,0,TikTok,Backend Engineer - TikTok LIVE Revenue (Sydney),"Sydney, New South Wales",,2026-07-26,linkedin,rejected,https://www.linkedin.com/jobs/view/4444859052
823,0,Boston Consulting Group (BCG),"Forward Deployed AI Engineer | Senior Forward Deployed AI Engineer, Australia - BCG X","Perth, Western Australia",,2026-07-26,linkedin,filtered,https://www.linkedin.com/jobs/view/4427260853
825,0,Technology CII,Senior Software Engineer - C & Python,"Hawthorn East, Victoria, (Remote)",,2026-07-26,linkedin,filtered,https://www.linkedin.com/jobs/view/4444804685
843,0,Whizdom,Developer,"Sydney, New South Wales",,2026-07-26,linkedin,filtered,https://www.linkedin.com/jobs/view/4436500935
865,0,Veeam Software,Senior Customer Success Engineer,"North Sydney, New South Wales",,2026-07-26,linkedin,filtered,https://www.linkedin.com/jobs/view/4417563579
878,0,XPT Software,Data Product Manager,"Sydney, New South Wales",,2026-07-26,linkedin,filtered,https://www.linkedin.com/jobs/view/4444853802
918,0,Ornata,Senior Robotics Software Engineer,"Greater Melbourne Area, (Remote)",,2026-07-26,linkedin,filtered,https://www.linkedin.com/jobs/view/4444854391
954,0,Tag,Industrial Designer / Project Manager,"Melbourne, Victoria",,2026-07-26,linkedin,filtered,https://www.linkedin.com/jobs/view/4434950306
966,0,Guidewire Software,Senior Architect,"Sydney, New South Wales",,2026-07-26,linkedin,filtered,https://www.linkedin.com/jobs/view/4414621822
982,0,C4i Solutions,Full Stack Software Developer,"Canberra, Australian Capital Territory",,2026-07-26,linkedin,filtered,https://www.linkedin.com/jobs/view/4445639865
983,0,Neosframe,AI Principal Engineer,"Brisbane, Queensland",,2026-07-26,linkedin,filtered,https://www.linkedin.com/jobs/view/4444839028
1276,0,Keena Healthcare Technology,Senior Software Engineer,"Senior, South Australia, (Remote)",,2026-07-26,linkedin,filtered,https://www.linkedin.com/jobs/view/4445650605
611,0,MYOB,Senior Full Stack Developer - Data & AI,"Sydney, New South Wales",,2026-07-25,linkedin,filtered,https://www.linkedin.com/jobs/view/4387248672
617,0,PALO IT,Senior Forward Deployed Engineer (Software Full Stack),"Sydney, New South Wales",,2026-07-25,linkedin,filtered,https://www.linkedin.com/jobs/view/4444644432
621,0,Alignerr,Senior Software Engineer (AI Infrastructure),"Sydney, New South Wales, (Remote)",,2026-07-25,linkedin,rejected,https://www.linkedin.com/jobs/view/4441697720
639,0,Optiver,Engineering Lead - Data,"Sydney, New South Wales",,2026-07-25,linkedin,filtered,https://www.linkedin.com/jobs/view/4423657578
659,0,UpGuard,Software Engineer (Multiple Levels),"Melbourne, Victoria, (Remote)",,2026-07-25,linkedin,rejected,https://www.linkedin.com/jobs/view/3871589109
664,0,Chipforge.ai,Lead Software Engineer,(Remote),,2026-07-25,linkedin,filtered,https://www.linkedin.com/jobs/view/4444660304
695,0,ASX,"Senior Data Engineer, Python, Spark, DevOps","Sydney, New South Wales",,2026-07-25,linkedin,filtered,https://www.linkedin.com/jobs/view/4383523865
697,0,IAG Defence and National Security,Software Engineer (DT022),"Adelaide, South Australia",,2026-07-25,linkedin,filtered,https://www.linkedin.com/jobs/view/4441896043
707,0,Snowflake,"Migrations Solutions Architect, Sales","Sydney, New South Wales",,2026-07-25,linkedin,filtered,https://www.linkedin.com/jobs/view/4407840577
724,0,Airwallex,Staff Product Designer,"Sydney, New South Wales",,2026-07-25,linkedin,filtered,https://www.linkedin.com/jobs/view/4348285491
734,0,PALO IT,"Senior AI-Native Engineer (.NET, Software Engineering)","Melbourne, Victoria",,2026-07-25,linkedin,filtered,https://www.linkedin.com/jobs/view/4437365988
742,0,NVIDIA,"Solutions Architect, Networking Ethernet","Sydney, New South Wales",,2026-07-25,linkedin,filtered,https://www.linkedin.com/jobs/view/4395472518
743,0,NVIDIA,"Senior Solution Architect, AI Compute Engineer - NVIS","Sydney, New South Wales",,2026-07-25,linkedin,filtered,https://www.linkedin.com/jobs/view/4395477238
744,0,Deloitte,Senior AWS Data Architect | AI & Data | Melbourne/Sydney,"Sydney, New South Wales",,2026-07-25,linkedin,filtered,https://www.linkedin.com/jobs/view/4436933938
751,0,SafetyCulture,Staff Backend Engineer,"Sydney, New South Wales",,2026-07-25,linkedin,filtered,https://www.linkedin.com/jobs/view/4402352655
753,0,Cartology - Part of the Woolworths Group,Staff Engineer,"Sydney, New South Wales",,2026-07-25,linkedin,filtered,https://www.linkedin.com/jobs/view/4445302564
761,0,MongoDB,"Senior Software Engineer, Application Migration","Sydney, New South Wales",,2026-07-25,linkedin,filtered,https://www.linkedin.com/jobs/view/4418073380
769,0,Deloitte,AWS Data Engineer,"Sydney, New South Wales",,2026-07-25,linkedin,filtered,https://www.linkedin.com/jobs/view/4436941533
789,0,Coates Group,Program Manager,"Sydney, New South Wales",,2026-07-25,linkedin,filtered,https://www.linkedin.com/jobs/view/4386837505
792,0,Goodman,"Program Manager, Data Centres","Sydney, New South Wales",,2026-07-25,linkedin,filtered,https://www.linkedin.com/jobs/view/4424869684
799,0,PALO IT,Lead Forward Deployed Engineer (Software Full Stack),"Sydney, New South Wales",,2026-07-25,linkedin,filtered,https://www.linkedin.com/jobs/view/4429615628
801,0,Clio,"Senior Technical Consultant, APAC",Unknown,,2026-07-25,linkedin,filtered,https://www.linkedin.com/jobs/view/4426294879
803,0,Xero,Principal Software Engineer - Mobile,"Melbourne, Victoria",,2026-07-25,linkedin,filtered,https://www.linkedin.com/jobs/view/4384231494
806,0,Kirin,多智能体交易模拟高级工程师 / Senior Engineer – Multi-Agent Trading Simulation,"Sydney, New South Wales",,2026-07-25,linkedin,filtered,https://www.linkedin.com/jobs/view/4445287369
816,0,Deloitte,Senior AWS Data Architect | AI & Data | Melbourne/Sydney,"Melbourne, Victoria",,2026-07-25,linkedin,filtered,https://www.linkedin.com/jobs/view/4436953201
817,0,Slalom,Senior Principal - Software Engineering - Sydney/Melbourne,"Melbourne, Victoria",,2026-07-25,linkedin,filtered,https://www.linkedin.com/jobs/view/4433259730
819,0,Boston Consulting Group (BCG),"Forward Deployed AI Engineer | Senior Forward Deployed AI Engineer, Australia - BCG X","Sydney, New South Wales",,2026-07-25,linkedin,filtered,https://www.linkedin.com/jobs/view/4427271762
824,0,Firmus Technologies,Senior AI Infrastructure Engineer (Virtualisation),"Sydney, New South Wales",,2026-07-25,linkedin,filtered,https://www.linkedin.com/jobs/view/4444053390
827,0,Bessemer Venture Partners India,"Staff Software Engineer, Code RL","York, Western Australia, (Remote)",,2026-07-25,linkedin,filtered,https://www.linkedin.com/jobs/view/4445353285
864,0,Optiver,Senior C++ Software Engineer – Critical Engineering,"Sydney, New South Wales",,2026-07-25,linkedin,filtered,https://www.linkedin.com/jobs/view/4423654647
905,0,Optiver,Software Team Lead (Data),"Sydney, New South Wales",,2026-07-25,linkedin,filtered,https://www.linkedin.com/jobs/view/4423653678
959,0,Anduril Industries,"Senior Manager, Software Engineering","Sydney, New South Wales",,2026-07-25,linkedin,filtered,https://www.linkedin.com/jobs/view/4317035693
980,0,EY,Senior Manager - Program Risk Management - Risk Transformation,"Sydney, New South Wales",,2026-07-25,linkedin,filtered,https://www.linkedin.com/jobs/view/4414083740
992,0,Quantium,Lead Analyst - Product Analytics,"Sydney, New South Wales",,2026-07-25,linkedin,filtered,https://www.linkedin.com/jobs/view/4414085110
1027,0,Boston Consulting Group (BCG),BCG Platinion -  IT Architect | Senior IT Architect,"Sydney, New South Wales",,2026-07-25,linkedin,filtered,https://www.linkedin.com/jobs/view/4427282602
463,0,Mutinex,Senior Product Manager,"Sydney, New South Wales",,2026-07-24,linkedin,filtered,https://www.linkedin.com/jobs/view/4444093755
466,0,Endotherapeutics,Product Manager - OHNS,"Sydney, New South Wales",,2026-07-24,linkedin,filtered,https://www.linkedin.com/jobs/view/4444061730
469,0,BURGEON IT SERVICES,Product Data Manager,"Sydney, New South Wales",,2026-07-24,linkedin,filtered,https://www.linkedin.com/jobs/view/4444918339
471,0,Renaissance InfoSystems,Data Product Manager- GCP,"Sydney, New South Wales",,2026-07-24,linkedin,filtered,https://www.linkedin.com/jobs/view/4441585122
473,0,Nityo Infotech,Product Owner,"Sydney, New South Wales",,2026-07-24,linkedin,filtered,https://www.linkedin.com/jobs/view/4444054479
476,0,Vicinity Centres,Product Delivery Manager,"Chadstone, Victoria",,2026-07-24,linkedin,filtered,https://www.linkedin.com/jobs/view/4444904963
485,0,Matrix Education,Software Engineer,"Sydney, New South Wales",,2026-07-24,linkedin,filtered,https://www.linkedin.com/jobs/view/4444085168
492,0,Tata Consultancy Services,AI Engineer,"Sydney, New South Wales",,2026-07-24,linkedin,filtered,https://www.linkedin.com/jobs/view/4435037825
504,0,Certus Recruitment Group,Senior Full Stack .NET Developer,"Melbourne, Victoria, (Remote)",,2026-07-24,linkedin,filtered,https://www.linkedin.com/jobs/view/4444090095
505,0,BURGEON IT SERVICES,UI / React JS Developer,"Sydney, New South Wales",,2026-07-24,linkedin,filtered,https://www.linkedin.com/jobs/view/4444769955
507,0,Liveware,Senior Full Stack Engineer,"Sydney, New South Wales",,2026-07-24,linkedin,filtered,https://www.linkedin.com/jobs/view/4444083314
508,0,RunTime - Engineering Recruitment,Backend Software Engineer,"Melbourne, Victoria",,2026-07-24,linkedin,filtered,https://www.linkedin.com/jobs/view/4444060538
510,0,Ausgrid,Senior Analyst Developer,"Sydney, New South Wales",,2026-07-24,linkedin,filtered,https://www.linkedin.com/jobs/view/4444070687
517,0,Silicon Quantum Computing,Quantum Machine Learning Scientist,Greater Sydney Area,,2026-07-24,linkedin,filtered,https://www.linkedin.com/jobs/view/4444782789
532,0,CAR Group,Senior Product Manager,"Melbourne, Victoria, (Remote)",,2026-07-24,linkedin,filtered,https://www.linkedin.com/jobs/view/4444920187
533,0,Actionstep,Senior Customer Development Manager,"Milton, New South Wales, (Remote)",,2026-07-24,linkedin,filtered,https://www.linkedin.com/jobs/view/4444909921
534,0,Keypath Education,Education Product Development Manager,"Greater Melbourne Area, (Remote)",,2026-07-24,linkedin,filtered,https://www.linkedin.com/jobs/view/4444910137
535,0,Jomablue,Product Marketing Manager,"Sydney, New South Wales, (Remote)",,2026-07-24,linkedin,filtered,https://www.linkedin.com/jobs/view/4444090631
538,0,RWE,Senior Manager- Origination,"Sydney, New South Wales, (Remote)",,2026-07-24,linkedin,filtered,https://www.linkedin.com/jobs/view/4444766638
539,0,Silicon Quantum Computing,Platform Engineer,Greater Sydney Area,,2026-07-24,linkedin,filtered,https://www.linkedin.com/jobs/view/4444778938
541,0,Macquarie Group,Cloud Data Platform Engineer,"Sydney, New South Wales, (Remote)",,2026-07-24,linkedin,filtered,https://www.linkedin.com/jobs/view/4444077620
542,0,Blinq,Senior Site Reliability Engineer,"Sydney, New South Wales",,2026-07-24,linkedin,filtered,https://www.linkedin.com/jobs/view/4433963025
543,0,iterate,Senior Platform Engineer,"Melbourne, Victoria",,2026-07-24,linkedin,filtered,https://www.linkedin.com/jobs/view/4444042394
544,0,Macquarie Group,Data Management Product Owner Manager,"Sydney, New South Wales, (Remote)",,2026-07-24,linkedin,filtered,https://www.linkedin.com/jobs/view/4424867459
553,0,CareCone Group,Software Engineer,"Melbourne, Victoria",,2026-07-24,linkedin,filtered,https://www.linkedin.com/jobs/view/4444922789
559,0,Amentum,GIS Business Manager - Bendigo based,"Melbourne, Victoria",,2026-07-24,linkedin,filtered,https://www.linkedin.com/jobs/view/4444964955
560,0,Catapult,Software Engineer,"Melbourne, Victoria",,2026-07-24,linkedin,filtered,https://www.linkedin.com/jobs/view/4444791459
565,0,Mable,Senior Engineer,"Sydney, New South Wales, (Remote)",,2026-07-24,linkedin,filtered,https://www.linkedin.com/jobs/view/4374539166
566,0,Amentum,Software Engineer,"Adelaide, South Australia",,2026-07-24,linkedin,filtered,https://www.linkedin.com/jobs/view/4444973647
567,0,ASX,"Software Engineer, Fixed Income","Sydney, New South Wales",,2026-07-24,linkedin,filtered,https://www.linkedin.com/jobs/view/4435299739
568,0,Xero,Principal Engineer,"Sydney, New South Wales, (Remote)",,2026-07-24,linkedin,filtered,https://www.linkedin.com/jobs/view/4421465613
569,0,Infosys,Automation Testing,"Sydney, New South Wales",,2026-07-24,linkedin,filtered,https://www.linkedin.com/jobs/view/4441594376
570,0,Cover Genius,"Senior Software Engineer, XCore (Python, Django)","Sydney, New South Wales, (Remote)",,2026-07-24,linkedin,filtered,https://www.linkedin.com/jobs/view/4444097478
571,0,Suncorp Group,Chapter Lead – Full Stack & Experience,"Sydney, New South Wales",,2026-07-24,linkedin,filtered,https://www.linkedin.com/jobs/view/4441589495
572,0,Mable,Product Manager,"Melbourne, Victoria, (Remote)",,2026-07-24,linkedin,filtered,https://www.linkedin.com/jobs/view/4423660210
573,0,Zebra Technologies,Channel Manager Senior,"Macquarie Park, New South Wales, (Remote)",,2026-07-24,linkedin,filtered,https://www.linkedin.com/jobs/view/4432787277
578,0,Cognizant,Platform Engineer,Greater Sydney Area,,2026-07-24,linkedin,filtered,https://www.linkedin.com/jobs/view/4444323282
581,0,Ampstek,Cloud DevOps Engineer,"Sydney, New South Wales",,2026-07-24,linkedin,filtered,https://www.linkedin.com/jobs/view/4444325369
583,0,Nityo Infotech,Cloud Devops Engineer,"Sydney, New South Wales",,2026-07-24,linkedin,filtered,https://www.linkedin.com/jobs/view/4444070538
585,0,Suncorp Group,Platform Engineer - Core Data Platforms,"Brisbane, Queensland",,2026-07-24,linkedin,filtered,https://www.linkedin.com/jobs/view/4432774238
586,0,Suncorp Group,Platform Engineer - Core Data Platforms,"Melbourne, Victoria",,2026-07-24,linkedin,filtered,https://www.linkedin.com/jobs/view/4432771282
589,0,Susquehanna International Group,C# Developer - Core Trading Technology,"Sydney, New South Wales",,2026-07-24,linkedin,filtered,https://www.linkedin.com/jobs/view/4406726207
594,0,Zendesk,Platform Architect,"Sydney, New South Wales, (Remote)",,2026-07-24,linkedin,filtered,https://www.linkedin.com/jobs/view/4433171689
598,0,NVIDIA,Solutions Architect - DevOps,"Sydney, New South Wales",,2026-07-24,linkedin,filtered,https://www.linkedin.com/jobs/view/4395488244
599,0,Macquarie Group,Lead Engineer / Solution Architect,"Sydney, New South Wales, (Remote)",,2026-07-24,linkedin,filtered,https://www.linkedin.com/jobs/view/4433165795
602,0,Microsoft,FastTrack Full Stack Engineer,"Sydney, New South Wales",,2026-07-24,linkedin,filtered,https://www.linkedin.com/jobs/view/4444964117
604,0,Microsoft,Cloud Endpoint Solution Engineer,"Canberra, Australian Capital Territory",,2026-07-24,linkedin,filtered,https://www.linkedin.com/jobs/view/4444947755
607,0,Nuix,Product Manager,"Sydney, New South Wales, (Remote)",,2026-07-24,linkedin,filtered,https://www.linkedin.com/jobs/view/4428102687
616,0,N2S.Global,iOS React Native Developer,"Sydney, New South Wales",,2026-07-24,linkedin,filtered,https://www.linkedin.com/jobs/view/4444783609
622,0,SAP,Senior AI Developer (Generative & Agentic AI (SAP BTP),"North Sydney, New South Wales",,2026-07-24,linkedin,filtered,https://www.linkedin.com/jobs/view/4376763134
624,0,Xero,"Senior Engineer, ML Systems (AI Products)","Sydney, New South Wales, (Remote)",,2026-07-24,linkedin,filtered,https://www.linkedin.com/jobs/view/4417053716
625,0,Future Secure AI,Principal Software Engineer (AI),"Sydney, New South Wales",,2026-07-24,linkedin,filtered,https://www.linkedin.com/jobs/view/4427511368
626,0,PwC Australia,Senior Developer / AI Engineer | Manager,"Sydney, New South Wales",,2026-07-24,linkedin,filtered,https://www.linkedin.com/jobs/view/4444069994
627,0,PwC Australia,AI Engineer / Data Scientist (Agentic AI) | Manager/Senior Manager,"Sydney, New South Wales, (Remote)",,2026-07-24,linkedin,filtered,https://www.linkedin.com/jobs/view/4425822602
630,0,Commonwealth Bank,Staff Software Engineer,"Sydney, New South Wales",,2026-07-24,linkedin,filtered,https://www.linkedin.com/jobs/view/4444096491
632,0,Commonwealth Bank,Staff Software Engineer,"Sydney, New South Wales",,2026-07-24,linkedin,filtered,https://www.linkedin.com/jobs/view/4444099459
634,0,TheDriveGroup,Senior Principal Software Engineer,"Sydney, New South Wales",,2026-07-24,linkedin,filtered,https://www.linkedin.com/jobs/view/4444089941
635,0,Canva,Staff Software Engineer - Developer Experience,"Sydney, New South Wales, (Remote)",,2026-07-24,linkedin,filtered,https://www.linkedin.com/jobs/view/4436453619
640,0,Tyro Payments,Senior Software Engineer - Backend,"Sydney, New South Wales, (Remote)",,2026-07-24,linkedin,filtered,https://www.linkedin.com/jobs/view/4441588467
642,0,YO IT Consulting,Go/Golang Developer - Remote,"Sydney, New South Wales, (Remote)",,2026-07-24,linkedin,filtered,https://www.linkedin.com/jobs/view/4444772613
643,0,Canva,Staff Software Engineer - API Platform (AU remote),"Sydney, New South Wales, (Remote)",,2026-07-24,linkedin,filtered,https://www.linkedin.com/jobs/view/4444908995
648,0,Alignerr,Structural Engineer — AI Task Creator (OpenSees),"Sydney, New South Wales, (Remote)",,2026-07-24,linkedin,rejected,https://www.linkedin.com/jobs/view/4444769525
656,0,Alignerr,General Postdoctoral Researcher (Masters/PhDs),"Sydney, New South Wales, (Remote)",,2026-07-24,linkedin,rejected,https://www.linkedin.com/jobs/view/4444770461
657,0,Alignerr,General Postdoctoral Researcher (Masters/PhDs),"Wollongong, New South Wales, (Remote)",,2026-07-24,linkedin,rejected,https://www.linkedin.com/jobs/view/4444777255
667,0,Saab Australia,Quality Assurance Advisor,"Adelaide, South Australia, (Remote)",,2026-07-24,linkedin,filtered,https://www.linkedin.com/jobs/view/4444767366
673,0,NOVON,Data Engineer (AWS / Spark),"Sydney, New South Wales",,2026-07-24,linkedin,filtered,https://www.linkedin.com/jobs/view/4444339577
677,0,RiDiK (a Subsidiary of CLPS. Nasdaq: CLPS),Data Engineer,"Sydney, New South Wales",,2026-07-24,linkedin,filtered,https://www.linkedin.com/jobs/view/4444081605
680,0,CareCone Group,Data Engineer,"Sydney, New South Wales",,2026-07-24,linkedin,filtered,https://www.linkedin.com/jobs/view/4444233301
683,0,BlueRose Technologies,Data Test Engineer,"Sydney, New South Wales",,2026-07-24,linkedin,filtered,https://www.linkedin.com/jobs/view/4444914420
686,0,Infosys BPM,Data Analyst,"Sydney, New South Wales",,2026-07-24,linkedin,filtered,https://www.linkedin.com/jobs/view/4444071519
689,0,Zepto,Senior Data Engineer,"Sydney, New South Wales, (Remote)",,2026-07-24,linkedin,filtered,https://www.linkedin.com/jobs/view/4440920935
691,0,Infosys,Senior Data Engineer,"Sydney, New South Wales",,2026-07-24,linkedin,filtered,https://www.linkedin.com/jobs/view/4418751575
693,0,Nine,Senior Data Engineer,"Sydney, New South Wales",,2026-07-24,linkedin,filtered,https://www.linkedin.com/jobs/view/4444938547
701,0,Talenza,"Principal Solutions Architect - Data, Integration, AI","Sydney, New South Wales",,2026-07-24,linkedin,filtered,https://www.linkedin.com/jobs/view/4444911641
703,0,Tyro Payments,Solutions Architect- Payments Acquiring,"Sydney, New South Wales, (Remote)",,2026-07-24,linkedin,filtered,https://www.linkedin.com/jobs/view/4433167556
706,0,Okta,Identity Solutions Architect,"Sydney, New South Wales",,2026-07-24,linkedin,filtered,https://www.linkedin.com/jobs/view/4433184021
710,0,Nityo Infotech,Confluent Solution Architect,"Sydney, New South Wales",,2026-07-24,linkedin,filtered,https://www.linkedin.com/jobs/view/4444046277
712,0,Novus Recruitment Solutions,Mobile Solution Architect,"Sydney, New South Wales",,2026-07-24,linkedin,filtered,https://www.linkedin.com/jobs/view/4444043711
713,0,TPG Telecom,Senior Solution Architect,"Sydney, New South Wales",,2026-07-24,linkedin,filtered,https://www.linkedin.com/jobs/view/4444326420
714,0,ASX,Derivatives Clearing Senior Solution Architect,"Sydney, New South Wales",,2026-07-24,linkedin,filtered,https://www.linkedin.com/jobs/view/4426232044
715,0,Hitachi Solutions Asia Pacific,Sr. Solutions Architect - F&O (Finance) (6-Month Fixed Term),"Sydney, New South Wales",,2026-07-24,linkedin,filtered,https://www.linkedin.com/jobs/view/4444322663
716,0,TheDriveGroup,Senior Software Engineer,"Sydney, New South Wales",,2026-07-24,linkedin,filtered,https://www.linkedin.com/jobs/view/4444600881
717,0,TheDriveGroup,Senior Software Engineer,"Sydney, New South Wales",,2026-07-24,linkedin,filtered,https://www.linkedin.com/jobs/view/4373316067
718,0,Genesys,"Principal AI Solutions Architect, Customer Success",Greater Sydney Area,,2026-07-24,linkedin,filtered,https://www.linkedin.com/jobs/view/4322833572
720,0,TheDriveGroup,Senior Software Engineer,"Sydney, New South Wales, (Remote)",,2026-07-24,linkedin,filtered,https://www.linkedin.com/jobs/view/4444098164
732,0,Citi,"Senior Product Development Manager, Complex Assets, SVP - SYDNEY","Sydney, New South Wales",,2026-07-24,linkedin,filtered,https://www.linkedin.com/jobs/view/4444386118
736,0,Heidi,Senior Integrations Engineer,(Remote),,2026-07-24,linkedin,filtered,https://www.linkedin.com/jobs/view/4445224920
745,0,Optiver,Production Software Engineer - Senior/Staff/Principal,"Sydney, New South Wales",,2026-07-24,linkedin,filtered,https://www.linkedin.com/jobs/view/4423660403
746,0,Care GP,Founders Associate,"Sydney, New South Wales",,2026-07-24,linkedin,filtered,https://www.linkedin.com/jobs/view/4444384151
748,0,"Stanley Black & Decker, Inc.",Product Manager,"Melbourne, Victoria",,2026-07-24,linkedin,filtered,https://www.linkedin.com/jobs/view/4436489059
749,0,Intrepid Travel,Platform Product Manager - Kaptio,"Melbourne, Victoria",,2026-07-24,linkedin,filtered,https://www.linkedin.com/jobs/view/4444066778
754,0,Accenture Australia,Integration Engineer - Cloud iPaaS Full Stack,"Sydney, New South Wales",,2026-07-24,linkedin,filtered,https://www.linkedin.com/jobs/view/4435438377
757,0,Macquarie Group,Staff Engineer,"Sydney, New South Wales, (Remote)",,2026-07-24,linkedin,filtered,https://www.linkedin.com/jobs/view/4416136803
770,0,Macquarie Group,Executive (Data analyst),"Sydney, New South Wales, (Remote)",,2026-07-24,linkedin,filtered,https://www.linkedin.com/jobs/view/4433160262
771,0,Suncorp Group,Platform Engineer - Core Data Platforms,"Sydney, New South Wales",,2026-07-24,linkedin,filtered,https://www.linkedin.com/jobs/view/4432759991
772,0,Optiver,Senior Data Engineer,"Sydney, New South Wales",,2026-07-24,linkedin,filtered,https://www.linkedin.com/jobs/view/4433151868
773,0,Optiver,Principal Data Engineer,"Sydney, New South Wales",,2026-07-24,linkedin,filtered,https://www.linkedin.com/jobs/view/4433162291
774,0,Mantel,Lead Data&AI Engineer - Databricks,"Sydney, New South Wales",,2026-07-24,linkedin,filtered,https://www.linkedin.com/jobs/view/4444094325
775,0,Ampstek,Power BI With Data Modelling,"Sydney, New South Wales",,2026-07-24,linkedin,filtered,https://www.linkedin.com/jobs/view/4444070570
783,0,Anduril Industries,Senior Software Engineer,"Sydney, New South Wales, (Remote)",,2026-07-24,linkedin,filtered,https://www.linkedin.com/jobs/view/4317050335
786,0,News Corp Australia,Senior Manager Brand Product,"Surry Hills, New South Wales",,2026-07-24,linkedin,filtered,https://www.linkedin.com/jobs/view/4438605276
787,0,LinkedIn,"Client Solutions Manager, Marketing Solutions (12m FTC)","Sydney, New South Wales",,2026-07-24,linkedin,filtered,https://www.linkedin.com/jobs/view/4444907390
788,0,Paxus,Program Manager - Digital Transformation,"Sydney, New South Wales",,2026-07-24,linkedin,filtered,https://www.linkedin.com/jobs/view/4441584809
791,0,Tapestry,Customer & Marketing Analytics Manager,"Sydney, New South Wales",,2026-07-24,linkedin,filtered,https://www.linkedin.com/jobs/view/4444910244
793,0,N2S.Global,Program/Project Manager - Functional,"Sydney, New South Wales",,2026-07-24,linkedin,filtered,https://www.linkedin.com/jobs/view/4444793007
798,0,Commonwealth Bank,Staff Software Engineer,"Melbourne, Victoria",,2026-07-24,linkedin,filtered,https://www.linkedin.com/jobs/view/4444098483
813,0,Google,"Strategy and Operations Senior Associate, APAC, Commercial Deals","Sydney, New South Wales",,2026-07-24,linkedin,filtered,https://www.linkedin.com/jobs/view/4435217963
814,0,IQVIA,Associate Clinical Project Manager,"North Sydney, New South Wales",,2026-07-24,linkedin,filtered,https://www.linkedin.com/jobs/view/4435430716
815,0,Qantas,"Marketing Manager, Retail Partner Marketing","Sydney, New South Wales",,2026-07-24,linkedin,filtered,https://www.linkedin.com/jobs/view/4444071425
820,0,Commonwealth Bank,Staff Software Engineer- Payments Technology,"Sydney, New South Wales",,2026-07-24,linkedin,filtered,https://www.linkedin.com/jobs/view/4444770230
821,0,Macquarie Group,Senior Automation & AI Engineer - Power Platform,"Sydney, New South Wales, (Remote)",,2026-07-24,linkedin,filtered,https://www.linkedin.com/jobs/view/4444079580
822,0,Simple Machines,"Director Consulting (Value Lead) - Data, AI & Software","Sydney, New South Wales",,2026-07-24,linkedin,filtered,https://www.linkedin.com/jobs/view/4444908656
826,0,NewNode,Senior Software / Protocol Engineer (Remote),"Senior, South Australia, (Remote)",,2026-07-24,linkedin,filtered,https://www.linkedin.com/jobs/view/4444962666
832,0,Michael Page,Senior Software Engineer - C &amp; Python,"Hawthorn East, Victoria, (Remote)",,2026-07-24,linkedin,filtered,https://www.linkedin.com/jobs/view/4444771934
861,0,Anduril Industries,Senior Software Engineer (Flight Software),"Sydney, New South Wales, (Remote)",,2026-07-24,linkedin,filtered,https://www.linkedin.com/jobs/view/4427504365
943,0,Zendesk,Platform Architect,"Melbourne, Victoria, (Remote)",,2026-07-24,linkedin,filtered,https://www.linkedin.com/jobs/view/4433183336
970,0,NVIDIA,Developer Relations Manager - ANZ,"Sydney, New South Wales",,2026-07-24,linkedin,filtered,https://www.linkedin.com/jobs/view/4395491041
184,0,Hays,Product Owner,"Sydney, New South Wales",,2026-07-23,linkedin,filtered,https://www.linkedin.com/jobs/view/4443805027
189,0,Updoc,Senior Product Builder,"Sydney, New South Wales",,2026-07-23,linkedin,filtered,https://www.linkedin.com/jobs/view/4444272779
204,0,UST,AI Engineer – Agentic AI & Engineering Transformation,"Sydney, New South Wales",,2026-07-23,linkedin,filtered,https://www.linkedin.com/jobs/view/4441092639
213,0,NGS Super,Product Manager - Superannuation,"Sydney, New South Wales",,2026-07-23,linkedin,filtered,https://www.linkedin.com/jobs/view/4439134943
218,0,SharkNinja APAC,Associate Product Manager,New South Wales,,2026-07-23,linkedin,filtered,https://www.linkedin.com/jobs/view/4444279859
225,0,Haast,Senior Full Stack Engineer,"Sydney, New South Wales",,2026-07-23,linkedin,filtered,https://www.linkedin.com/jobs/view/4406093803
226,0,Diksha Technologies,Full Stack Engineer,Greater Sydney Area,,2026-07-23,linkedin,filtered,https://www.linkedin.com/jobs/view/4443801676
237,0,VALE Partners,Fullstack TypeScript Engineer,Greater Brisbane Area,,2026-07-23,linkedin,filtered,https://www.linkedin.com/jobs/view/4443469525
240,0,Sierra,"Strategist, Agent Development","Sydney, New South Wales",,2026-07-23,linkedin,filtered,https://www.linkedin.com/jobs/view/4444412151
245,0,Yolk Digital,Product Owner,"Canberra, Australian Capital Territory, (Remote)",,2026-07-23,linkedin,filtered,https://www.linkedin.com/jobs/view/4443489769
260,0,Talenza,Senior Product Manager,"Sydney, New South Wales",,2026-07-23,linkedin,filtered,https://www.linkedin.com/jobs/view/4444401118
262,0,Valiant Finance,Senior Product Manager,"Sydney, New South Wales",,2026-07-23,linkedin,filtered,https://www.linkedin.com/jobs/view/4431207232
263,0,Jobgether,"Manager, Product Line",Unknown,,2026-07-23,linkedin,filtered,https://www.linkedin.com/jobs/view/4443862880
277,0,LAB3,Senior Engineer - AI,"Sydney, New South Wales, (Remote)",,2026-07-23,linkedin,filtered,https://www.linkedin.com/jobs/view/4443827438
279,0,OpenAI,AI Success Engineer,"Sydney, New South Wales",,2026-07-23,linkedin,filtered,https://www.linkedin.com/jobs/view/4444277433
283,0,Munich Re,IT Product Manager,"Sydney, New South Wales",,2026-07-23,linkedin,filtered,https://www.linkedin.com/jobs/view/4444430724
301,0,Alignerr,Machine Learning Engineer,(Remote),,2026-07-23,linkedin,rejected,https://www.linkedin.com/jobs/view/4444248104
310,0,Westpac Group,Senior Engineer,"Sydney, New South Wales",,2026-07-23,linkedin,filtered,https://www.linkedin.com/jobs/view/4444248258
320,0,Cover Genius,"Senior Software Engineer (TypeScript, React, NestJS)","Sydney, New South Wales, (Remote)",,2026-07-23,linkedin,filtered,https://www.linkedin.com/jobs/view/4444237445
323,0,Infosys,Senior Salesforce Developer (Aura Framework),"Sydney, New South Wales",,2026-07-23,linkedin,filtered,https://www.linkedin.com/jobs/view/4441508474
324,0,Greenstone Financial Services,Senior Engineer - Workplace Technology,"Norwest, New South Wales",,2026-07-23,linkedin,filtered,https://www.linkedin.com/jobs/view/4429639847
325,0,Capgemini,Duck Creek Policy Developer,"Sydney, New South Wales",,2026-07-23,linkedin,filtered,https://www.linkedin.com/jobs/view/4436323004
327,0,Cartology - Part of the Woolworths Group,Staff Engineer,"Surry Hills, New South Wales",,2026-07-23,linkedin,filtered,https://www.linkedin.com/jobs/view/4444259442
336,0,Infosys,Test Engineer Healthcare,"Brisbane, Queensland",,2026-07-23,linkedin,filtered,https://www.linkedin.com/jobs/view/4443483821
341,0,Infosys,Test Environment/ Test Data Engineer,"Brisbane, Queensland",,2026-07-23,linkedin,filtered,https://www.linkedin.com/jobs/view/4441503406
386,0,The HR Ally,Agentic AI Developer / Agentic Backend AI Engineer-Australia Only,"Sydney, New South Wales",,2026-07-23,linkedin,filtered,https://www.linkedin.com/jobs/view/4443873476
389,0,AECOM,Senior Systems Specialist,"Sydney, New South Wales, (Remote)",,2026-07-23,linkedin,filtered,https://www.linkedin.com/jobs/view/4444295983
390,0,BlueRose Technologies,Javascript Developer,"Sydney, New South Wales",,2026-07-23,linkedin,filtered,https://www.linkedin.com/jobs/view/4444419452
394,0,Searchability®,Senior Full Stack Engineer,"Gold Coast, Queensland",,2026-07-23,linkedin,filtered,https://www.linkedin.com/jobs/view/4444403900
407,0,Jomablue,Product Support Specialist,"Sydney, New South Wales, (Remote)",,2026-07-23,linkedin,filtered,https://www.linkedin.com/jobs/view/4443463431
411,0,Jaywing Australia,Senior Paid Media Manager,"Sydney, New South Wales, (Remote)",,2026-07-23,linkedin,filtered,https://www.linkedin.com/jobs/view/4443443217
414,0,GHD,Manager - Cyber Defence Strategy,"Sydney, New South Wales, (Remote)",,2026-07-23,linkedin,filtered,https://www.linkedin.com/jobs/view/4443833083
415,0,Xero,Senior Payroll Manager,"Sydney, New South Wales, (Remote)",,2026-07-23,linkedin,filtered,https://www.linkedin.com/jobs/view/4443822223
416,0,South Western Sydney Local Health District,Senior Industrial Relations and Legal Officer (Health Manager Lvl 4) - Temp FT,"Liverpool, New South Wales, (Remote)",,2026-07-23,linkedin,filtered,https://www.linkedin.com/jobs/view/4441172155
417,0,Algolia,Solutions Architect,"Sydney, New South Wales, (Remote)",,2026-07-23,linkedin,filtered,https://www.linkedin.com/jobs/view/4426170256
418,0,The ARC Centre of Excellence for the Elimination of Violence Against Women (CEVAW),PhD Scholarship: AI Detection of Misogynistic Backlash Ecosystems,"Melbourne, Victoria",,2026-07-23,linkedin,filtered,https://www.linkedin.com/jobs/view/4443452221
420,0,QBE Insurance,Senior People Analyst,Greater Melbourne Area,,2026-07-23,linkedin,filtered,https://www.linkedin.com/jobs/view/4443834290
422,0,Cresta,"Founding AI Success Manager, APAC",(Remote),,2026-07-23,linkedin,filtered,https://www.linkedin.com/jobs/view/4417043779
426,0,Jaywing Australia,Senior Paid Media Manager,"Melbourne, Victoria, (Remote)",,2026-07-23,linkedin,filtered,https://www.linkedin.com/jobs/view/4443450400
427,0,Ecommerce Guide,Senior Paid Media Manager,"Sydney, New South Wales, (Remote)",,2026-07-23,linkedin,filtered,https://www.linkedin.com/jobs/view/4444444727
429,0,ShowTime Consulting,Cloud Engineer,"Sydney, New South Wales",,2026-07-23,linkedin,filtered,https://www.linkedin.com/jobs/view/4444258365
431,0,Westpac,Senior Engineer – AI-Powered Full Stack & DevOps,"Sydney, New South Wales",,2026-07-23,linkedin,filtered,https://www.linkedin.com/jobs/view/4444298224
433,0,Kaizen Global Technologies,AWS Cloud Platform Engineer,"Sydney, New South Wales",,2026-07-23,linkedin,filtered,https://www.linkedin.com/jobs/view/4443468634
436,0,Google,"Forward Deployed Engineer, Generative AI, GECX, Google Cloud","Sydney, New South Wales",,2026-07-23,linkedin,filtered,https://www.linkedin.com/jobs/view/4435055523
438,0,Accenture Australia,*AWS DevOps Engineer*,"Sydney, New South Wales",,2026-07-23,linkedin,filtered,https://www.linkedin.com/jobs/view/4327999758
439,0,Accenture Australia,*AWS Amazon Connect Engineer*,"Sydney, New South Wales",,2026-07-23,linkedin,filtered,https://www.linkedin.com/jobs/view/4328143511
440,0,Rumble Asia,Lead Platform Engineer,"Sydney, New South Wales, (Remote)",,2026-07-23,linkedin,filtered,https://www.linkedin.com/jobs/view/4443497120
444,0,Accenture Australia,*AWS Cloud Engineer*,"Sydney, New South Wales",,2026-07-23,linkedin,filtered,https://www.linkedin.com/jobs/view/4328180045
445,0,Hamilton Barnes 🌳,Senior Cloud & Infrastructure Engineer,"Sydney, New South Wales",,2026-07-23,linkedin,filtered,https://www.linkedin.com/jobs/view/4441087829
453,0,Jobgether,DevOps Engineer,(Remote),,2026-07-23,linkedin,filtered,https://www.linkedin.com/jobs/view/4444272902
461,0,LMG,Senior Cloud Engineer,"Brisbane, Queensland, (Remote)",,2026-07-23,linkedin,filtered,https://www.linkedin.com/jobs/view/4443496068
465,0,Avance Consulting,Product Manager,"Sydney, New South Wales",,2026-07-23,linkedin,filtered,https://www.linkedin.com/jobs/view/4443897393
468,0,SafetyCulture,Senior Product Manager,"Sydney, New South Wales",,2026-07-23,linkedin,filtered,https://www.linkedin.com/jobs/view/4435060386
477,0,IT Alliance Australia,Product Owners(Dynamics 365 and Blazer or blockchain ) / Product Manager-All States/Canberra(Remote),"Australian Capital Territory, (Remote)",,2026-07-23,linkedin,filtered,https://www.linkedin.com/jobs/view/4444749531
478,0,Macquarie Group,Data Management Product Owner | Associate Director,"Sydney, New South Wales, (Remote)",,2026-07-23,linkedin,filtered,https://www.linkedin.com/jobs/view/4423125156
499,0,Nuage Technology Group,Senior AI Engineer,"Melbourne, Victoria, (Remote)",,2026-07-23,linkedin,filtered,https://www.linkedin.com/jobs/view/4444285180
509,0,Nearmap,Solutions Engineer,"Greater Sydney Area, (Remote)",,2026-07-23,linkedin,filtered,https://www.linkedin.com/jobs/view/4444750457
515,0,University of the Sunshine Coast,"Senior Data Engineer, Business Intelligence","Moreton Bay, Queensland",,2026-07-23,linkedin,filtered,https://www.linkedin.com/jobs/view/4444755372
516,0,University of the Sunshine Coast,"Senior Data Engineer, Business Intelligence","Sunshine Coast, Queensland",,2026-07-23,linkedin,filtered,https://www.linkedin.com/jobs/view/4444750430
528,0,Infosys,Automation Lead,"Brisbane, Queensland",,2026-07-23,linkedin,filtered,https://www.linkedin.com/jobs/view/4414813062
536,0,RWE,Senior Manager- Origination,"Melbourne, Victoria, (Remote)",,2026-07-23,linkedin,filtered,https://www.linkedin.com/jobs/view/4436344903
556,0,Mindrift,Senior Python Data Scraping Engineer (Freelance),(Remote),,2026-07-23,linkedin,filtered,https://www.linkedin.com/jobs/view/4444295867
593,0,Accenture Australia,Solution Designer / Technology Architect,"Sydney, New South Wales",,2026-07-23,linkedin,filtered,https://www.linkedin.com/jobs/view/4444003250
595,0,Coates Group,Solution Architect,"Sydney, New South Wales",,2026-07-23,linkedin,filtered,https://www.linkedin.com/jobs/view/4417451413
610,0,Canva,Staff Frontend Engineer - Photo Editing,"Sydney, New South Wales, (Remote)",,2026-07-23,linkedin,filtered,https://www.linkedin.com/jobs/view/4443439777
612,0,Hays,Senior Full Stack Python Engineer (GenAI),"Sydney, New South Wales",,2026-07-23,linkedin,filtered,https://www.linkedin.com/jobs/view/4443496938
613,0,SafetyCulture,Senior/Staff Backend Engineer - Search,"Sydney, New South Wales",,2026-07-23,linkedin,filtered,https://www.linkedin.com/jobs/view/4435040079
628,0,Westpac Group,Senior AI Security Engineer,"Sydney, New South Wales",,2026-07-23,linkedin,filtered,https://www.linkedin.com/jobs/view/4416099028
629,0,Bright & Duggan Group,Senior Software Engineer,"Sydney, New South Wales",,2026-07-23,linkedin,filtered,https://www.linkedin.com/jobs/view/4443488874
637,0,Relevance AI,Senior Software Engineer (Payments & Billing),"Sydney, New South Wales",,2026-07-23,linkedin,filtered,https://www.linkedin.com/jobs/view/4386745155
655,0,Datacom,Senior Mobility Specialist,"North Sydney, New South Wales, (Remote)",,2026-07-23,linkedin,filtered,https://www.linkedin.com/jobs/view/4399209443
665,0,SwitchDin,Senior Software Engineer - Remote,(Remote),,2026-07-23,linkedin,filtered,https://www.linkedin.com/jobs/view/4443491701
670,0,Mogi I/O : OTT/Podcast/Short Video Apps for you,Senior Go Developer (Golang Developer),(Remote),,2026-07-23,linkedin,filtered,https://www.linkedin.com/jobs/view/4444400033
671,0,Mogi I/O : OTT/Podcast/Short Video Apps for you,Senior Rust Developer,(Remote),,2026-07-23,linkedin,filtered,https://www.linkedin.com/jobs/view/4444292554
692,0,Outsized,Data Analyst,"Sydney, New South Wales",,2026-07-23,linkedin,filtered,https://www.linkedin.com/jobs/view/4444288368
694,0,Fyndr Group,Senior Data Engineer,"Sydney, New South Wales",,2026-07-23,linkedin,filtered,https://www.linkedin.com/jobs/view/4443475386
702,0,Ampstek,Solutions Architect,"Sydney, New South Wales",,2026-07-23,linkedin,filtered,https://www.linkedin.com/jobs/view/4443465893
708,0,Australian Financial Complaints Authority,"Senior Solutions Architect, Data & AI","Sydney, New South Wales",,2026-07-23,linkedin,filtered,https://www.linkedin.com/jobs/view/4426032279
709,0,Cloudflare,Principal Solutions Architect - APAC,"Sydney, New South Wales",,2026-07-23,linkedin,filtered,https://www.linkedin.com/jobs/view/4432754448
711,0,Amazon,"Sr. Solutions Architect, Amazon Leo for Government","Sydney, New South Wales",,2026-07-23,linkedin,filtered,https://www.linkedin.com/jobs/view/4444224634
721,0,IndigenousX,Senior Software Engineer,"Sydney, New South Wales",,2026-07-23,linkedin,filtered,https://www.linkedin.com/jobs/view/4443804119
722,0,Palo Alto Networks,"Principal Solutions Architect, Cortex","Sydney, New South Wales",,2026-07-23,linkedin,filtered,https://www.linkedin.com/jobs/view/4384444694
729,0,The Coca-Cola Company,"Senior Manager, Commercialisation","Sydney, New South Wales",,2026-07-23,linkedin,filtered,https://www.linkedin.com/jobs/view/4444428118
755,0,Agoda,"Principal Software Engineer, Back End (AI-powered Data Querying) (Bangkok based, Relocation provided)","Sydney, New South Wales",,2026-07-23,linkedin,filtered,https://www.linkedin.com/jobs/view/4396586448
759,0,Homhero,Senior Software Engineer,"Gold Coast, (Remote)",,2026-07-23,linkedin,filtered,https://www.linkedin.com/jobs/view/4444464686
765,0,Zurich Australia,AI Tech Lead,"North Sydney, New South Wales",,2026-07-23,linkedin,filtered,https://www.linkedin.com/jobs/view/4390787950
784,0,Citadel Securities,Senior Options Software Engineer,"Sydney, New South Wales",,2026-07-23,linkedin,filtered,https://www.linkedin.com/jobs/view/4417980235
800,0,Agoda,"Principal Software Engineer, Back End (AI-powered Data Querying) (Bangkok based, Relocation provided)","Melbourne, Victoria",,2026-07-23,linkedin,filtered,https://www.linkedin.com/jobs/view/4403430246
6,0,Hilltop Holdings,"Manager, IT","Dallas, TX",,2026-07-22,indeed,filtered,https://www.indeed.com/viewjob?jk=4687eab1914c372b
17,0,Lakemont Family Dentistry,Registered Dental Hygienist,"Bellevue, WA",,2026-07-22,indeed,filtered,https://www.indeed.com/viewjob?jk=e3108786ad15c1af
21,0,Washington County Public Schools,Alternative School Vehicle (Van) Driver - Transportation Department,"Hagerstown, MD",,2026-07-22,indeed,filtered,https://www.indeed.com/viewjob?jk=9baa0df003889d02
44,0,Tata Consultancy Services,Technical Architect,"Sydney, New South Wales",,2026-07-22,linkedin,filtered,https://www.linkedin.com/jobs/view/4442980993
53,0,Macquarie Technology Group,Graduate Data Engineer,"Sydney, New South Wales",,2026-07-22,linkedin,rejected,https://www.linkedin.com/jobs/view/4443753489
91,0,Automic Group,"Senior AI Engineer (Sydney, Melbourne or Brisbane)","Sydney, New South Wales",,2026-07-22,linkedin,filtered,https://www.linkedin.com/jobs/view/4443739889
95,0,The HR Ally,AI Backend Engineer-Australia Only-BFSI,"Sydney, New South Wales",,2026-07-22,linkedin,filtered,https://www.linkedin.com/jobs/view/4443710925
103,0,Alignerr,Machine Learning Engineer,"Melbourne, Victoria, (Remote)",,2026-07-22,linkedin,rejected,https://www.linkedin.com/jobs/view/4443725038
109,0,Alignerr,Machine Learning Engineer,"Sydney, New South Wales, (Remote)",,2026-07-22,linkedin,rejected,https://www.linkedin.com/jobs/view/4443717180
112,0,Letchford & Letchford,AI-Native Software Engineer,"Capalaba, Queensland",,2026-07-22,linkedin,filtered,https://www.linkedin.com/jobs/view/4442695480
123,0,Ateco Group,Product Specialist,"Lidcombe, New South Wales",,2026-07-22,linkedin,filtered,https://www.linkedin.com/jobs/view/4442927725
127,0,SEOTopSecret,Full-Stack Engineer,"Greater Sydney Area, (Remote)",,2026-07-22,linkedin,filtered,https://www.linkedin.com/jobs/view/4442936005
142,0,Velan Consulting Pty Ltd,Product Owner,(Remote),,2026-07-22,linkedin,filtered,https://www.linkedin.com/jobs/view/4440422494
146,0,CareCone Group,Product Owner,(Remote),,2026-07-22,linkedin,filtered,https://www.linkedin.com/jobs/view/4443322034
161,0,NSW Department of Customer Service,Senior BI Developer,"Sydney, New South Wales",,2026-07-22,linkedin,filtered,https://www.linkedin.com/jobs/view/4442909824
167,0,Revium,Frontend Developer,"Cremorne, Victoria, (Remote)",,2026-07-22,linkedin,filtered,https://www.linkedin.com/jobs/view/4442954587
172,0,Ampstek,Frontend Developer - React,"Sydney, New South Wales",,2026-07-22,linkedin,filtered,https://www.linkedin.com/jobs/view/4442982815
178,0,Objective Corporation,Senior Software Engineer - Fullstack (Java/AWS/ReactJS),"Sydney, New South Wales",,2026-07-22,linkedin,filtered,https://www.linkedin.com/jobs/view/4443751420
185,0,Tata Consultancy Services,.NET Core Technical Architect,"Sydney, New South Wales",,2026-07-22,linkedin,filtered,https://www.linkedin.com/jobs/view/4443126938
197,0,Alcon,(Junior) Software Engineer - 12 months contract,"Mulgrave, Victoria",,2026-07-22,linkedin,filtered,https://www.linkedin.com/jobs/view/4443117635
198,0,Accenture Australia,*Full Stack LLM Engineer*,"Melbourne, Victoria",,2026-07-22,linkedin,filtered,https://www.linkedin.com/jobs/view/4434358982
200,0,Zendesk,Staff Machine Learning Engineer,"Melbourne, Victoria, (Remote)",,2026-07-22,linkedin,filtered,https://www.linkedin.com/jobs/view/4441019836
203,0,Tata Consultancy Services,AI Cloud Engineer,"Sydney, New South Wales",,2026-07-22,linkedin,filtered,https://www.linkedin.com/jobs/view/4443107962
205,0,Orix Digi,Mid-Level AI Automation Engineer - Oceania,Greater Sydney Area,,2026-07-22,linkedin,filtered,https://www.linkedin.com/jobs/view/4443974253
220,0,CMW Geosciences,GIS Analyst,"Perth, Western Australia",,2026-07-22,linkedin,filtered,https://www.linkedin.com/jobs/view/4443962027
222,0,TikTok,"Frontend Software Engineer - TikTok LIVE, Sydney","Sydney, New South Wales",,2026-07-22,linkedin,rejected,https://www.linkedin.com/jobs/view/4443401043
223,0,Kaizen Global Technologies,Full Stack Engineer,"Sydney, New South Wales",,2026-07-22,linkedin,filtered,https://www.linkedin.com/jobs/view/4443166324
227,0,ELMO Software,Senior Full Stack Developer (.Net),"Sydney, New South Wales",,2026-07-22,linkedin,filtered,https://www.linkedin.com/jobs/view/4442981704
228,0,Ampstek,"Back End Developer (Spring Boot, Microservices)","Sydney, New South Wales",,2026-07-22,linkedin,filtered,https://www.linkedin.com/jobs/view/4442984727
231,0,PropertyMe,Senior Full Stack Engineer,"Sydney, New South Wales, (Remote)",,2026-07-22,linkedin,filtered,https://www.linkedin.com/jobs/view/4442953900
234,0,Canva,Senior Backend Engineer - Java - User Platform,"Sydney, New South Wales, (Remote)",,2026-07-22,linkedin,filtered,https://www.linkedin.com/jobs/view/4443709677
246,0,JPMorganChase,"Digital Product Owner, Web Experience and Personalization - Associate","Melbourne, Victoria",,2026-07-22,linkedin,filtered,https://www.linkedin.com/jobs/view/4407520033
247,0,Insight Timer,Principal Product Owner,(Remote),,2026-07-22,linkedin,filtered,https://www.linkedin.com/jobs/view/4442975859
255,0,Jobgether,Senior Product Manager - Core Platform,(Remote),,2026-07-22,linkedin,filtered,https://www.linkedin.com/jobs/view/4443119749
272,0,Kaizen Global Technologies,AI Powered Engineer,"Sydney, New South Wales",,2026-07-22,linkedin,filtered,https://www.linkedin.com/jobs/view/4443173051
275,0,PwC Australia,AI Engineer / Data Scientist (Agentic AI) | Associate/Senior Associate,"Sydney, New South Wales, (Remote)",,2026-07-22,linkedin,filtered,https://www.linkedin.com/jobs/view/4425821651
280,0,Decipher Bureau,Cyber Threat Detection Engineer,Greater Sydney Area,,2026-07-22,linkedin,filtered,https://www.linkedin.com/jobs/view/4443431631
311,0,HammondCare,Cloud System Engineer,"St Leonards, New South Wales",,2026-07-22,linkedin,filtered,https://www.linkedin.com/jobs/view/4438482836
312,0,LawConnect,Tech Lead,"Sydney, New South Wales",,2026-07-22,linkedin,filtered,https://www.linkedin.com/jobs/view/4443700528
317,0,Canva,Staff Software Engineer - Video - Content and Discovery,"Sydney, New South Wales, (Remote)",,2026-07-22,linkedin,filtered,https://www.linkedin.com/jobs/view/4443711609
319,0,RELX,Senior Quality Test Engineer II,"St Leonards, New South Wales",,2026-07-22,linkedin,filtered,https://www.linkedin.com/jobs/view/4443111074
321,0,Australian Energy Market Operator (AEMO),Senior Engineer System Planning,"Sydney, New South Wales, (Remote)",,2026-07-22,linkedin,filtered,https://www.linkedin.com/jobs/view/4435394591
340,0,Bullpen Capital,Senior Software Engineer - Systems and Infrastructure,"Senior, South Australia",,2026-07-22,linkedin,filtered,https://www.linkedin.com/jobs/view/4443759099
343,0,Equiem,🧠 Tech Lead (Senior),"Melbourne, Victoria",,2026-07-22,linkedin,filtered,https://www.linkedin.com/jobs/view/4443921026
352,0,randstad digital australia,Cloud Platform Engineer,"Brisbane City, Queensland",,2026-07-22,linkedin,filtered,https://www.linkedin.com/jobs/view/4443130053
361,0,HUB24 Limited,Site Reliability Engineer,"Sydney, New South Wales",,2026-07-22,linkedin,filtered,https://www.linkedin.com/jobs/view/4414709883
387,0,Auto & General Australia,Natural Perils & Geospatial Specialist/Actuary,"Sydney, New South Wales, (Remote)",,2026-07-22,linkedin,filtered,https://www.linkedin.com/jobs/view/4415749132
399,0,Agoda,"Senior/Staff Machine Learning Engineer - Bidding (Bangkok based, relocation provided)","Sydney, New South Wales, (Remote)",,2026-07-22,linkedin,filtered,https://www.linkedin.com/jobs/view/4308196284
400,0,Dovetail,Staff Software Engineer,"Sydney, New South Wales, (Remote)",,2026-07-22,linkedin,filtered,https://www.linkedin.com/jobs/view/4432313645
404,0,Cartology - Part of the Woolworths Group,Product Sales Manager,"Surry Hills, New South Wales, (Remote)",,2026-07-22,linkedin,filtered,https://www.linkedin.com/jobs/view/4432229597
410,0,Tyro Payments,Senior Technology Risk and Performance Manager,"Sydney, New South Wales, (Remote)",,2026-07-22,linkedin,filtered,https://www.linkedin.com/jobs/view/4443106868
428,0,Ecommerce Guide,Senior Technical Project Manager,"Sydney, New South Wales, (Remote)",,2026-07-22,linkedin,filtered,https://www.linkedin.com/jobs/view/4443591859
434,0,N2S.Global,GCP Platform Engineer,"Sydney, New South Wales",,2026-07-22,linkedin,filtered,https://www.linkedin.com/jobs/view/4443304164
441,0,Accenture Australia,*AWS Amazon Connect Engineer*,"Sydney, New South Wales",,2026-07-22,linkedin,filtered,https://www.linkedin.com/jobs/view/4385210163
447,0,The HR Ally,Data Engineer – AWS SageMaker Unified Studio-Australia Only,"Sydney, New South Wales",,2026-07-22,linkedin,filtered,https://www.linkedin.com/jobs/view/4443150552
479,0,Zendesk,Senior Principal Product Manager,"Melbourne, Victoria, (Remote)",,2026-07-22,linkedin,filtered,https://www.linkedin.com/jobs/view/4435506247
495,0,Mindrift,Python Engineer - Freelance AI Trainer,Unknown,,2026-07-22,linkedin,filtered,https://www.linkedin.com/jobs/view/4443777970
498,0,Mindrift,Senior Python Engineer - AI Coding Agent Evaluation (Freelance),Unknown,,2026-07-22,linkedin,filtered,https://www.linkedin.com/jobs/view/4443773347
525,0,Zendesk,Staff Machine Learning Engineer,"New South Wales, (Remote)",,2026-07-22,linkedin,filtered,https://www.linkedin.com/jobs/view/4441024568
548,0,IRL work,Senior Product Manager,"Senior, South Australia",,2026-07-22,linkedin,filtered,https://www.linkedin.com/jobs/view/4443137273
614,0,Agoda,"Back End Staff Software Engineer (Bangkok based, Relocation provided)","Sydney, New South Wales",,2026-07-22,linkedin,filtered,https://www.linkedin.com/jobs/view/4299781028
615,0,Agoda,"Staff Software Engineer (FinTech) - Back End (Bangkok based, Relocation provided)","Sydney, New South Wales",,2026-07-22,linkedin,filtered,https://www.linkedin.com/jobs/view/4299762775
633,0,Nasdaq,QA Test Engineer (Unix/Linux),"Sydney, New South Wales",,2026-07-22,linkedin,filtered,https://www.linkedin.com/jobs/view/4422914165
654,0,DroneShield,C2 Linux Team Lead (AU),"Sydney, New South Wales, (Remote)",,2026-07-22,linkedin,filtered,https://www.linkedin.com/jobs/view/4443162913
687,0,Synechron,Data Engineer(KAFKA),Greater Sydney Area,,2026-07-22,linkedin,filtered,https://www.linkedin.com/jobs/view/4441068324
727,0,Agoda,"Technical Product Manager, LLM/ML Domain","Sydney, New South Wales",,2026-07-22,linkedin,filtered,https://www.linkedin.com/jobs/view/4404853461
1,0,Koelsch Communities,Certified Caregiver - Copper Creek Inn,"Chandler, AZ",,2026-07-21,indeed,filtered,https://www.indeed.com/viewjob?jk=84ecc97b25236361
14,0,STERIS,Senior Quality Engineer,"Conroe, TX","$95,000 - $118,000 /yearly",2026-07-21,indeed,filtered,https://www.indeed.com/viewjob?jk=4ee4b149de9fd9ca
24,0,CENTSTONE SERVICES LLC,Registered Nurse-ER,"Gardner, MA","$1,800 - $2,016 /weekly",2026-07-21,indeed,filtered,https://www.indeed.com/viewjob?jk=cb59785dcdbfe987
29,0,Steuben Foods Inc.,General Interest Application,"Elma, NY",,2026-07-21,linkedin,filtered,https://www.linkedin.com/jobs/view/4442693426
41,0,ASX,Digital Product Owner,"Sydney, New South Wales",,2026-07-21,linkedin,filtered,https://www.linkedin.com/jobs/view/4431597707
55,0,Orygen,Product Owner - AI,"Parkville, Victoria, (Remote)",,2026-07-21,linkedin,filtered,https://www.linkedin.com/jobs/view/4442611757
69,0,Scantek,Software Developers,"Perth, Western Australia",,2026-07-21,linkedin,filtered,https://www.linkedin.com/jobs/view/4442692474
70,0,UpGuard,Software Engineer (Multiple Levels),"Brisbane, Queensland, (Remote)",,2026-07-21,linkedin,rejected,https://www.linkedin.com/jobs/view/3871589110
84,0,Talent,Software Engineer,"Canberra, Australian Capital Territory",,2026-07-21,linkedin,filtered,https://www.linkedin.com/jobs/view/4442918327
87,0,Think & Grow,Artificial Intelligence Engineer,"Sydney, New South Wales",,2026-07-21,linkedin,filtered,https://www.linkedin.com/jobs/view/4443550846
92,0,Deloitte,Associate Director - AI Engineer,"Sydney, New South Wales",,2026-07-21,linkedin,filtered,https://www.linkedin.com/jobs/view/4375630906
93,0,Motorola Solutions,"Senior AI Engineer (Sydney, Australia - Hybrid)","Sydney, New South Wales",,2026-07-21,linkedin,filtered,https://www.linkedin.com/jobs/view/4422267248
100,0,Alignerr,Software Engineer – Machine Learning (AI Training),"Sydney, New South Wales, (Remote)",,2026-07-21,linkedin,rejected,https://www.linkedin.com/jobs/view/4443069494
126,0,Synechron,Full Stack Engineer,"Sydney, New South Wales",,2026-07-21,linkedin,filtered,https://www.linkedin.com/jobs/view/4434807446
133,0,Loop IQ,Product Analyst,"Melbourne, Victoria",,2026-07-21,linkedin,filtered,https://www.linkedin.com/jobs/view/4442268965
140,0,IT Alliance Australia,Product Manager - EL2,(Remote),,2026-07-21,linkedin,filtered,https://www.linkedin.com/jobs/view/4443099981
141,0,SRA Information Technology,Product Manager -,"Canberra, Australian Capital Territory",,2026-07-21,linkedin,filtered,https://www.linkedin.com/jobs/view/4442289614
148,0,IT Alliance Australia,Product Owner - EL1,(Remote),,2026-07-21,linkedin,filtered,https://www.linkedin.com/jobs/view/4443321228
150,0,ADL Group Australia,Product Owner [Australian citizen with Baseline only],(Remote),,2026-07-21,linkedin,filtered,https://www.linkedin.com/jobs/view/4442639273
154,0,Transport for NSW,Senior Network & Geospatial Analysis Specialist,"Macquarie Park, New South Wales",,2026-07-21,linkedin,filtered,https://www.linkedin.com/jobs/view/4443359197
166,0,Asahi Beverages,Full Stack Web Developer,"Melbourne, Victoria",,2026-07-21,linkedin,filtered,https://www.linkedin.com/jobs/view/4442622238
180,0,Alignerr,Frontend TypeScript Engineer (AI Training),"Sydney, New South Wales, (Remote)",,2026-07-21,linkedin,rejected,https://www.linkedin.com/jobs/view/4443058945
181,0,Boopro Technology,SENIOR REACT DEVELOPER,"Senior, South Australia",,2026-07-21,linkedin,filtered,https://www.linkedin.com/jobs/view/4442692089
182,0,Alignerr,Data Scientist (Masters),(Remote),,2026-07-21,linkedin,rejected,https://www.linkedin.com/jobs/view/4443068568
183,0,Alignerr,Data Scientist (Masters),"Brisbane, Queensland, (Remote)",,2026-07-21,linkedin,rejected,https://www.linkedin.com/jobs/view/4443077148
207,0,Wabtec Corporation,Quality Manager - Rail Products,"Rydalmere, New South Wales",,2026-07-21,linkedin,filtered,https://www.linkedin.com/jobs/view/4443319056
208,0,JETOUR Australia,Product Training Manager,"Sydney, New South Wales",,2026-07-21,linkedin,filtered,https://www.linkedin.com/jobs/view/4440414963
230,0,Canva,Senior Backend Engineer - Java - Product Platform,"Sydney, New South Wales, (Remote)",,2026-07-21,linkedin,filtered,https://www.linkedin.com/jobs/view/4434197276
242,0,People Connect ICT Solutions,Product Owner / Manager,"Canberra, Australian Capital Territory",,2026-07-21,linkedin,filtered,https://www.linkedin.com/jobs/view/4443347110
243,0,CareCone Group,Product Owner,"Canberra, Australian Capital Territory, (Remote)",,2026-07-21,linkedin,filtered,https://www.linkedin.com/jobs/view/4443320246
244,0,Saab Australia,Product Owner,"Adelaide, South Australia, (Remote)",,2026-07-21,linkedin,filtered,https://www.linkedin.com/jobs/view/4443310808
249,0,Auto & General Australia,General Manager Product Delivery,"Brisbane, Queensland",,2026-07-21,linkedin,filtered,https://www.linkedin.com/jobs/view/4425087085
252,0,IT Alliance Australia,Technical Business Analyst/System Analyst / Product Owners /Product Manager(D365/Dynamics 365/Dynamics CRM)-All States/Canberra(Remote),"Australian Capital Territory, (Remote)",,2026-07-21,linkedin,filtered,https://www.linkedin.com/jobs/view/4443325790
258,0,Choice Ventures,Principal Product Manager,New South Wales,,2026-07-21,linkedin,filtered,https://www.linkedin.com/jobs/view/4442901257
261,0,The Onset,Senior Product Manager - Websites,"Sydney, New South Wales, (Remote)",,2026-07-21,linkedin,filtered,https://www.linkedin.com/jobs/view/4443087834
287,0,Canva,Staff Machine Learning Engineer - Recommendations,"Sydney, New South Wales, (Remote)",,2026-07-21,linkedin,filtered,https://www.linkedin.com/jobs/view/4434963538
289,0,Amazon Web Services (AWS),"AI/ML Consultant, AWS Professional Services","Sydney, New South Wales",,2026-07-21,linkedin,filtered,https://www.linkedin.com/jobs/view/4443037041
290,0,TikTok,Audio Algorithm Researcher - Immersive Intelligent,"Sydney, New South Wales",,2026-07-21,linkedin,rejected,https://www.linkedin.com/jobs/view/4442675493
295,0,Alignerr,Data Scientist (Masters),"Wollongong, New South Wales, (Remote)",,2026-07-21,linkedin,rejected,https://www.linkedin.com/jobs/view/4443060911
296,0,Alignerr,Data Scientist (Masters),"Melbourne, Victoria, (Remote)",,2026-07-21,linkedin,rejected,https://www.linkedin.com/jobs/view/4443072395
297,0,Alignerr,Data Scientist (Masters),"Adelaide, South Australia, (Remote)",,2026-07-21,linkedin,rejected,https://www.linkedin.com/jobs/view/4443064792
298,0,Alignerr,Data Scientist (Masters),"Perth, Western Australia, (Remote)",,2026-07-21,linkedin,rejected,https://www.linkedin.com/jobs/view/4443071343
299,0,Alignerr,Data Scientist (Masters),"Sydney, New South Wales, (Remote)",,2026-07-21,linkedin,rejected,https://www.linkedin.com/jobs/view/4443065714
304,0,Equifax,Data scientist,"Melbourne, Victoria",,2026-07-21,linkedin,filtered,https://www.linkedin.com/jobs/view/4434952290
308,0,CareCone Group,Senior Java Software Engineer (AWS),"Sydney, New South Wales",,2026-07-21,linkedin,filtered,https://www.linkedin.com/jobs/view/4443336370
309,0,Magentus,Senior Software Engineer,"Sydney, New South Wales, (Remote)",,2026-07-21,linkedin,filtered,https://www.linkedin.com/jobs/view/4428001034
314,0,UNSW,Senior AI Applications Engineer,"Sydney, New South Wales, (Remote)",,2026-07-21,linkedin,filtered,https://www.linkedin.com/jobs/view/4440456740
315,0,ASX,"Senior Engineer, CHESSR","Sydney, New South Wales",,2026-07-21,linkedin,filtered,https://www.linkedin.com/jobs/view/4431595741
316,0,Infosys,Performance Testing,"Sydney, New South Wales",,2026-07-21,linkedin,filtered,https://www.linkedin.com/jobs/view/4434967964
318,0,Canva,Staff Software Engineer (one level above Senior) - Video - Content and Discovery,"Sydney, New South Wales, (Remote)",,2026-07-21,linkedin,filtered,https://www.linkedin.com/jobs/view/4434194684
326,0,Westpac Group,Senior Engineer - Mainframe,"Sydney, New South Wales",,2026-07-21,linkedin,filtered,https://www.linkedin.com/jobs/view/4431548794
328,0,Deputy,Senior Product Manager,"Sydney, New South Wales, (Remote)",,2026-07-21,linkedin,filtered,https://www.linkedin.com/jobs/view/4442618187
332,0,Healthengine,Senior Integrations Engineer,"Perth, Western Australia",,2026-07-21,linkedin,filtered,https://www.linkedin.com/jobs/view/4443078787
339,0,Keena Healthcare Technology,Senior Software Engineer,"Senior, South Australia, (Remote)",,2026-07-21,linkedin,filtered,https://www.linkedin.com/jobs/view/4443339490
342,0,AGL,Principal Application Engineer - Salesforce,"Docklands, Victoria",,2026-07-21,linkedin,filtered,https://www.linkedin.com/jobs/view/4440415164
344,0,Infosys,Domain Lead - Automation Lead,"Brisbane, Queensland",,2026-07-21,linkedin,filtered,https://www.linkedin.com/jobs/view/4440443674
349,0,TRIGO | We speak human and computer,Senior Platform Engineer,"Senior, South Australia",,2026-07-21,linkedin,filtered,https://www.linkedin.com/jobs/view/4443553192
378,0,Cuscal Limited,QA Engineer - Automation,"Sydney, New South Wales",,2026-07-21,linkedin,filtered,https://www.linkedin.com/jobs/view/4443056533
397,0,Alignerr,Senior Machine Learning Expert,"Sydney, New South Wales, (Remote)",,2026-07-21,linkedin,rejected,https://www.linkedin.com/jobs/view/4443076151
401,0,Kasada,Senior Software Engineer,"Sydney, New South Wales",,2026-07-21,linkedin,filtered,https://www.linkedin.com/jobs/view/4431595091
403,0,Employment International,Data Product Manager – Enterprise Data Governance & Risk Management,"Sydney, New South Wales, (Remote)",,2026-07-21,linkedin,filtered,https://www.linkedin.com/jobs/view/4443352581
413,0,Info-Tech Research Group,Senior Business Development Manager,"Sydney, New South Wales, (Remote)",,2026-07-21,linkedin,filtered,https://www.linkedin.com/jobs/view/4431924590
424,0,DoorDash,"Associate Manager, Sales Enablement, ANZ","Melbourne, Victoria, (Remote)",,2026-07-21,linkedin,filtered,https://www.linkedin.com/jobs/view/4334464950
425,0,Hamilton Barnes 🌳,Senior Program Manager (Remote),(Remote),,2026-07-21,linkedin,filtered,https://www.linkedin.com/jobs/view/4440419786
454,0,Vix Technology,Cloud Operations Engineer,"Melbourne, Victoria",,2026-07-21,linkedin,filtered,https://www.linkedin.com/jobs/view/4443360078
455,0,Jobgether,DevOps Engineer,(Remote),,2026-07-21,linkedin,filtered,https://www.linkedin.com/jobs/view/4443352406
457,0,Orygen,Platform Engineer,(Remote),,2026-07-21,linkedin,filtered,https://www.linkedin.com/jobs/view/4442700358
2479,0,Insight,Forward Deployed Engineer Principal,"Sydney, NSW",,2026-07-21,indeed,filtered,https://au.indeed.com/viewjob?jk=95a0b2c683156b9d
42,0,Employment Hero,Lead Product Owner  - Remote,"Sydney, New South Wales, (Remote)",,2026-07-20,linkedin,filtered,https://www.linkedin.com/jobs/view/4442566118
58,0,splose,Principal Product Manager (AI Team),"Adelaide, South Australia",,2026-07-20,linkedin,filtered,https://www.linkedin.com/jobs/view/4440130215
61,0,Plexus,Senior Product Manager,"Melbourne, Victoria",,2026-07-20,linkedin,filtered,https://www.linkedin.com/jobs/view/4442247235
64,0,splose,Principal Product Manager (AI Team),"Melbourne, Victoria",,2026-07-20,linkedin,filtered,https://www.linkedin.com/jobs/view/4440118830
82,0,Opus Recruitment Solutions,Software Engineer,"Sydney, New South Wales",,2026-07-20,linkedin,filtered,https://www.linkedin.com/jobs/view/4442022668
104,0,Alignerr,Software Engineer (AI Training),"Brisbane, Queensland, (Remote)",,2026-07-20,linkedin,rejected,https://www.linkedin.com/jobs/view/4442567142
108,0,Alignerr,Software Engineer (AI Training),"Melbourne, Victoria, (Remote)",,2026-07-20,linkedin,rejected,https://www.linkedin.com/jobs/view/4442567144
151,0,Nuix,Senior Software Engineer - AI Team,"Sydney, New South Wales, (Remote)",,2026-07-20,linkedin,filtered,https://www.linkedin.com/jobs/view/4442585984
170,0,Talent,Frontend Developer,"Canberra, Australian Capital Territory",,2026-07-20,linkedin,filtered,https://www.linkedin.com/jobs/view/4442013740
174,0,Rotor Studios,Frontend Developer Freelance,"North Sydney, New South Wales, (Remote)",,2026-07-20,linkedin,filtered,https://www.linkedin.com/jobs/view/4442004050
175,0,Whizdom,Full Stack Engineer,"Melbourne, Victoria",,2026-07-20,linkedin,filtered,https://www.linkedin.com/jobs/view/4442008030
177,0,Canva,Staff Front-End Engineer - Design Systems,"Sydney, New South Wales",,2026-07-20,linkedin,filtered,https://www.linkedin.com/jobs/view/4433639083
215,0,Schneider Electric,Product Manager-Circuit Protection (Residential),"Macquarie Park, New South Wales",,2026-07-20,linkedin,filtered,https://www.linkedin.com/jobs/view/4442073116
216,0,Shoals Technologies Group,"Manager, Product Line - Australia","Sydney, New South Wales",,2026-07-20,linkedin,filtered,https://www.linkedin.com/jobs/view/4442763988
233,0,Balance Recruitment and Balance Consulting,Senior Java Software Engineer,"Sydney, New South Wales",,2026-07-20,linkedin,filtered,https://www.linkedin.com/jobs/view/4442029005
235,0,Homhero,Senior Full Stack Developer,"Surfers Paradise, Queensland",,2026-07-20,linkedin,filtered,https://www.linkedin.com/jobs/view/4442737789
251,0,Flight Centre Travel Group,"Principal Product Owner- South Bank, QLD","Brisbane, Queensland",,2026-07-20,linkedin,filtered,https://www.linkedin.com/jobs/view/4389461708
257,0,fatsecret,Senior Product Manager,"Caulfield North, Victoria",,2026-07-20,linkedin,filtered,https://www.linkedin.com/jobs/view/4442024256
270,0,Alinta Energy,Senior ML Engineer,Greater Sydney Area,,2026-07-20,linkedin,filtered,https://www.linkedin.com/jobs/view/4442096125
276,0,Canva,Staff Software Engineer - User Platform (Java),"Sydney, New South Wales, (Remote)",,2026-07-20,linkedin,filtered,https://www.linkedin.com/jobs/view/4442250294
292,0,Alinta Energy,Senior ML Engineer,Greater Melbourne Area,,2026-07-20,linkedin,filtered,https://www.linkedin.com/jobs/view/4442200015
293,0,Alinta Energy,Senior ML Engineer,Greater Adelaide Area,,2026-07-20,linkedin,filtered,https://www.linkedin.com/jobs/view/4442083670
307,0,CORTO,Senior Software Engineer (.NET),"Sydney, New South Wales",,2026-07-20,linkedin,filtered,https://www.linkedin.com/jobs/view/4443024097
337,0,Boeing,Senior Software Engineer – Unreal Engine,"Brisbane, Queensland",,2026-07-20,linkedin,filtered,https://www.linkedin.com/jobs/view/4440171245
345,0,BlackRock,"Vice President, Senior Salesforce Developer - SMA Solutions","Howard, Queensland, (Remote)",,2026-07-20,linkedin,filtered,https://www.linkedin.com/jobs/view/4359446230
165,0,Wealth For Life Mortgage Solutions,Front End Developer,"South Melbourne, Victoria",,2026-07-19,linkedin,filtered,https://www.linkedin.com/jobs/view/4442519985
169,0,Wealth For Life Mortgage Solutions,Full Stack Web Developer,"South Melbourne, Victoria",,2026-07-19,linkedin,filtered,https://www.linkedin.com/jobs/view/4442518991
3846,0,Skills Union,Technical AI Instructor,"Sydney, NSW",,2026-05-28,indeed,filtered,https://au.indeed.com/viewjob?jk=622fcf0cb29aeb9a
2480,0,HCLTech,"Senior Engineer - Desk Side Services, AMT Asset Management Software","Sydney, NSW",,2026-05-08,indeed,filtered,https://au.indeed.com/viewjob?jk=045a7dcd97c47028
2374,0,DMC Recruitment and Search,Senior Financial Analyst,"Sydney CBD, NSW","$160,000 - $170,000 /yearly",,jora,filtered,https://au.jora.com/job/Financial-Analyst-1bf34d6f23877b2483ab1e2b7e7a5b53
2416,0,STAR Community Services,Chief Financial Officer,"Cleveland, QLD",,,jora,filtered,https://au.jora.com/job/Chief-Financial-Officer-47d498f84092b927f37b2befc8d49b4b
2600,0,Construction Sciences,Client Services Team Coordinator,"Tingalpa, QLD","$65,000 - $80,000 /yearly",,jora,filtered,https://au.jora.com/job/Service-Team-Coordinator-b5b91e35dcf8e2fe1c6e6b01060fed15
2686,0,ThompsonCook,Transactional Finance Leader | $130K – $150K package | Leading Organisation,"Melbourne, VIC",,,jora,filtered,https://au.jora.com/job/Transactional-Finance-Leader-8aa7a39febe44b2ebfd658be09dd5432
2774,0,Talent Web Recruitment,Senior Financial Accountant Ops,"Sydney, NSW",,,jora,filtered,https://au.jora.com/job/Financial-Accountant-b396a7138156c138527e531e77d91d93
2821,0,William Buck,Change Lead,"Sydney, NSW",,,jora,filtered,https://au.jora.com/job/Change-Lead-3ae3548906463b92c1a0cbd775a89025
2822,0,Techforce Personnel,Communications Officer,"Sydney CBD, NSW",,,jora,filtered,https://au.jora.com/job/Communications-Officer-928f8a7d3ad219cd28c8358b0e51291b
2842,0,Cox Purtell,"General Manager, Finance & Operations","Sydney CBD, NSW","$180,000 - $200,000 /yearly",,jora,filtered,https://au.jora.com/job/General-Manager-Finance-f2364c337a43b730dfe50800dd00a208
2973,0,Reo Group,Senior Financial Accountant-12 Month FTC,"Sydney, NSW","$130,000 - $135,000 /yearly",,jora,filtered,https://au.jora.com/job/Financial-Accountant-64c09b374f40e770a4e5878ad18ef9f8
2974,0,Reo Group,Senior Finance Manager,"Sydney, NSW","$165,000 - $175,000 /yearly",,jora,filtered,https://au.jora.com/job/Finance-Manager-c41d89b9d7b599461b13c4d846caea7a
3171,0,The Monday Group,Customer Experience Manager,"Melbourne, VIC","$100,000 - $120,000 /yearly",,jora,filtered,https://au.jora.com/job/Customer-Experience-Manager-280517b41506f5781238bae096bb96c2
3172,0,Amicus Legal Recruitment,Office & Corporate Services Manager | CBD Law Firm,"Melbourne, VIC","$115,000 /yearly",,jora,filtered,https://au.jora.com/job/Corporate-Services-Manager-823824cb44395742c336bbe9afb76b69
3174,0,Sharp and Carter,Senior Finance Analyst,"Sydney, NSW",,,jora,filtered,https://au.jora.com/job/Senior-Finance-Analyst-366ba75ec1370b286fe875260292b5f0
3175,0,Sharp and Carter,Accounts Receivable Officer | Immediate Start,"Bundoora, VIC",,,jora,filtered,https://au.jora.com/job/Accounts-Receivable-Officer-19cb2a434cb4700bd32957b54e8f5c0c
3188,0,Benneaux,Senior Payroll Officer,"Melbourne, VIC",,,jora,filtered,https://au.jora.com/job/Payroll-Officer-0371a7d1e399591dcf724722409630ef
3262,0,4Dtalent,Senior FP&A Manager,"Sydney, NSW","$180,000 /yearly",,jora,filtered,https://au.jora.com/job/Senior-FP-A-718ab185b94445d05ebafd1872815910
3397,0,Uniting,Head of Quality & Service Improvement,"Sydney, NSW",,,jora,filtered,https://au.jora.com/job/Head-of-Quality-bcd56921a4d26e2b4786c0b308bf3d88
3585,0,Stockland,Senior Analyst,"Sydney CBD, NSW",,,jora,filtered,https://au.jora.com/job/Analyst-d5e243b349ea107b84ada16297f723e2
3698,0,Scentre Group,Senior Finance Analyst - Developments - 12 month contract,"Sydney CBD, NSW",,,jora,filtered,https://au.jora.com/job/Senior-Finance-Analyst-8c3e5ca91d260b6223be377cc2077e46
3932,0,Excel Cleaning,Home Cleaner / Housekeeper - Williamstown area,"Williamstown, VIC",$35 /hourly,,jora,filtered,https://au.jora.com/job/Home-Cleaner-d59f25cfbb6625aa89c3a2af316dbe4f
3944,0,Excel Cleaning,Home Cleaner / Housekeeper - Sunshine area,"Sunshine, VIC",$35 /hourly,,jora,filtered,https://au.jora.com/job/Home-Cleaner-334237e4b0095dea8e4e054943b22a6e
3967,0,Icon Group,Science Graduate - Pharmaceutical Compounding,"Adelaide, SA",,,jora,filtered,https://au.jora.com/job/Science-Graduate-392843158097fe565abd0fadfd03047c
4001,0,Hawkesbury City Council,Community Nursery Officer,"Sydney, NSW",,,jora,filtered,https://au.jora.com/job/Nursery-Officer-817f5b3b8c03b354dccf187ae2257a1f
4111,0,Paul Claessen Consulting,Marketing Specialist,"Stirling, WA","$70,000 - $85,000 /yearly",,jora,filtered,https://au.jora.com/job/Marketing-Specialist-f67559362dc9949c85c37918d5a900fa
4181,0,Partale,Senior Financial Accountant,"Sydney, NSW, (Remote)",,,jora,filtered,https://au.jora.com/job/Financial-Accountant-a849999537199a86303b7dc2d24bbcf3
4217,0,"Shellharbour, AU #job-location.job-location-inline { display: inline; }",OPSM Optometrist - Shellharbour 12 Months Maternity Leave Role,"Shellharbour Village, NSW",,,jora,filtered,https://au.jora.com/job/Optometrist-62310b0b8769ef25e212ac0bb0a6452e
4307,0,Evans Petersen Healthcare,Business Development Manager - Aesthetics QLD/WA,"Brisbane, QLD",,,jora,filtered,https://au.jora.com/job/Business-Development-Manager-95a2813efb554de2c95738c78f5a054e
4308,0,Life Medical Centre,General Practice Senior Receptionist,"Erina, NSW",$33 - $40 /hourly,,jora,filtered,https://au.jora.com/job/General-Practice-Senior-27dc9eeca6b0f718e28df33b9aad849a
4362,0,Gate Gourmet,Catering Assistant,"Brisbane, QLD",,,jora,filtered,https://au.jora.com/job/Catering-Assistant-de6d00389e09654fdfc0a88790d95fea
4448,0,The Cordina Group,Forklift Driver - HIGHREACH,"Girraween, NSW",,,jora,filtered,https://au.jora.com/job/Forklift-Driver-b32e95d424f3749de8d3d3a355757bad
4487,0,Uneedit Supplies Pty Ltd,Accounts Receivable Officer,"Milperra, NSW",,,jora,filtered,https://au.jora.com/job/Accounts-Receivable-Officer-851b82b50d556169b6c7a6a294d80885
4488,0,Splice Elec,Solar Installer/Trade assistant/Roofer,"Sydney CBD, NSW",,,jora,filtered,https://au.jora.com/job/Solar-Installer-e06b483c338d210889e7fdc1b42b36d9
4491,0,Mercer & Luck,Storeperson / Parts & Inventory Coordinator,"South Toowoomba, QLD",$30 - $35 /hourly,,jora,filtered,https://au.jora.com/job/Inventory-Coordinator-4adc8a3836f93da00904291f41f3a682
4528,0,PRA,Business Resilience Specialist,"Sydney, NSW",,,jora,filtered,https://au.jora.com/job/Business-Resilience-Specialist-5da3f112bc773e1cbac3dead5257dbfd
4533,0,PRA,IT Network & Systems Administrator,"Sydney, NSW","$100,000 - $120,000 /yearly",,jora,filtered,https://au.jora.com/job/IT-Network-Systems-3299329f80a27d9cd77249a3449bcdfe
4544,0,Sullivan Nicolaides Pathology,Pathology Specimen Collector,"Home Hill, QLD",$30 - $32 /hourly,,jora,filtered,https://au.jora.com/job/Pathology-Specimen-Collector-0c0950c0ca96f88ab47acc13bb94a43e
4566,0,Marble Group,Accounts Payable Officer,"Sydney Hills District, NSW","$70,000 - $80,000 /yearly",,jora,filtered,https://au.jora.com/job/Accounts-Payable-Officer-929fcb126cded9ab077daa4c6c97518c
4568,0,Criterion Industries,Warehouse Assistant/ Customer Service,"Leichhardt, NSW",$35 /hourly,,jora,filtered,https://au.jora.com/job/Warehouse-Assistant-Customer-a144a9ccc449fa1a53a1ff2e79178e05
4572,0,Western Plains Pork,Accounts Payable & Receivable Officer,"Mount Mercer, VIC",,,jora,filtered,https://au.jora.com/job/Accounts-Payable-Receivable-6192bc3f9511ec97e71920c2b0aa4680
4592,0,Ashmore Palms Holiday Village,Personal Assistant to Director,"Ashmore, QLD",,,jora,filtered,https://au.jora.com/job/Personal-Assistant-to-d58b69d34cc168ca5b5100b011674f94
4665,0,People Infrastructure,BDM Sydney,"Sydney, NSW",,,jora,filtered,https://au.jora.com/job/BDM-Sydney-da1023b7d81fc25f440689305deadad7
4690,0,WA Country Health Service - WACHS - Goldfields,Medical Education Support Officer,"Kalgoorlie, WA, (Remote)","$80,812 - $87,549 /yearly",,jora,filtered,https://au.jora.com/job/Education-Support-Officer-e92d68c9eb85cf513789c8d551eae47b
4734,0,Domain Group,Office Manager,"Melbourne, VIC",,,jora,filtered,https://au.jora.com/job/Office-Manager-179ad3a7e41f8d0175f58770dc8775aa
4882,0,Metro South Health Service,Director Support Officer - Medical,"Brisbane, QLD",$41 - $45 /hourly,,jora,filtered,https://au.jora.com/job/Support-Officer-cdcda622ef151e08e3abd00abdfb13e6
4900,0,Lovehoney Group,Permanent Full-time Warehouse Operative,"Eagle Farm, QLD",$27 /hourly,,jora,filtered,https://au.jora.com/job/Permanent-Full-time-bc787aa13666c07ebde7710cf31f6219
4918,0,Datacord,Service Coordinator / Admin Support,"Kilburn, SA",,,jora,filtered,https://au.jora.com/job/Service-Coordinator-0aa4b098813fe5f087a3d0f999c47d88
4943,0,Cox Purtell,"General Manager, Business Performance & Operations","Sydney CBD, NSW","$180,000 - $200,000 /yearly",,jora,filtered,https://au.jora.com/job/General-Manager-36477b3f48529acff3cac66591ddf221
4945,0,Amazon,Commercial Finance Manager,"Sydney, NSW",,,jora,filtered,https://au.jora.com/job/Commercial-Finance-Manager-64219a85678cf3ae992674053bdde5fc
4946,0,Secure Parking,"Customer Service Officer - Valet Driver ""Brisbane Airport""","Brisbane, QLD",$32 - $54 /hourly,,jora,filtered,https://au.jora.com/job/Valet-Driver-616edcedf701edfd111ac463a7b8f0bc
4951,0,Turnaround Staffing,Operations Area Manager  - Work for a Major Online Retailer!,"Jandakot, WA",,,jora,filtered,https://au.jora.com/job/Operations-Area-Manager-9a04213164b2ec16c8521bde7a4abbf2
4978,0,Sullivan Nicolaides Pathology,Microbiology Laboratory Assistant - Evening Shifts,"Bowen Hills, QLD",,,jora,filtered,https://au.jora.com/job/Laboratory-Assistant-31111a2d10931436c41c0f23d47766b5
4981,0,CatholicCare NT,Receptionist Visitor Accommodation,"Berrimah, NT, (Remote)","$72,293 /yearly",,jora,filtered,https://au.jora.com/job/Receptionist-8919789c8327cf7567095b84daed692a
4993,0,The GPT Group,"Head of Enablement and Operations, Finance","Sydney, NSW",,,jora,filtered,https://au.jora.com/job/Head-of-Enablement-4b77e8385313c80d536536e289bd21d5
4996,0,Undercover Customer,Mystery Shoppers Required - Dapto,"Dapto, NSW",$35 - $50 /hourly,,jora,filtered,https://au.jora.com/job/Mystery-Shopper-48a2a244443e209c553dd86a5114cb8d
5001,0,Phibion Pty Ltd,Human Resources Coordinator / Office Administrator,"Lytton, QLD","$56,000 /yearly",,jora,filtered,https://au.jora.com/job/Human-Resources-Coordinator-c7e76c1ed2a181df773e90dbc568302b
5004,0,SciQual International Pty Ltd,Administration Assistant - Full Time (Hybrid Role),"Caboolture, QLD, (Remote)",,,jora,filtered,https://au.jora.com/job/Administration-Assistant-Full-7cb2b97f7e57cf85f1a77b802f7bb4c0
5034,0,Kerry Group,Account Manager - Foodservice,"Sydney, NSW",,,jora,filtered,https://au.jora.com/job/Account-Manager-b29b1be1f7bccdda8f6b41b681f5e1e3
5038,0,Complete Recruitment Solutions,Customer Service,"Blacktown, NSW","$70,000 /yearly",,jora,filtered,https://au.jora.com/job/Customer-Service-3f55a558fcb542f4e9bbb9401793e02a
5152,0,Urban Rest,Director of Marketing,"Sydney CBD, NSW, (Remote)","$120,000 - $150,000 /yearly",,jora,filtered,https://au.jora.com/job/Director-of-Marketing-f0f2e7c40b4680b5d8474ae57d96e100
5155,0,Total Pool & Spa Service,Operations Manager,"Hume, ACT",,,jora,filtered,https://au.jora.com/job/Operations-Manager-db4a63083fcc96a28c04b9a416add882
5195,0,Heidi Health,Head of Customer Education,"Sydney, NSW",,,jora,filtered,https://au.jora.com/job/Head-of-Customer-b14fad690ceb99e07ecd421bb7d14b02
5225,0,Heidi Health,Head of Enterprise Customer Success,"Sydney, NSW",,,jora,filtered,https://au.jora.com/job/Head-of-Enterprise-4a42d1b44518d3f5f3cab1747aaed1a2
5287,0,ConsultANZ,Contracts Administrator x 3,"Sydney, NSW","$70,000 - $100,000 /yearly",,jora,filtered,https://au.jora.com/job/Contracts-Administrator-6ef83b0543001ed4443463fe79bed944
5294,0,Talent International,Treasury Analyst,"Sydney, NSW, (Remote)",,,jora,filtered,https://au.jora.com/job/Treasury-Analyst-2bcf0ca41b0ea7818bd4505ed70ccd20
5297,0,Farrell Transport Group,Senior Accounts Receivable Officer,"Pimpama, QLD","$85,000 - $100,000 /yearly",,jora,filtered,https://au.jora.com/job/Accounts-Receivable-Officer-bf1962c6bfa3e1779fa919f9ab6c39ed
5299,0,Core Talent,Senior Contract Administrator,"Sydney CBD, NSW, (Remote)","$200,000 - $240,000 /yearly",,jora,filtered,https://au.jora.com/job/Senior-Contract-Administrator-93c77fb6e64f0a8be9340caf64271ce3
5334,0,Qube Recruitment Pty Ltd,Senior Data Analyst,"Sydney, NSW",,,jora,filtered,https://au.jora.com/job/Data-Analyst-7fb081b5318f40cbc25d5717fad33ba8
5367,0,Courtley Roy Management Pty Ltd,Investment Deal Manager,"Sydney CBD, NSW",,,jora,filtered,https://au.jora.com/job/Manager-c68823d001137184e1a2cd33cad6dff5
5371,0,NAB,Associate Director Franchising,"Sydney CBD, NSW",,,jora,filtered,https://au.jora.com/job/Associate-Director-0017a387d1acb50e83cf05ccf231177e
5372,0,Godfrey Remuneration Group,Remuneration Data Analyst,"North Sydney, NSW","$70,000 /yearly",,jora,filtered,https://au.jora.com/job/Data-Analyst-bb9fd78a2a2dffd28e488ab46126a3cd
5374,0,FANCY FREE PTY LTD,ASSISTANT VENUE MANAGER / GROUP OPERATIONS AUDITOR,"Melbourne, VIC","$85,000 /yearly",,jora,filtered,https://au.jora.com/job/Assistant-Venue-Manager-4e98f7e3e5a8cd671700517f50c99149
